10.6276 	EXP 	FIXED_WINDOW_MS=550 N_RUNS=2 N_TRIALS_PER_RUN=100
10.6281 	WARNING 	Monitor specification not found. Creating a temporary one...
10.7872 	WARNING 	User requested fullscreen with size [1280  800], but screen is actually [1470, 956]. Using actual size
13.1479 	EXP 	Created window1 = Window(allowGUI=False, allowStencil=False, autoLog=True, backendConf=UNKNOWN, backgroundFit=<method-wrapper '__getattribute__' of attributeSetter object at 0x1695c74f0>, backgroundImage=<method-wrapper '__getattribute__' of attributeSetter object at 0x1695c7550>, bitsMode=UNKNOWN, blendMode='avg', bpc=(8, 8, 8), color=array([-0.5, -0.5, -0.5]), colorSpace='rgb', depthBits=8, fullscr=True, gamma=None, gammaErrorPolicy='raise', infoMsg=UNKNOWN, lms=UNKNOWN, monitor=<psychopy.monitors.calibTools.Monitor object at 0x1697702e0>, multiSample=False, name='window1', numSamples=2, pos=[np.float64(0.0), np.float64(0.0)], screen=0, size=array([2940, 1912]), stencilBits=0, stereo=False, title='PsychoPy', units='height', useFBO=False, useRetina=True, viewOri=0.0, viewPos=None, viewScale=None, waitBlanking=True, winType='pyglet')
13.1479 	EXP 	window1: backgroundImage = None
13.1479 	EXP 	window1: backgroundFit = 'cover'
13.1559 	EXP 	Created unnamed Rect = Rect(__class__=<class 'psychopy.visual.rect.Rect'>, anchor=('center', 'center'), autoDraw=False, autoLog=True, closeShape=True, color=method-wrapper(...), colorSpace='rgb', contrast=None, depth=0, draggable=False, fillColor=array([0.85, 0.85, 0.85]), fillColorSpace='rgb', fillRGB=array([0.85, 0.85, 0.85]), interpolate=True, lineColor=array([0.4, 0.4, 0.4]), lineColorSpace='rgb', lineRGB=array([0.4, 0.4, 0.4]), lineWidth=2, name='unnamed Rect', opacity=1, ori=0.0, pos=array([-0.42,  0.  ]), size=array([0.34, 0.42]), units='height', vertices=ndarray(...), win=Window(...))
13.1563 	EXP 	Created unnamed Rect = Rect(__class__=<class 'psychopy.visual.rect.Rect'>, anchor=('center', 'center'), autoDraw=False, autoLog=True, closeShape=True, color=method-wrapper(...), colorSpace='rgb', contrast=None, depth=0, draggable=False, fillColor=array([0.85, 0.85, 0.85]), fillColorSpace='rgb', fillRGB=array([0.85, 0.85, 0.85]), interpolate=True, lineColor=array([0.4, 0.4, 0.4]), lineColorSpace='rgb', lineRGB=array([0.4, 0.4, 0.4]), lineWidth=2, name='unnamed Rect', opacity=1, ori=0.0, pos=array([0., 0.]), size=array([0.34, 0.42]), units='height', vertices=ndarray(...), win=Window(...))
13.1567 	EXP 	Created unnamed Rect = Rect(__class__=<class 'psychopy.visual.rect.Rect'>, anchor=('center', 'center'), autoDraw=False, autoLog=True, closeShape=True, color=method-wrapper(...), colorSpace='rgb', contrast=None, depth=0, draggable=False, fillColor=array([0.85, 0.85, 0.85]), fillColorSpace='rgb', fillRGB=array([0.85, 0.85, 0.85]), interpolate=True, lineColor=array([0.4, 0.4, 0.4]), lineColorSpace='rgb', lineRGB=array([0.4, 0.4, 0.4]), lineWidth=2, name='unnamed Rect', opacity=1, ori=0.0, pos=array([0.42, 0.  ]), size=array([0.34, 0.42]), units='height', vertices=ndarray(...), win=Window(...))
13.1888 	EXP 	Created unnamed ImageStim = ImageStim(__class__=<class 'psychopy.visual.image.ImageStim'>, anchor=('center', 'center'), autoLog=True, color=array([1., 1., 1.]), colorSpace='rgb', contrast=1.0, depth=0, draggable=False, flipHoriz=np.False_, flipVert=np.False_, image=str(...), interpolate=False, mask=None, maskParams=None, name='unnamed ImageStim', opacity=1, ori=0.0, pos=array([0., 0.]), size=array([0.24, 0.24]), texRes=128, units='height', win=Window(...))
13.1911 	EXP 	Created unnamed ImageStim = ImageStim(__class__=<class 'psychopy.visual.image.ImageStim'>, anchor=('center', 'center'), autoLog=True, color=array([1., 1., 1.]), colorSpace='rgb', contrast=1.0, depth=0, draggable=False, flipHoriz=np.False_, flipVert=np.False_, image=str(...), interpolate=False, mask=None, maskParams=None, name='unnamed ImageStim', opacity=1, ori=0.0, pos=array([0., 0.]), size=array([0.24, 0.24]), texRes=128, units='height', win=Window(...))
13.1931 	EXP 	Created unnamed ImageStim = ImageStim(__class__=<class 'psychopy.visual.image.ImageStim'>, anchor=('center', 'center'), autoLog=True, color=array([1., 1., 1.]), colorSpace='rgb', contrast=1.0, depth=0, draggable=False, flipHoriz=np.False_, flipVert=np.False_, image=str(...), interpolate=False, mask=None, maskParams=None, name='unnamed ImageStim', opacity=1, ori=0.0, pos=array([0., 0.]), size=array([0.24, 0.24]), texRes=128, units='height', win=Window(...))
13.1986 	EXP 	Created unnamed Polygon = Polygon(__class__=<class 'psychopy.visual.polygon.Polygon'>, anchor=('center', 'center'), autoDraw=False, autoLog=True, closeShape=True, color=method-wrapper(...), colorSpace='rgb', contrast=None, depth=0, draggable=False, fillColor=array([-0.7, -0.7, -0.7]), fillColorSpace='rgb', fillRGB=array([-0.7, -0.7, -0.7]), interpolate=True, lineColor=array([0., 0., 0.]), lineColorSpace='rgb', lineRGB=array([0, 0, 0]), lineWidth=1.5, name='unnamed Polygon', opacity=1, ori=0.0, pos=array([0., 0.]), size=array([1., 1.]), units='height', vertices=ndarray(...), win=Window(...), windingRule=None)
13.1997 	EXP 	Created unnamed Polygon = Polygon(__class__=<class 'psychopy.visual.polygon.Polygon'>, anchor=('center', 'center'), autoDraw=False, autoLog=True, closeShape=True, color=method-wrapper(...), colorSpace='rgb', contrast=None, depth=0, draggable=False, fillColor=array([-0.7, -0.7, -0.7]), fillColorSpace='rgb', fillRGB=array([-0.7, -0.7, -0.7]), interpolate=True, lineColor=array([0., 0., 0.]), lineColorSpace='rgb', lineRGB=array([0, 0, 0]), lineWidth=1.5, name='unnamed Polygon', opacity=1, ori=0.0, pos=array([0., 0.]), size=array([1., 1.]), units='height', vertices=ndarray(...), win=Window(...), windingRule=None)
13.2009 	EXP 	Created unnamed Polygon = Polygon(__class__=<class 'psychopy.visual.polygon.Polygon'>, anchor=('center', 'center'), autoDraw=False, autoLog=True, closeShape=True, color=method-wrapper(...), colorSpace='rgb', contrast=None, depth=0, draggable=False, fillColor=array([-0.7, -0.7, -0.7]), fillColorSpace='rgb', fillRGB=array([-0.7, -0.7, -0.7]), interpolate=True, lineColor=array([0., 0., 0.]), lineColorSpace='rgb', lineRGB=array([0, 0, 0]), lineWidth=1.5, name='unnamed Polygon', opacity=1, ori=0.0, pos=array([0., 0.]), size=array([1., 1.]), units='height', vertices=ndarray(...), win=Window(...), windingRule=None)
13.2016 	EXP 	Created unnamed ShapeStim = ShapeStim(__class__=<class 'psychopy.visual.shape.ShapeStim'>, anchor=('center', 'center'), autoDraw=False, autoLog=True, closeShape=True, color=method-wrapper(...), colorSpace='rgb', contrast=None, depth=0, draggable=False, fillColor=array([1, 1, 1]), fillColorSpace='rgb', fillRGB=array([1, 1, 1]), interpolate=True, lineColor=array([1., 1., 1.]), lineColorSpace='rgb', lineRGB=array([1, 1, 1]), lineWidth=1.5, name='unnamed ShapeStim', opacity=1.0, ori=180.0, pos=array([-0.42, -0.3 ]), size=array([1., 1.]), units='height', vertices=ndarray(...), win=Window(...), windingRule=None)
13.2024 	EXP 	Created unnamed ShapeStim = ShapeStim(__class__=<class 'psychopy.visual.shape.ShapeStim'>, anchor=('center', 'center'), autoDraw=False, autoLog=True, closeShape=True, color=method-wrapper(...), colorSpace='rgb', contrast=None, depth=0, draggable=False, fillColor=array([1, 1, 1]), fillColorSpace='rgb', fillRGB=array([1, 1, 1]), interpolate=True, lineColor=array([1., 1., 1.]), lineColorSpace='rgb', lineRGB=array([1, 1, 1]), lineWidth=1.5, name='unnamed ShapeStim', opacity=1.0, ori=90.0, pos=array([ 0. , -0.3]), size=array([1., 1.]), units='height', vertices=ndarray(...), win=Window(...), windingRule=None)
13.2030 	EXP 	Created unnamed ShapeStim = ShapeStim(__class__=<class 'psychopy.visual.shape.ShapeStim'>, anchor=('center', 'center'), autoDraw=False, autoLog=True, closeShape=True, color=method-wrapper(...), colorSpace='rgb', contrast=None, depth=0, draggable=False, fillColor=array([1, 1, 1]), fillColorSpace='rgb', fillRGB=array([1, 1, 1]), interpolate=True, lineColor=array([1., 1., 1.]), lineColorSpace='rgb', lineRGB=array([1, 1, 1]), lineWidth=1.5, name='unnamed ShapeStim', opacity=1.0, ori=0.0, pos=array([ 0.42, -0.3 ]), size=array([1., 1.]), units='height', vertices=ndarray(...), win=Window(...), windingRule=None)
13.2087 	EXP 	Created unnamed TextStim = TextStim(__class__=<class 'psychopy.visual.text.TextStim'>, alignHoriz=method-wrapper(...), alignText='center', alignVert=method-wrapper(...), anchorHoriz='right', anchorVert='center', antialias=True, autoDraw=False, autoLog=True, bold=False, color=array([1., 1., 1.]), colorSpace='rgb', contrast=1.0, depth=0, draggable=False, flipHoriz=False, flipVert=False, font='', fontFiles=[], height=0.035, italic=False, languageStyle='LTR', name='unnamed TextStim', opacity=1.0, ori=0.0, pos=array([0.72882845, 0.45      ]), rgb=UNKNOWN, text='', units='height', win=Window(...), wrapWidth=1)
13.2091 	EXP 	Created unnamed TextStim = TextStim(__class__=<class 'psychopy.visual.text.TextStim'>, alignHoriz=method-wrapper(...), alignText='center', alignVert=method-wrapper(...), anchorHoriz='right', anchorVert='center', antialias=True, autoDraw=False, autoLog=True, bold=False, color=array([1., 1., 1.]), colorSpace='rgb', contrast=1.0, depth=0, draggable=False, flipHoriz=False, flipVert=False, font='', fontFiles=[], height=0.035, italic=False, languageStyle='LTR', name='unnamed TextStim', opacity=1.0, ori=0.0, pos=array([0.72882845, 0.45      ]), rgb=UNKNOWN, text='', units='height', win=Window(...), wrapWidth=1)
13.2096 	EXP 	Created unnamed Rect = Rect(__class__=<class 'psychopy.visual.rect.Rect'>, anchor=('center', 'center'), autoDraw=False, autoLog=True, closeShape=True, color=method-wrapper(...), colorSpace='rgb', contrast=None, depth=0, draggable=False, fillColor=array([0.2, 0.2, 0.2]), fillColorSpace='rgb', fillRGB=array([0.2, 0.2, 0.2]), interpolate=True, lineColor=array([0., 0., 0.]), lineColorSpace='rgb', lineRGB=array([0, 0, 0]), lineWidth=1.5, name='unnamed Rect', opacity=1, ori=0.0, pos=array([0.  , 0.49]), size=array([1.5376569, 0.012    ]), units='height', vertices=ndarray(...), win=Window(...))
13.2101 	EXP 	Created unnamed Rect = Rect(__class__=<class 'psychopy.visual.rect.Rect'>, anchor=('left', 'center'), autoDraw=False, autoLog=True, closeShape=True, color=method-wrapper(...), colorSpace='rgb', contrast=None, depth=0, draggable=False, fillColor=array([0.1, 0.6, 0.4]), fillColorSpace='rgb', fillRGB=array([0.1, 0.6, 0.4]), interpolate=True, lineColor=array([0., 0., 0.]), lineColorSpace='rgb', lineRGB=array([0, 0, 0]), lineWidth=1.5, name='unnamed Rect', opacity=1, ori=0.0, pos=array([0.  , 0.49]), size=array([0.0001, 0.012 ]), units='height', vertices=ndarray(...), win=Window(...))
13.2105 	EXP 	Created unnamed TextStim = TextStim(__class__=<class 'psychopy.visual.text.TextStim'>, alignHoriz=method-wrapper(...), alignText='center', alignVert=method-wrapper(...), anchorHoriz='center', anchorVert='center', antialias=True, autoDraw=False, autoLog=True, bold=False, color=array([1., 1., 1.]), colorSpace='rgb', contrast=1.0, depth=0, draggable=False, flipHoriz=False, flipVert=False, font='', fontFiles=[], height=0.045, italic=False, languageStyle='LTR', name='unnamed TextStim', opacity=1.0, ori=0.0, pos=array([ 0.  , -0.36]), rgb=UNKNOWN, text='', units='height', win=Window(...), wrapWidth=1)
13.2118 	EXP 	Created unnamed TextStim = TextStim(__class__=<class 'psychopy.visual.text.TextStim'>, alignHoriz=method-wrapper(...), alignText='center', alignVert=method-wrapper(...), anchorHoriz='center', anchorVert='center', antialias=True, autoDraw=False, autoLog=True, bold=True, color=array([1., 1., 1.]), colorSpace='rgb', contrast=1.0, depth=0, draggable=False, flipHoriz=False, flipVert=False, font='Arial', fontFiles=[], height=0.1, italic=False, languageStyle='LTR', name='unnamed TextStim', opacity=1.0, ori=0.0, pos=array([0., 0.]), rgb=UNKNOWN, text='', units='height', win=Window(...), wrapWidth=1)
13.2124 	EXP 	Created unnamed ImageStim = ImageStim(__class__=<class 'psychopy.visual.image.ImageStim'>, anchor=('center', 'center'), autoLog=True, color=array([1., 1., 1.]), colorSpace='rgb', contrast=1.0, depth=0, draggable=False, flipHoriz=np.False_, flipVert=np.False_, image=None, interpolate=False, mask=None, maskParams=None, name='unnamed ImageStim', opacity=1, ori=0.0, pos=array([0., 0.]), size=array([1., 1.]), texRes=128, units='height', win=Window(...))
13.2127 	EXP 	Created unnamed TextStim = TextStim(__class__=<class 'psychopy.visual.text.TextStim'>, alignHoriz=method-wrapper(...), alignText='center', alignVert=method-wrapper(...), anchorHoriz='center', anchorVert='center', antialias=True, autoDraw=False, autoLog=True, bold=True, color=array([1.  , 0.85, 0.2 ]), colorSpace='rgb', contrast=1.0, depth=0, draggable=False, flipHoriz=False, flipVert=False, font='Arial', fontFiles=[], height=0.05, italic=False, languageStyle='LTR', name='unnamed TextStim', opacity=1.0, ori=0.0, pos=array([ 0. , -0.4]), rgb=UNKNOWN, text='', units='height', win=Window(...), wrapWidth=1)
13.2404 	EXP 	Created unnamed TextStim = TextStim(__class__=<class 'psychopy.visual.text.TextStim'>, alignHoriz=method-wrapper(...), alignText='center', alignVert=method-wrapper(...), anchorHoriz='center', anchorVert='center', antialias=True, autoDraw=False, autoLog=True, bold=False, color=array([1., 1., 1.]), colorSpace='rgb', contrast=1.0, depth=0, draggable=False, flipHoriz=False, flipVert=False, font='', fontFiles=[], height=np.float64(0.08), italic=False, languageStyle='LTR', name='unnamed TextStim', opacity=1.0, ori=0.0, pos=array([0., 0.]), rgb=UNKNOWN, text='+', units='height', win=Window(...), wrapWidth=1)
13.2409 	EXP 	Created unnamed Rect = Rect(__class__=<class 'psychopy.visual.rect.Rect'>, anchor=('center', 'center'), autoDraw=False, autoLog=True, closeShape=True, color=method-wrapper(...), colorSpace='rgb', contrast=None, depth=0, draggable=False, fillColor=array([0, 0, 0]), fillColorSpace='rgb', fillRGB=array([0, 0, 0]), interpolate=True, lineColor=array([1., 1., 1.]), lineColorSpace='rgb', lineRGB=array([1, 1, 1]), lineWidth=15, name='unnamed Rect', opacity=1, ori=0.0, pos=array([0., 0.]), size=array([0.3, 0.3]), units='height', vertices=ndarray(...), win=Window(...))
13.2413 	EXP 	Created unnamed TextStim = TextStim(__class__=<class 'psychopy.visual.text.TextStim'>, alignHoriz=method-wrapper(...), alignText='center', alignVert=method-wrapper(...), anchorHoriz='center', anchorVert='center', antialias=True, autoDraw=False, autoLog=True, bold=True, color=array([1., 1., 1.]), colorSpace='rgb', contrast=1.0, depth=0, draggable=False, flipHoriz=False, flipVert=False, font='', fontFiles=[], height=0.07, italic=False, languageStyle='LTR', name='unnamed TextStim', opacity=1.0, ori=0.0, pos=array([0.  , 0.05]), rgb=UNKNOWN, text='', units='height', win=Window(...), wrapWidth=1)
13.2417 	EXP 	Created unnamed TextStim = TextStim(__class__=<class 'psychopy.visual.text.TextStim'>, alignHoriz=method-wrapper(...), alignText='center', alignVert=method-wrapper(...), anchorHoriz='center', anchorVert='center', antialias=True, autoDraw=False, autoLog=True, bold=False, color=array([1., 1., 1.]), colorSpace='rgb', contrast=1.0, depth=0, draggable=False, flipHoriz=False, flipVert=False, font='', fontFiles=[], height=0.04, italic=False, languageStyle='LTR', name='unnamed TextStim', opacity=1.0, ori=0.0, pos=array([ 0.  , -0.08]), rgb=UNKNOWN, text='', units='height', win=Window(...), wrapWidth=1)
14.2993 	EXP 	Created unnamed ImageStim = ImageStim(__class__=<class 'psychopy.visual.image.ImageStim'>, anchor=('center', 'center'), autoLog=True, color=array([1., 1., 1.]), colorSpace='rgb', contrast=1.0, depth=0, draggable=False, flipHoriz=np.False_, flipVert=np.False_, image=None, interpolate=False, mask=None, maskParams=None, name='unnamed ImageStim', opacity=1, ori=0.0, pos=array([-0.46129707,  0.28      ]), size=array([1., 1.]), texRes=128, units='height', win=Window(...))
14.2999 	EXP 	Created unnamed ImageStim = ImageStim(__class__=<class 'psychopy.visual.image.ImageStim'>, anchor=('center', 'center'), autoLog=True, color=array([1., 1., 1.]), colorSpace='rgb', contrast=1.0, depth=0, draggable=False, flipHoriz=np.False_, flipVert=np.False_, image=None, interpolate=False, mask=None, maskParams=None, name='unnamed ImageStim', opacity=1, ori=0.0, pos=array([0.46129707, 0.28      ]), size=array([1., 1.]), texRes=128, units='height', win=Window(...))
14.3004 	EXP 	Created unnamed ImageStim = ImageStim(__class__=<class 'psychopy.visual.image.ImageStim'>, anchor=('center', 'center'), autoLog=True, color=array([1., 1., 1.]), colorSpace='rgb', contrast=1.0, depth=0, draggable=False, flipHoriz=np.False_, flipVert=np.False_, image=None, interpolate=False, mask=None, maskParams=None, name='unnamed ImageStim', opacity=1, ori=0.0, pos=array([-0.46129707, -0.28      ]), size=array([1., 1.]), texRes=128, units='height', win=Window(...))
14.3009 	EXP 	Created unnamed ImageStim = ImageStim(__class__=<class 'psychopy.visual.image.ImageStim'>, anchor=('center', 'center'), autoLog=True, color=array([1., 1., 1.]), colorSpace='rgb', contrast=1.0, depth=0, draggable=False, flipHoriz=np.False_, flipVert=np.False_, image=None, interpolate=False, mask=None, maskParams=None, name='unnamed ImageStim', opacity=1, ori=0.0, pos=array([ 0.46129707, -0.28      ]), size=array([1., 1.]), texRes=128, units='height', win=Window(...))
14.3431 	EXP 	PRACTICE start
14.3470 	EXP 	Created unnamed TextStim = TextStim(__class__=<class 'psychopy.visual.text.TextStim'>, alignHoriz=method-wrapper(...), alignText='center', alignVert=method-wrapper(...), anchorHoriz='center', anchorVert='center', antialias=True, autoDraw=False, autoLog=True, bold=False, color=array([1., 1., 1.]), colorSpace='rgb', contrast=1.0, depth=0, draggable=False, flipHoriz=False, flipVert=False, font='', fontFiles=[], height=np.float64(0.04), italic=False, languageStyle='LTR', name='unnamed TextStim', opacity=1.0, ori=0.0, pos=array([0., 0.]), rgb=UNKNOWN, text='Hello World', units='height', win=Window(...), wrapWidth=1.3)
14.3495 	EXP 	Created unnamed TextStim = TextStim(__class__=<class 'psychopy.visual.text.TextStim'>, alignHoriz=method-wrapper(...), alignText='center', alignVert=method-wrapper(...), anchorHoriz='center', anchorVert='center', antialias=True, autoDraw=False, autoLog=True, bold=False, color=array([0.6, 0.6, 0.6]), colorSpace='rgb', contrast=1.0, depth=0, draggable=False, flipHoriz=False, flipVert=False, font='', fontFiles=[], height=np.float64(0.03), italic=False, languageStyle='LTR', name='unnamed TextStim', opacity=1.0, ori=0.0, pos=array([0.  , 0.45]), rgb=UNKNOWN, text='Practice', units='height', win=Window(...), wrapWidth=1)
14.3812 	EXP 	unnamed TextStim: height = np.float64(0.04)
14.3812 	EXP 	unnamed TextStim: height = np.float64(0.04)
14.3812 	EXP 	unnamed TextStim: height = np.float64(0.04)
14.3812 	EXP 	unnamed TextStim: text = 'In this game you are going to earn points.\nYou can earn points two different ways: a regular round and a bonus round.\n\nPress SPACE for next.'
16.2478 	DATA 	Keypress: space
16.2501 	EXP 	Device response: <KeyPress from None: t=16.23808795795776, value=space, duration=None>
16.3478 	EXP 	Device response: <KeyPress from None: t=16.23808795795776, value=space, duration=0.10830054199323058>
16.3643 	EXP 	unnamed TextStim: height = np.float64(0.04)
16.3643 	EXP 	unnamed TextStim: height = np.float64(0.04)
16.3643 	EXP 	unnamed TextStim: height = np.float64(0.04)
16.3643 	EXP 	unnamed TextStim: text = "You'll see three different shapes on the screen. Select one using the LEFT, DOWN, or RIGHT arrow key. If you select correctly, you'll receive 10 points. If you miss, you'll lose 10 points.\n\nSome symbols win more often than others. None of them win or lose every time. The best one can change during the task, so keep paying attention and use what you learn.\n\nThe goal is to get as many points as possible.\n\nLet's practice 2 times.\n\nPress SPACE for next."
17.1355 	DATA 	Keypress: space
17.1479 	EXP 	Device response: <KeyPress from None: t=17.132050790823996, value=space, duration=None>
17.2811 	EXP 	Device response: <KeyPress from None: t=17.132050790823996, value=space, duration=0.13229870912618935>
17.2976 	EXP 	unnamed Rect: fillColor = [0.85, 0.85, 0.85]
17.2976 	EXP 	unnamed Rect: fillColor = [0.85, 0.85, 0.85]
17.2976 	EXP 	unnamed Rect: fillColor = [0.85, 0.85, 0.85]
17.2976 	EXP 	unnamed TextStim: text = ''
17.2976 	EXP 	unnamed TextStim: foreColor = 'white'
17.2976 	EXP 	unnamed TextStim: height = np.float64(0.045)
17.2976 	EXP 	unnamed TextStim: height = np.float64(0.045)
17.2976 	EXP 	unnamed TextStim: height = np.float64(0.045)
17.2976 	EXP 	unnamed TextStim: text = ''
18.3272 	DATA 	Keypress: right
18.3293 	EXP 	Device response: <KeyPress from None: t=18.274026999948546, value=right, duration=None>
18.4146 	EXP 	Device response: <KeyPress from None: t=18.274026999948546, value=right, duration=0.13229058287106454>
19.4310 	EXP 	unnamed TextStim: height = np.float64(0.1)
19.4310 	EXP 	unnamed TextStim: height = np.float64(0.1)
19.4310 	EXP 	unnamed TextStim: height = np.float64(0.1)
19.4310 	EXP 	unnamed TextStim: text = '-10 Points'
19.4310 	EXP 	unnamed TextStim: foreColor = [0.9, 0.2, 0.2]
19.4310 	EXP 	unnamed ImageStim: ori = -0.25
19.4310 	EXP 	unnamed ImageStim: image = '/Users/burgerks/Documents/GitHub/motivated_bandit/_task/stimuli/loss/lose_pic.png'
21.3975 	EXP 	unnamed Rect: fillColor = [0.85, 0.85, 0.85]
21.3975 	EXP 	unnamed Rect: fillColor = [0.85, 0.85, 0.85]
21.3975 	EXP 	unnamed Rect: fillColor = [0.85, 0.85, 0.85]
21.3975 	EXP 	unnamed TextStim: text = ''
21.3975 	EXP 	unnamed TextStim: foreColor = 'white'
21.7770 	DATA 	Keypress: down
21.7812 	EXP 	Device response: <KeyPress from None: t=21.77293379092589, value=down, duration=None>
21.9311 	EXP 	Device response: <KeyPress from None: t=21.77293379092589, value=down, duration=0.15629629185423255>
23.2310 	EXP 	unnamed TextStim: height = np.float64(0.1)
23.2310 	EXP 	unnamed TextStim: height = np.float64(0.1)
23.2310 	EXP 	unnamed TextStim: height = np.float64(0.1)
23.2310 	EXP 	unnamed TextStim: text = '+10 Points'
23.2310 	EXP 	unnamed TextStim: foreColor = [0.1, 0.8, 0.3]
23.2310 	EXP 	unnamed ImageStim: ori = -4
23.2310 	EXP 	unnamed ImageStim: image = '/Users/burgerks/Documents/GitHub/motivated_bandit/_task/stimuli/win/sweet/sweet_bandit_124.jpg'
23.2310 	EXP 	unnamed ImageStim: ori = -4
23.2310 	EXP 	unnamed ImageStim: image = '/Users/burgerks/Documents/GitHub/motivated_bandit/_task/stimuli/win/sweet/sweet_bandit_098.jpg'
23.2310 	EXP 	unnamed ImageStim: ori = 5
23.2310 	EXP 	unnamed ImageStim: image = '/Users/burgerks/Documents/GitHub/motivated_bandit/_task/stimuli/win/sweet/sweet_bandit_055.jpg'
23.2310 	EXP 	unnamed ImageStim: ori = -5
23.2310 	EXP 	unnamed ImageStim: image = '/Users/burgerks/Documents/GitHub/motivated_bandit/_task/stimuli/win/sweet/sweet_bandit_048.jpg'
25.1975 	EXP 	unnamed TextStim: height = np.float64(0.04)
25.1975 	EXP 	unnamed TextStim: height = np.float64(0.04)
25.1975 	EXP 	unnamed TextStim: height = np.float64(0.04)
25.1975 	EXP 	unnamed TextStim: text = "Great!\n\nEvery so often a short Bonus round will happen. You will see a picture with the points on offer (the same amount for every picture), then a cross, and then a white square.\n\nThe moment the square appears, press ANY KEY as fast as you can. The faster you are, the more of these bonus points you keep.\n\nYou will not see these points during the game; they are added up and shown at the very end. Wait for the square; pressing too early does not count.\n\nLet's practice a couple of times.\n\nPress SPACE for next."
26.4813 	EXP 	Device response: <KeyPress from None: t=26.47780912485905, value=space, duration=None>
26.4855 	DATA 	Keypress: space
26.6145 	EXP 	Device response: <KeyPress from None: t=26.47780912485905, value=space, duration=0.12881112494505942>
26.6309 	EXP 	unnamed TextStim: height = np.float64(0.04)
26.6309 	EXP 	unnamed TextStim: height = np.float64(0.04)
26.6309 	EXP 	unnamed TextStim: height = np.float64(0.04)
26.6309 	EXP 	unnamed TextStim: text = 'First, here is what happens if you press too early.\n\nJust watch; do not press any key during the example.\n\nPress SPACE to see it.'
27.1936 	DATA 	Keypress: space
27.1979 	EXP 	Device response: <KeyPress from None: t=27.19078224990517, value=space, duration=None>
27.3311 	EXP 	Device response: <KeyPress from None: t=27.19078224990517, value=space, duration=0.13233191589824855>
27.3475 	EXP 	unnamed TextStim: height = np.float64(0.07)
27.3475 	EXP 	unnamed TextStim: height = np.float64(0.07)
27.3475 	EXP 	unnamed TextStim: height = np.float64(0.07)
27.3475 	EXP 	unnamed TextStim: text = 'Bonus round!'
27.3475 	EXP 	unnamed TextStim: foreColor = 'white'
28.4809 	EXP 	unnamed TextStim: height = np.float64(0.05)
28.4809 	EXP 	unnamed TextStim: height = np.float64(0.05)
28.4809 	EXP 	unnamed TextStim: height = np.float64(0.05)
28.4809 	EXP 	unnamed TextStim: text = '+15 if fast'
28.4809 	EXP 	unnamed ImageStim: image = '/Users/burgerks/Documents/GitHub/motivated_bandit/_task/stimuli/win/sweet/sweet_bandit_015.jpg'
30.0142 	EXP 	unnamed TextStim: height = np.float64(0.07)
30.0142 	EXP 	unnamed TextStim: height = np.float64(0.07)
30.0142 	EXP 	unnamed TextStim: height = np.float64(0.07)
30.0142 	EXP 	unnamed TextStim: text = 'Too soon!'
30.0142 	EXP 	unnamed TextStim: foreColor = [0.95, 0.6, 0.1]
30.0142 	EXP 	unnamed TextStim: height = np.float64(0.04)
30.0142 	EXP 	unnamed TextStim: height = np.float64(0.04)
30.0142 	EXP 	unnamed TextStim: height = np.float64(0.04)
30.0142 	EXP 	unnamed TextStim: text = 'Wait for the square.'
33.0808 	EXP 	unnamed TextStim: height = np.float64(0.04)
33.0808 	EXP 	unnamed TextStim: height = np.float64(0.04)
33.0808 	EXP 	unnamed TextStim: height = np.float64(0.04)
33.0808 	EXP 	unnamed TextStim: text = "Ok, that's what it looks like when you press too soon.\n\nRemember, wait for the square.\n\nNow let's have you practice.\n\nPress SPACE to continue."
34.0470 	DATA 	Keypress: space
34.0486 	EXP 	Device response: <KeyPress from None: t=34.04391187499277, value=space, duration=None>
34.1478 	EXP 	Device response: <KeyPress from None: t=34.04391187499277, value=space, duration=0.09485374996438622>
34.1642 	EXP 	unnamed TextStim: height = np.float64(0.07)
34.1642 	EXP 	unnamed TextStim: height = np.float64(0.07)
34.1642 	EXP 	unnamed TextStim: height = np.float64(0.07)
34.1642 	EXP 	unnamed TextStim: text = 'Bonus round!'
34.1642 	EXP 	unnamed TextStim: foreColor = 'white'
35.2642 	EXP 	unnamed TextStim: text = '+15 if fast'
35.2642 	EXP 	unnamed ImageStim: image = '/Users/burgerks/Documents/GitHub/motivated_bandit/_task/stimuli/neutral/bandit_006.jpg'
35.9592 	DATA 	Keypress: down
35.9645 	EXP 	Device response: <KeyPress from None: t=35.95585420797579, value=down, duration=None>
36.0810 	EXP 	Device response: <KeyPress from None: t=35.95585420797579, value=down, duration=0.11630304181016982>
36.0974 	EXP 	unnamed TextStim: height = np.float64(0.07)
36.0974 	EXP 	unnamed TextStim: height = np.float64(0.07)
36.0974 	EXP 	unnamed TextStim: height = np.float64(0.07)
36.0974 	EXP 	unnamed TextStim: text = 'Too soon!'
36.0974 	EXP 	unnamed TextStim: foreColor = [0.95, 0.6, 0.1]
36.0974 	EXP 	unnamed TextStim: text = 'Wait for the square.'
39.1475 	EXP 	unnamed TextStim: height = np.float64(0.07)
39.1475 	EXP 	unnamed TextStim: height = np.float64(0.07)
39.1475 	EXP 	unnamed TextStim: height = np.float64(0.07)
39.1475 	EXP 	unnamed TextStim: text = 'Bonus round!'
39.1475 	EXP 	unnamed TextStim: foreColor = 'white'
40.2474 	EXP 	unnamed TextStim: text = '+15 if fast'
40.2474 	EXP 	unnamed ImageStim: image = '/Users/burgerks/Documents/GitHub/motivated_bandit/_task/stimuli/neutral/bandit_020.jpg'
43.7736 	DATA 	Keypress: down
43.7811 	EXP 	Device response: <KeyPress from None: t=43.77067670784891, value=down, duration=None>
43.8975 	EXP 	Device response: <KeyPress from None: t=43.77067670784891, value=down, duration=0.12630166695453227>
43.9141 	EXP 	unnamed TextStim: height = np.float64(0.07)
43.9141 	EXP 	unnamed TextStim: height = np.float64(0.07)
43.9141 	EXP 	unnamed TextStim: height = np.float64(0.07)
43.9141 	EXP 	unnamed TextStim: text = 'Good, you pressed in time.'
43.9141 	EXP 	unnamed TextStim: foreColor = [0.1, 0.8, 0.3]
43.9141 	EXP 	unnamed TextStim: height = np.float64(0.04)
43.9141 	EXP 	unnamed TextStim: height = np.float64(0.04)
43.9141 	EXP 	unnamed TextStim: height = np.float64(0.04)
43.9141 	EXP 	unnamed TextStim: text = ''
45.4474 	EXP 	unnamed TextStim: height = np.float64(0.07)
45.4474 	EXP 	unnamed TextStim: height = np.float64(0.07)
45.4474 	EXP 	unnamed TextStim: height = np.float64(0.07)
45.4474 	EXP 	unnamed TextStim: text = 'Bonus round!'
45.4474 	EXP 	unnamed TextStim: foreColor = 'white'
46.5473 	EXP 	unnamed TextStim: text = '+15 if fast'
46.5473 	EXP 	unnamed ImageStim: image = '/Users/burgerks/Documents/GitHub/motivated_bandit/_task/stimuli/win/sweet/sweet_bandit_041.jpg'
50.7524 	DATA 	Keypress: down
50.7644 	EXP 	Device response: <KeyPress from None: t=50.748845082940534, value=down, duration=None>
50.8810 	EXP 	Device response: <KeyPress from None: t=50.748845082940534, value=down, duration=0.11830395786091685>
50.8974 	EXP 	unnamed TextStim: height = np.float64(0.07)
50.8974 	EXP 	unnamed TextStim: height = np.float64(0.07)
50.8974 	EXP 	unnamed TextStim: height = np.float64(0.07)
50.8974 	EXP 	unnamed TextStim: text = 'Good, you pressed in time.'
50.8974 	EXP 	unnamed TextStim: foreColor = [0.1, 0.8, 0.3]
50.8974 	EXP 	unnamed TextStim: text = ''
52.4141 	EXP 	unnamed TextStim: height = np.float64(0.04)
52.4141 	EXP 	unnamed TextStim: height = np.float64(0.04)
52.4141 	EXP 	unnamed TextStim: height = np.float64(0.04)
52.4141 	EXP 	unnamed TextStim: text = 'Nice work!\n\nDo you understand the task, or would you like to do more practice rounds?\n\nPress RETURN to practice again        Press SPACE to begin the task\n\nThe whole task takes about 15-20 minutes.'
53.9927 	DATA 	Keypress: space
53.9976 	EXP 	Device response: <KeyPress from None: t=53.98976466595195, value=space, duration=None>
54.0976 	EXP 	Device response: <KeyPress from None: t=53.98976466595195, value=space, duration=0.10430212505161762>
54.0977 	EXP 	PRACTICE end
54.0977 	EXP 	VAS start
54.1115 	EXP 	Created unnamed TextStim = TextStim(__class__=<class 'psychopy.visual.text.TextStim'>, alignHoriz=method-wrapper(...), alignText='center', alignVert=method-wrapper(...), anchorHoriz='center', anchorVert='center', antialias=True, autoDraw=False, autoLog=True, bold=False, color=array([1., 1., 1.]), colorSpace='rgb', contrast=1.0, depth=0, draggable=False, flipHoriz=False, flipVert=False, font='', fontFiles=[], height=np.float64(0.05), italic=False, languageStyle='LTR', name='unnamed TextStim', opacity=1.0, ori=0.0, pos=array([0.  , 0.25]), rgb=UNKNOWN, text='How hungry do you feel right now?', units='height', win=Window(...), wrapWidth=1.3)
54.1215 	EXP 	Created unnamed Line = Line(__class__=<class 'psychopy.visual.line.Line'>, anchor=('center', 'center'), autoDraw=False, autoLog=True, closeShape=False, color=array([1., 1., 1.]), colorSpace='rgb', contrast=None, depth=0, draggable=False, fillColor=ndarray(...), fillColorSpace='rgb', fillRGB=ndarray(...), interpolate=True, lineColor=array([1., 1., 1.]), lineColorSpace='rgb', lineRGB=array([1, 1, 1]), lineWidth=3, name='unnamed Line', opacity=1, ori=0.0, pos=array([0., 0.]), size=array([1., 1.]), units='height', vertices=array([[-0.5,  0. ],
       [ 0.5,  0. ]]), win=Window(...), windingRule=None)
54.1252 	EXP 	Created unnamed Line = Line(__class__=<class 'psychopy.visual.line.Line'>, anchor=('center', 'center'), autoDraw=False, autoLog=True, closeShape=False, color=array([1., 1., 1.]), colorSpace='rgb', contrast=None, depth=0, draggable=False, fillColor=ndarray(...), fillColorSpace='rgb', fillRGB=ndarray(...), interpolate=True, lineColor=array([1., 1., 1.]), lineColorSpace='rgb', lineRGB=array([1, 1, 1]), lineWidth=3, name='unnamed Line', opacity=1, ori=0.0, pos=array([0., 0.]), size=array([1., 1.]), units='height', vertices=array([[-0.5 , -0.03],
       [-0.5 ,  0.03]]), win=Window(...), windingRule=None)
54.1290 	EXP 	Created unnamed Line = Line(__class__=<class 'psychopy.visual.line.Line'>, anchor=('center', 'center'), autoDraw=False, autoLog=True, closeShape=False, color=array([1., 1., 1.]), colorSpace='rgb', contrast=None, depth=0, draggable=False, fillColor=ndarray(...), fillColorSpace='rgb', fillRGB=ndarray(...), interpolate=True, lineColor=array([1., 1., 1.]), lineColorSpace='rgb', lineRGB=array([1, 1, 1]), lineWidth=3, name='unnamed Line', opacity=1, ori=0.0, pos=array([0., 0.]), size=array([1., 1.]), units='height', vertices=array([[ 0.5 , -0.03],
       [ 0.5 ,  0.03]]), win=Window(...), windingRule=None)
54.1372 	EXP 	Created unnamed TextStim = TextStim(__class__=<class 'psychopy.visual.text.TextStim'>, alignHoriz=method-wrapper(...), alignText='center', alignVert=method-wrapper(...), anchorHoriz='center', anchorVert='center', antialias=True, autoDraw=False, autoLog=True, bold=False, color=array([1., 1., 1.]), colorSpace='rgb', contrast=1.0, depth=0, draggable=False, flipHoriz=False, flipVert=False, font='', fontFiles=[], height=np.float64(0.032), italic=False, languageStyle='LTR', name='unnamed TextStim', opacity=1.0, ori=0.0, pos=array([-0.5 , -0.12]), rgb=UNKNOWN, text="I'm not hungry at all", units='height', win=Window(...), wrapWidth=0.55)
54.1421 	EXP 	Created unnamed TextStim = TextStim(__class__=<class 'psychopy.visual.text.TextStim'>, alignHoriz=method-wrapper(...), alignText='center', alignVert=method-wrapper(...), anchorHoriz='center', anchorVert='center', antialias=True, autoDraw=False, autoLog=True, bold=False, color=array([1., 1., 1.]), colorSpace='rgb', contrast=1.0, depth=0, draggable=False, flipHoriz=False, flipVert=False, font='', fontFiles=[], height=np.float64(0.032), italic=False, languageStyle='LTR', name='unnamed TextStim', opacity=1.0, ori=0.0, pos=array([ 0.5 , -0.12]), rgb=UNKNOWN, text="I'm the most hungry I can be", units='height', win=Window(...), wrapWidth=0.55)
54.1493 	EXP 	Created unnamed TextStim = TextStim(__class__=<class 'psychopy.visual.text.TextStim'>, alignHoriz=method-wrapper(...), alignText='center', alignVert=method-wrapper(...), anchorHoriz='center', anchorVert='center', antialias=True, autoDraw=False, autoLog=True, bold=False, color=array([0.7, 0.7, 0.7]), colorSpace='rgb', contrast=1.0, depth=0, draggable=False, flipHoriz=False, flipVert=False, font='', fontFiles=[], height=np.float64(0.03), italic=False, languageStyle='LTR', name='unnamed TextStim', opacity=1.0, ori=0.0, pos=array([ 0.  , -0.38]), rgb=UNKNOWN, text=str(...), units='height', win=Window(...), wrapWidth=1)
54.1531 	EXP 	Created unnamed Rect = Rect(__class__=<class 'psychopy.visual.rect.Rect'>, anchor=('center', 'center'), autoDraw=False, autoLog=True, closeShape=True, color=method-wrapper(...), colorSpace='rgb', contrast=None, depth=0, draggable=False, fillColor=array([1.  , 0.85, 0.2 ]), fillColorSpace='rgb', fillRGB=array([1.  , 0.85, 0.2 ]), interpolate=True, lineColor=array([0., 0., 0.]), lineColorSpace='rgb', lineRGB=array([0, 0, 0]), lineWidth=1.5, name='unnamed Rect', opacity=1, ori=0.0, pos=array([0., 0.]), size=array([0.012, 0.06 ]), units='height', vertices=ndarray(...), win=Window(...))
55.3421 	DATA 	Keypress: right
55.3477 	EXP 	Device response: <KeyPress from None: t=55.338715832913294, value=right, duration=None>
55.3976 	EXP 	Device response: <KeyPress from None: t=55.338715832913294, value=right, duration=0.052322583040222526>
55.5468 	DATA 	Keypress: right
55.5481 	EXP 	Device response: <KeyPress from None: t=55.54374058288522, value=right, duration=None>
55.5809 	EXP 	Device response: <KeyPress from None: t=55.54374058288522, value=right, duration=0.03627600008621812>
55.7223 	DATA 	Keypress: right
55.7310 	EXP 	Device response: <KeyPress from None: t=55.719712582882494, value=right, duration=None>
55.7810 	EXP 	Device response: <KeyPress from None: t=55.719712582882494, value=right, duration=0.05230250000022352>
55.8976 	EXP 	Device response: <KeyPress from None: t=55.89573966595344, value=right, duration=None>
55.9010 	DATA 	Keypress: right
55.9643 	EXP 	Device response: <KeyPress from None: t=55.89573966595344, value=right, duration=0.05627654190175235>
56.0856 	DATA 	Keypress: right
56.0976 	EXP 	Device response: <KeyPress from None: t=56.08169758296572, value=right, duration=None>
56.1476 	EXP 	Device response: <KeyPress from None: t=56.08169758296572, value=right, duration=0.06431208294816315>
56.3417 	DATA 	Keypress: right
56.3478 	EXP 	Device response: <KeyPress from None: t=56.3386737909168, value=right, duration=None>
56.4476 	EXP 	Device response: <KeyPress from None: t=56.3386737909168, value=right, duration=0.09633333398960531>
57.0811 	EXP 	Device response: <KeyPress from None: t=57.080683999927714, value=space, duration=None>
57.0852 	DATA 	Keypress: space
57.1976 	EXP 	Device response: <KeyPress from None: t=57.080683999927714, value=space, duration=0.11227812501601875>
57.2119 	EXP 	Created unnamed TextStim = TextStim(__class__=<class 'psychopy.visual.text.TextStim'>, alignHoriz=method-wrapper(...), alignText='center', alignVert=method-wrapper(...), anchorHoriz='center', anchorVert='center', antialias=True, autoDraw=False, autoLog=True, bold=False, color=array([1., 1., 1.]), colorSpace='rgb', contrast=1.0, depth=0, draggable=False, flipHoriz=False, flipVert=False, font='', fontFiles=[], height=np.float64(0.05), italic=False, languageStyle='LTR', name='unnamed TextStim', opacity=1.0, ori=0.0, pos=array([0.  , 0.25]), rgb=UNKNOWN, text='How do you feel right now?', units='height', win=Window(...), wrapWidth=1.3)
57.2159 	EXP 	Created unnamed Line = Line(__class__=<class 'psychopy.visual.line.Line'>, anchor=('center', 'center'), autoDraw=False, autoLog=True, closeShape=False, color=array([1., 1., 1.]), colorSpace='rgb', contrast=None, depth=0, draggable=False, fillColor=ndarray(...), fillColorSpace='rgb', fillRGB=ndarray(...), interpolate=True, lineColor=array([1., 1., 1.]), lineColorSpace='rgb', lineRGB=array([1, 1, 1]), lineWidth=3, name='unnamed Line', opacity=1, ori=0.0, pos=array([0., 0.]), size=array([1., 1.]), units='height', vertices=array([[-0.5,  0. ],
       [ 0.5,  0. ]]), win=Window(...), windingRule=None)
57.2196 	EXP 	Created unnamed Line = Line(__class__=<class 'psychopy.visual.line.Line'>, anchor=('center', 'center'), autoDraw=False, autoLog=True, closeShape=False, color=array([1., 1., 1.]), colorSpace='rgb', contrast=None, depth=0, draggable=False, fillColor=ndarray(...), fillColorSpace='rgb', fillRGB=ndarray(...), interpolate=True, lineColor=array([1., 1., 1.]), lineColorSpace='rgb', lineRGB=array([1, 1, 1]), lineWidth=3, name='unnamed Line', opacity=1, ori=0.0, pos=array([0., 0.]), size=array([1., 1.]), units='height', vertices=array([[-0.5 , -0.03],
       [-0.5 ,  0.03]]), win=Window(...), windingRule=None)
57.2231 	EXP 	Created unnamed Line = Line(__class__=<class 'psychopy.visual.line.Line'>, anchor=('center', 'center'), autoDraw=False, autoLog=True, closeShape=False, color=array([1., 1., 1.]), colorSpace='rgb', contrast=None, depth=0, draggable=False, fillColor=ndarray(...), fillColorSpace='rgb', fillRGB=ndarray(...), interpolate=True, lineColor=array([1., 1., 1.]), lineColorSpace='rgb', lineRGB=array([1, 1, 1]), lineWidth=3, name='unnamed Line', opacity=1, ori=0.0, pos=array([0., 0.]), size=array([1., 1.]), units='height', vertices=array([[ 0.5 , -0.03],
       [ 0.5 ,  0.03]]), win=Window(...), windingRule=None)
57.2304 	EXP 	Created unnamed TextStim = TextStim(__class__=<class 'psychopy.visual.text.TextStim'>, alignHoriz=method-wrapper(...), alignText='center', alignVert=method-wrapper(...), anchorHoriz='center', anchorVert='center', antialias=True, autoDraw=False, autoLog=True, bold=False, color=array([1., 1., 1.]), colorSpace='rgb', contrast=1.0, depth=0, draggable=False, flipHoriz=False, flipVert=False, font='', fontFiles=[], height=np.float64(0.032), italic=False, languageStyle='LTR', name='unnamed TextStim', opacity=1.0, ori=0.0, pos=array([-0.5 , -0.12]), rgb=UNKNOWN, text='Feeling extremely bored/low energy', units='height', win=Window(...), wrapWidth=0.55)
57.2355 	EXP 	Created unnamed TextStim = TextStim(__class__=<class 'psychopy.visual.text.TextStim'>, alignHoriz=method-wrapper(...), alignText='center', alignVert=method-wrapper(...), anchorHoriz='center', anchorVert='center', antialias=True, autoDraw=False, autoLog=True, bold=False, color=array([1., 1., 1.]), colorSpace='rgb', contrast=1.0, depth=0, draggable=False, flipHoriz=False, flipVert=False, font='', fontFiles=[], height=np.float64(0.032), italic=False, languageStyle='LTR', name='unnamed TextStim', opacity=1.0, ori=0.0, pos=array([ 0.5 , -0.12]), rgb=UNKNOWN, text='Feeling extremely engaged/energized', units='height', win=Window(...), wrapWidth=0.55)
57.2435 	EXP 	Created unnamed TextStim = TextStim(__class__=<class 'psychopy.visual.text.TextStim'>, alignHoriz=method-wrapper(...), alignText='center', alignVert=method-wrapper(...), anchorHoriz='center', anchorVert='center', antialias=True, autoDraw=False, autoLog=True, bold=False, color=array([0.7, 0.7, 0.7]), colorSpace='rgb', contrast=1.0, depth=0, draggable=False, flipHoriz=False, flipVert=False, font='', fontFiles=[], height=np.float64(0.03), italic=False, languageStyle='LTR', name='unnamed TextStim', opacity=1.0, ori=0.0, pos=array([ 0.  , -0.38]), rgb=UNKNOWN, text=str(...), units='height', win=Window(...), wrapWidth=1)
57.2472 	EXP 	Created unnamed Rect = Rect(__class__=<class 'psychopy.visual.rect.Rect'>, anchor=('center', 'center'), autoDraw=False, autoLog=True, closeShape=True, color=method-wrapper(...), colorSpace='rgb', contrast=None, depth=0, draggable=False, fillColor=array([1.  , 0.85, 0.2 ]), fillColorSpace='rgb', fillRGB=array([1.  , 0.85, 0.2 ]), interpolate=True, lineColor=array([0., 0., 0.]), lineColorSpace='rgb', lineRGB=array([0, 0, 0]), lineWidth=1.5, name='unnamed Rect', opacity=1, ori=0.0, pos=array([0., 0.]), size=array([0.012, 0.06 ]), units='height', vertices=ndarray(...), win=Window(...))
58.5110 	DATA 	Keypress: left
58.5144 	EXP 	Device response: <KeyPress from None: t=58.50763662485406, value=left, duration=None>
58.5976 	EXP 	Device response: <KeyPress from None: t=58.50763662485406, value=left, duration=0.08431766601279378>
58.7229 	DATA 	Keypress: left
58.7309 	EXP 	Device response: <KeyPress from None: t=58.71964195789769, value=left, duration=None>
58.7642 	EXP 	Device response: <KeyPress from None: t=58.71964195789769, value=left, duration=0.044291374972090125>
59.4232 	DATA 	Keypress: space
59.4311 	EXP 	Device response: <KeyPress from None: t=59.42061095777899, value=space, duration=None>
59.5144 	EXP 	Device response: <KeyPress from None: t=59.42061095777899, value=space, duration=0.08430212503299117>
59.5181 	EXP 	VAS end (hunger=33.0, energy=-12.0)
59.5308 	EXP 	unnamed Rect: fillColor = [0.85, 0.85, 0.85]
59.5308 	EXP 	unnamed Rect: fillColor = [0.85, 0.85, 0.85]
59.5308 	EXP 	unnamed Rect: fillColor = [0.85, 0.85, 0.85]
59.5308 	EXP 	unnamed TextStim: text = ''
59.5308 	EXP 	unnamed TextStim: foreColor = 'white'
59.5308 	EXP 	unnamed TextStim: height = np.float64(0.035)
59.5308 	EXP 	unnamed TextStim: height = np.float64(0.035)
59.5308 	EXP 	unnamed TextStim: height = np.float64(0.035)
59.5308 	EXP 	unnamed TextStim: text = 'Score: 0 pts'
59.5308 	EXP 	unnamed TextStim: text = ''
59.5308 	EXP 	unnamed TextStim: height = np.float64(0.035)
59.5308 	EXP 	unnamed TextStim: height = np.float64(0.035)
59.5308 	EXP 	unnamed TextStim: height = np.float64(0.035)
59.5308 	EXP 	unnamed TextStim: text = ''
59.5308 	EXP 	TRIGGER 10 (choice_onset)
60.1724 	DATA 	Keypress: right
60.1811 	EXP 	Device response: <KeyPress from None: t=60.16957674990408, value=right, duration=None>
60.1974 	EXP 	TRIGGER 11 (choice_made)
60.6310 	EXP 	TRIGGER 34 (anticipation)
60.6312 	EXP 	Device response: <KeyPress from None: t=60.16957674990408, value=right, duration=0.12032591598108411>
61.1307 	EXP 	unnamed TextStim: height = np.float64(0.035)
61.1307 	EXP 	unnamed TextStim: height = np.float64(0.035)
61.1307 	EXP 	unnamed TextStim: height = np.float64(0.035)
61.1307 	EXP 	unnamed TextStim: text = 'Score: -10 pts'
61.1307 	EXP 	unnamed TextStim: text = ''
61.1307 	EXP 	unnamed TextStim: height = np.float64(0.1)
61.1307 	EXP 	unnamed TextStim: height = np.float64(0.1)
61.1307 	EXP 	unnamed TextStim: height = np.float64(0.1)
61.1307 	EXP 	unnamed TextStim: text = '-10 Points'
61.1307 	EXP 	unnamed TextStim: foreColor = [0.9, 0.2, 0.2]
61.1307 	EXP 	unnamed ImageStim: ori = -0.75
61.1307 	EXP 	unnamed ImageStim: image = '/Users/burgerks/Documents/GitHub/motivated_bandit/_task/stimuli/loss/lose_pic.png'
61.1308 	EXP 	TRIGGER 21 (bandit_loss)
63.2474 	EXP 	unnamed Rect: fillColor = [0.85, 0.85, 0.85]
63.2474 	EXP 	unnamed Rect: fillColor = [0.85, 0.85, 0.85]
63.2474 	EXP 	unnamed Rect: fillColor = [0.85, 0.85, 0.85]
63.2474 	EXP 	unnamed TextStim: text = ''
63.2474 	EXP 	unnamed TextStim: foreColor = 'white'
63.2474 	EXP 	unnamed TextStim: text = 'Score: -10 pts'
63.2474 	EXP 	unnamed TextStim: text = ''
63.2475 	EXP 	TRIGGER 10 (choice_onset)
63.6289 	DATA 	Keypress: down
63.6311 	EXP 	Device response: <KeyPress from None: t=63.62553483294323, value=down, duration=None>
63.6474 	EXP 	TRIGGER 11 (choice_made)
64.0807 	EXP 	TRIGGER 34 (anticipation)
64.0810 	EXP 	Device response: <KeyPress from None: t=63.62553483294323, value=down, duration=0.11227512499317527>
64.9807 	EXP 	unnamed TextStim: height = np.float64(0.035)
64.9807 	EXP 	unnamed TextStim: height = np.float64(0.035)
64.9807 	EXP 	unnamed TextStim: height = np.float64(0.035)
64.9807 	EXP 	unnamed TextStim: text = 'Score: 0 pts'
64.9807 	EXP 	unnamed TextStim: text = ''
64.9807 	EXP 	unnamed TextStim: height = np.float64(0.1)
64.9807 	EXP 	unnamed TextStim: height = np.float64(0.1)
64.9807 	EXP 	unnamed TextStim: height = np.float64(0.1)
64.9807 	EXP 	unnamed TextStim: text = '+10 Points'
64.9807 	EXP 	unnamed TextStim: foreColor = [0.1, 0.8, 0.3]
64.9807 	EXP 	unnamed ImageStim: ori = -3
64.9807 	EXP 	unnamed ImageStim: image = '/Users/burgerks/Documents/GitHub/motivated_bandit/_task/stimuli/win/sweet/sweet_bandit_119.jpg'
64.9807 	EXP 	unnamed ImageStim: ori = 3
64.9807 	EXP 	unnamed ImageStim: image = '/Users/burgerks/Documents/GitHub/motivated_bandit/_task/stimuli/win/sweet/sweet_bandit_091.jpg'
64.9807 	EXP 	unnamed ImageStim: ori = 3
64.9807 	EXP 	unnamed ImageStim: image = '/Users/burgerks/Documents/GitHub/motivated_bandit/_task/stimuli/win/sweet/sweet_bandit_135.jpg'
64.9807 	EXP 	unnamed ImageStim: ori = 2
64.9807 	EXP 	unnamed ImageStim: image = '/Users/burgerks/Documents/GitHub/motivated_bandit/_task/stimuli/win/sweet/sweet_bandit_099.jpg'
64.9808 	EXP 	TRIGGER 20 (bandit_win)
67.1474 	EXP 	unnamed Rect: fillColor = [0.85, 0.85, 0.85]
67.1474 	EXP 	unnamed Rect: fillColor = [0.85, 0.85, 0.85]
67.1474 	EXP 	unnamed Rect: fillColor = [0.85, 0.85, 0.85]
67.1474 	EXP 	unnamed TextStim: text = ''
67.1474 	EXP 	unnamed TextStim: foreColor = 'white'
67.1474 	EXP 	unnamed TextStim: text = 'Score: 0 pts'
67.1474 	EXP 	unnamed TextStim: text = ''
67.1474 	EXP 	TRIGGER 10 (choice_onset)
67.5084 	DATA 	Keypress: left
67.5144 	EXP 	Device response: <KeyPress from None: t=67.50539158284664, value=left, duration=None>
67.5307 	EXP 	TRIGGER 11 (choice_made)
67.9640 	EXP 	TRIGGER 34 (anticipation)
67.9643 	EXP 	Device response: <KeyPress from None: t=67.50539158284664, value=left, duration=0.13235320802778006>
68.7974 	EXP 	unnamed TextStim: height = np.float64(0.035)
68.7974 	EXP 	unnamed TextStim: height = np.float64(0.035)
68.7974 	EXP 	unnamed TextStim: height = np.float64(0.035)
68.7974 	EXP 	unnamed TextStim: text = 'Score: 10 pts'
68.7974 	EXP 	unnamed TextStim: text = ''
68.7974 	EXP 	unnamed TextStim: text = '+10 Points'
68.7974 	EXP 	unnamed TextStim: foreColor = [0.1, 0.8, 0.3]
68.7974 	EXP 	unnamed ImageStim: ori = 5
68.7974 	EXP 	unnamed ImageStim: image = '/Users/burgerks/Documents/GitHub/motivated_bandit/_task/stimuli/win/sweet/sweet_bandit_127.jpg'
68.7974 	EXP 	unnamed ImageStim: ori = -5
68.7974 	EXP 	unnamed ImageStim: image = '/Users/burgerks/Documents/GitHub/motivated_bandit/_task/stimuli/win/sweet/sweet_bandit_156.jpg'
68.7974 	EXP 	unnamed ImageStim: ori = -4
68.7974 	EXP 	unnamed ImageStim: image = '/Users/burgerks/Documents/GitHub/motivated_bandit/_task/stimuli/win/sweet/sweet_bandit_107.jpg'
68.7974 	EXP 	unnamed ImageStim: ori = 1
68.7974 	EXP 	unnamed ImageStim: image = '/Users/burgerks/Documents/GitHub/motivated_bandit/_task/stimuli/win/sweet/sweet_bandit_095.jpg'
68.7974 	EXP 	TRIGGER 20 (bandit_win)
71.0140 	EXP 	unnamed Rect: fillColor = [0.85, 0.85, 0.85]
71.0140 	EXP 	unnamed Rect: fillColor = [0.85, 0.85, 0.85]
71.0140 	EXP 	unnamed Rect: fillColor = [0.85, 0.85, 0.85]
71.0140 	EXP 	unnamed TextStim: text = ''
71.0140 	EXP 	unnamed TextStim: foreColor = 'white'
71.0140 	EXP 	unnamed TextStim: text = 'Score: 10 pts'
71.0140 	EXP 	unnamed TextStim: text = ''
71.0141 	EXP 	TRIGGER 10 (choice_onset)
71.4024 	DATA 	Keypress: down
71.4144 	EXP 	Device response: <KeyPress from None: t=71.39924979093485, value=down, duration=None>
71.4307 	EXP 	TRIGGER 11 (choice_made)
71.8640 	EXP 	TRIGGER 34 (anticipation)
71.8643 	EXP 	Device response: <KeyPress from None: t=71.39924979093485, value=down, duration=0.1523342919535935>
72.3474 	EXP 	unnamed TextStim: height = np.float64(0.035)
72.3474 	EXP 	unnamed TextStim: height = np.float64(0.035)
72.3474 	EXP 	unnamed TextStim: height = np.float64(0.035)
72.3474 	EXP 	unnamed TextStim: text = 'Score: 0 pts'
72.3474 	EXP 	unnamed TextStim: text = ''
72.3474 	EXP 	unnamed TextStim: height = np.float64(0.1)
72.3474 	EXP 	unnamed TextStim: height = np.float64(0.1)
72.3474 	EXP 	unnamed TextStim: height = np.float64(0.1)
72.3474 	EXP 	unnamed TextStim: text = '-10 Points'
72.3474 	EXP 	unnamed TextStim: foreColor = [0.9, 0.2, 0.2]
72.3474 	EXP 	unnamed ImageStim: ori = 0.5
72.3474 	EXP 	unnamed ImageStim: image = '/Users/burgerks/Documents/GitHub/motivated_bandit/_task/stimuli/loss/lose_pic.png'
72.3474 	EXP 	TRIGGER 21 (bandit_loss)
74.5307 	EXP 	unnamed Rect: fillColor = [0.85, 0.85, 0.85]
74.5307 	EXP 	unnamed Rect: fillColor = [0.85, 0.85, 0.85]
74.5307 	EXP 	unnamed Rect: fillColor = [0.85, 0.85, 0.85]
74.5307 	EXP 	unnamed TextStim: text = ''
74.5307 	EXP 	unnamed TextStim: foreColor = 'white'
74.5307 	EXP 	unnamed TextStim: text = 'Score: 0 pts'
74.5307 	EXP 	unnamed TextStim: text = ''
74.5307 	EXP 	TRIGGER 10 (choice_onset)
74.8201 	DATA 	Keypress: left
74.8310 	EXP 	Device response: <KeyPress from None: t=74.81717816600576, value=left, duration=None>
74.8474 	EXP 	TRIGGER 11 (choice_made)
75.2807 	EXP 	TRIGGER 34 (anticipation)
75.2810 	EXP 	Device response: <KeyPress from None: t=74.81717816600576, value=left, duration=0.1643037919420749>
76.2973 	EXP 	unnamed TextStim: height = np.float64(0.035)
76.2973 	EXP 	unnamed TextStim: height = np.float64(0.035)
76.2973 	EXP 	unnamed TextStim: height = np.float64(0.035)
76.2973 	EXP 	unnamed TextStim: text = 'Score: 10 pts'
76.2973 	EXP 	unnamed TextStim: text = ''
76.2973 	EXP 	unnamed TextStim: height = np.float64(0.1)
76.2973 	EXP 	unnamed TextStim: height = np.float64(0.1)
76.2973 	EXP 	unnamed TextStim: height = np.float64(0.1)
76.2973 	EXP 	unnamed TextStim: text = '+10 Points'
76.2973 	EXP 	unnamed TextStim: foreColor = [0.1, 0.8, 0.3]
76.2973 	EXP 	unnamed ImageStim: ori = 2
76.2973 	EXP 	unnamed ImageStim: image = '/Users/burgerks/Documents/GitHub/motivated_bandit/_task/stimuli/win/sweet/sweet_bandit_124.jpg'
76.2973 	EXP 	unnamed ImageStim: ori = 0
76.2973 	EXP 	unnamed ImageStim: image = '/Users/burgerks/Documents/GitHub/motivated_bandit/_task/stimuli/win/sweet/sweet_bandit_029.jpg'
76.2973 	EXP 	unnamed ImageStim: ori = 1
76.2973 	EXP 	unnamed ImageStim: image = '/Users/burgerks/Documents/GitHub/motivated_bandit/_task/stimuli/win/sweet/sweet_bandit_059.jpg'
76.2973 	EXP 	unnamed ImageStim: ori = 5
76.2973 	EXP 	unnamed ImageStim: image = '/Users/burgerks/Documents/GitHub/motivated_bandit/_task/stimuli/win/sweet/sweet_bandit_087.jpg'
76.2974 	EXP 	TRIGGER 20 (bandit_win)
78.3307 	EXP 	unnamed Rect: fillColor = [0.85, 0.85, 0.85]
78.3307 	EXP 	unnamed Rect: fillColor = [0.85, 0.85, 0.85]
78.3307 	EXP 	unnamed Rect: fillColor = [0.85, 0.85, 0.85]
78.3307 	EXP 	unnamed TextStim: text = ''
78.3307 	EXP 	unnamed TextStim: foreColor = 'white'
78.3307 	EXP 	unnamed TextStim: text = 'Score: 10 pts'
78.3307 	EXP 	unnamed TextStim: text = ''
78.3307 	EXP 	TRIGGER 10 (choice_onset)
78.6585 	DATA 	Keypress: left
78.6644 	EXP 	Device response: <KeyPress from None: t=78.65507145784795, value=left, duration=None>
78.6807 	EXP 	TRIGGER 11 (choice_made)
79.1140 	EXP 	TRIGGER 34 (anticipation)
79.1144 	EXP 	Device response: <KeyPress from None: t=78.65507145784795, value=left, duration=0.14428137498907745>
80.1640 	EXP 	unnamed TextStim: height = np.float64(0.035)
80.1640 	EXP 	unnamed TextStim: height = np.float64(0.035)
80.1640 	EXP 	unnamed TextStim: height = np.float64(0.035)
80.1640 	EXP 	unnamed TextStim: text = 'Score: 20 pts'
80.1640 	EXP 	unnamed TextStim: text = ''
80.1640 	EXP 	unnamed TextStim: text = '+10 Points'
80.1640 	EXP 	unnamed TextStim: foreColor = [0.1, 0.8, 0.3]
80.1640 	EXP 	unnamed ImageStim: ori = 2
80.1640 	EXP 	unnamed ImageStim: image = '/Users/burgerks/Documents/GitHub/motivated_bandit/_task/stimuli/win/sweet/sweet_bandit_060.jpg'
80.1640 	EXP 	unnamed ImageStim: ori = 4
80.1640 	EXP 	unnamed ImageStim: image = '/Users/burgerks/Documents/GitHub/motivated_bandit/_task/stimuli/win/sweet/sweet_bandit_077.jpg'
80.1640 	EXP 	unnamed ImageStim: ori = 4
80.1640 	EXP 	unnamed ImageStim: image = '/Users/burgerks/Documents/GitHub/motivated_bandit/_task/stimuli/win/sweet/sweet_bandit_130.jpg'
80.1640 	EXP 	unnamed ImageStim: ori = 2
80.1640 	EXP 	unnamed ImageStim: image = '/Users/burgerks/Documents/GitHub/motivated_bandit/_task/stimuli/win/sweet/sweet_bandit_128.jpg'
80.1640 	EXP 	TRIGGER 20 (bandit_win)
82.3973 	EXP 	unnamed Rect: fillColor = [0.85, 0.85, 0.85]
82.3973 	EXP 	unnamed Rect: fillColor = [0.85, 0.85, 0.85]
82.3973 	EXP 	unnamed Rect: fillColor = [0.85, 0.85, 0.85]
82.3973 	EXP 	unnamed TextStim: text = ''
82.3973 	EXP 	unnamed TextStim: foreColor = 'white'
82.3973 	EXP 	unnamed TextStim: text = 'Score: 20 pts'
82.3973 	EXP 	unnamed TextStim: text = ''
82.3974 	EXP 	TRIGGER 10 (choice_onset)
82.6368 	DATA 	Keypress: left
82.6477 	EXP 	Device response: <KeyPress from None: t=82.63395470799878, value=left, duration=None>
82.6639 	EXP 	TRIGGER 11 (choice_made)
83.0806 	EXP 	TRIGGER 34 (anticipation)
83.0809 	EXP 	Device response: <KeyPress from None: t=82.63395470799878, value=left, duration=0.14031116687692702>
83.9473 	EXP 	unnamed TextStim: height = np.float64(0.035)
83.9473 	EXP 	unnamed TextStim: height = np.float64(0.035)
83.9473 	EXP 	unnamed TextStim: height = np.float64(0.035)
83.9473 	EXP 	unnamed TextStim: text = 'Score: 30 pts'
83.9473 	EXP 	unnamed TextStim: text = ''
83.9473 	EXP 	unnamed TextStim: text = '+10 Points'
83.9473 	EXP 	unnamed TextStim: foreColor = [0.1, 0.8, 0.3]
83.9473 	EXP 	unnamed ImageStim: ori = -4
83.9473 	EXP 	unnamed ImageStim: image = '/Users/burgerks/Documents/GitHub/motivated_bandit/_task/stimuli/win/sweet/sweet_bandit_150.jpg'
83.9473 	EXP 	unnamed ImageStim: ori = -5
83.9473 	EXP 	unnamed ImageStim: image = '/Users/burgerks/Documents/GitHub/motivated_bandit/_task/stimuli/win/sweet/sweet_bandit_070.jpg'
83.9473 	EXP 	unnamed ImageStim: ori = 0
83.9473 	EXP 	unnamed ImageStim: image = '/Users/burgerks/Documents/GitHub/motivated_bandit/_task/stimuli/win/sweet/sweet_bandit_061.jpg'
83.9473 	EXP 	unnamed ImageStim: ori = -2
83.9473 	EXP 	unnamed ImageStim: image = '/Users/burgerks/Documents/GitHub/motivated_bandit/_task/stimuli/win/sweet/sweet_bandit_156.jpg'
83.9473 	EXP 	TRIGGER 20 (bandit_win)
86.0973 	EXP 	unnamed Rect: fillColor = [0.85, 0.85, 0.85]
86.0973 	EXP 	unnamed Rect: fillColor = [0.85, 0.85, 0.85]
86.0973 	EXP 	unnamed Rect: fillColor = [0.85, 0.85, 0.85]
86.0973 	EXP 	unnamed TextStim: text = ''
86.0973 	EXP 	unnamed TextStim: foreColor = 'white'
86.0973 	EXP 	unnamed TextStim: text = 'Score: 30 pts'
86.0973 	EXP 	unnamed TextStim: text = ''
86.0973 	EXP 	TRIGGER 10 (choice_onset)
86.3143 	EXP 	Device response: <KeyPress from None: t=86.31288899993524, value=left, duration=None>
86.3191 	DATA 	Keypress: left
86.3307 	EXP 	TRIGGER 11 (choice_made)
86.7640 	EXP 	TRIGGER 34 (anticipation)
86.7642 	EXP 	Device response: <KeyPress from None: t=86.31288899993524, value=left, duration=0.15628862497396767>
87.5804 	EXP 	unnamed TextStim: height = np.float64(0.035)
87.5804 	EXP 	unnamed TextStim: height = np.float64(0.035)
87.5804 	EXP 	unnamed TextStim: height = np.float64(0.035)
87.5804 	EXP 	unnamed TextStim: text = 'Score: 40 pts'
87.5804 	EXP 	unnamed TextStim: text = ''
87.5804 	EXP 	unnamed TextStim: text = '+10 Points'
87.5804 	EXP 	unnamed TextStim: foreColor = [0.1, 0.8, 0.3]
87.5804 	EXP 	unnamed ImageStim: ori = 4
87.5804 	EXP 	unnamed ImageStim: image = '/Users/burgerks/Documents/GitHub/motivated_bandit/_task/stimuli/win/sweet/sweet_bandit_112.jpg'
87.5804 	EXP 	unnamed ImageStim: ori = 0
87.5804 	EXP 	unnamed ImageStim: image = '/Users/burgerks/Documents/GitHub/motivated_bandit/_task/stimuli/win/sweet/sweet_bandit_156.jpg'
87.5804 	EXP 	unnamed ImageStim: ori = -3
87.5804 	EXP 	unnamed ImageStim: image = '/Users/burgerks/Documents/GitHub/motivated_bandit/_task/stimuli/win/sweet/sweet_bandit_084.jpg'
87.5804 	EXP 	unnamed ImageStim: ori = 4
87.5804 	EXP 	unnamed ImageStim: image = '/Users/burgerks/Documents/GitHub/motivated_bandit/_task/stimuli/win/sweet/sweet_bandit_055.jpg'
87.5805 	EXP 	TRIGGER 20 (bandit_win)
89.5639 	EXP 	unnamed Rect: fillColor = [0.85, 0.85, 0.85]
89.5639 	EXP 	unnamed Rect: fillColor = [0.85, 0.85, 0.85]
89.5639 	EXP 	unnamed Rect: fillColor = [0.85, 0.85, 0.85]
89.5639 	EXP 	unnamed TextStim: text = ''
89.5639 	EXP 	unnamed TextStim: foreColor = 'white'
89.5639 	EXP 	unnamed TextStim: text = 'Score: 40 pts'
89.5639 	EXP 	unnamed TextStim: text = ''
89.5640 	EXP 	TRIGGER 10 (choice_onset)
89.9631 	DATA 	Keypress: left
89.9646 	EXP 	Device response: <KeyPress from None: t=89.95974074979313, value=left, duration=None>
89.9806 	EXP 	TRIGGER 11 (choice_made)
90.4139 	EXP 	TRIGGER 34 (anticipation)
90.4142 	EXP 	Device response: <KeyPress from None: t=89.95974074979313, value=left, duration=0.15630450006574392>
91.1639 	EXP 	unnamed TextStim: height = np.float64(0.035)
91.1639 	EXP 	unnamed TextStim: height = np.float64(0.035)
91.1639 	EXP 	unnamed TextStim: height = np.float64(0.035)
91.1639 	EXP 	unnamed TextStim: text = 'Score: 50 pts'
91.1639 	EXP 	unnamed TextStim: text = ''
91.1639 	EXP 	unnamed TextStim: text = '+10 Points'
91.1639 	EXP 	unnamed TextStim: foreColor = [0.1, 0.8, 0.3]
91.1639 	EXP 	unnamed ImageStim: ori = 1
91.1639 	EXP 	unnamed ImageStim: image = '/Users/burgerks/Documents/GitHub/motivated_bandit/_task/stimuli/win/sweet/sweet_bandit_138.jpg'
91.1639 	EXP 	unnamed ImageStim: ori = 0
91.1639 	EXP 	unnamed ImageStim: image = '/Users/burgerks/Documents/GitHub/motivated_bandit/_task/stimuli/win/sweet/sweet_bandit_161.jpg'
91.1639 	EXP 	unnamed ImageStim: ori = 0
91.1639 	EXP 	unnamed ImageStim: image = '/Users/burgerks/Documents/GitHub/motivated_bandit/_task/stimuli/win/sweet/sweet_bandit_124.jpg'
91.1639 	EXP 	unnamed ImageStim: ori = -3
91.1639 	EXP 	unnamed ImageStim: image = '/Users/burgerks/Documents/GitHub/motivated_bandit/_task/stimuli/win/sweet/sweet_bandit_003.jpg'
91.1640 	EXP 	TRIGGER 20 (bandit_win)
93.3306 	EXP 	unnamed TextStim: height = np.float64(0.07)
93.3306 	EXP 	unnamed TextStim: height = np.float64(0.07)
93.3306 	EXP 	unnamed TextStim: height = np.float64(0.07)
93.3306 	EXP 	unnamed TextStim: text = 'Bonus round!'
93.3306 	EXP 	unnamed TextStim: foreColor = 'white'
93.3306 	EXP 	TRIGGER 30 (bonus_intro)
94.4139 	EXP 	unnamed TextStim: text = '+15 if fast'
94.4139 	EXP 	unnamed ImageStim: image = '/Users/burgerks/Documents/GitHub/motivated_bandit/_task/stimuli/neutral/bandit_023.jpg'
94.4140 	EXP 	TRIGGER 32 (cue_neutral)
95.9471 	EXP 	TRIGGER 33 (fixation)
97.2972 	EXP 	TRIGGER 35 (target)
97.7043 	DATA 	Keypress: down
97.7143 	EXP 	Device response: <KeyPress from None: t=97.70152316591702, value=down, duration=None>
97.7143 	EXP 	TRIGGER 36 (response)
97.7305 	EXP 	TRIGGER 37 (bonus_feedback)
97.8141 	EXP 	Device response: <KeyPress from None: t=97.70152316591702, value=down, duration=0.11029508407227695>
98.3639 	EXP 	unnamed Rect: fillColor = [0.85, 0.85, 0.85]
98.3639 	EXP 	unnamed Rect: fillColor = [0.85, 0.85, 0.85]
98.3639 	EXP 	unnamed Rect: fillColor = [0.85, 0.85, 0.85]
98.3639 	EXP 	unnamed TextStim: text = ''
98.3639 	EXP 	unnamed TextStim: foreColor = 'white'
98.3639 	EXP 	unnamed TextStim: text = 'Score: 50 pts'
98.3639 	EXP 	unnamed TextStim: text = ''
98.3639 	EXP 	TRIGGER 10 (choice_onset)
99.4522 	DATA 	Keypress: left
99.4642 	EXP 	Device response: <KeyPress from None: t=99.44842658285052, value=left, duration=None>
99.4805 	EXP 	TRIGGER 11 (choice_made)
99.9138 	EXP 	TRIGGER 34 (anticipation)
99.9141 	EXP 	Device response: <KeyPress from None: t=99.44842658285052, value=left, duration=0.12832508306019008>
100.8971 	EXP 	unnamed TextStim: height = np.float64(0.035)
100.8971 	EXP 	unnamed TextStim: height = np.float64(0.035)
100.8971 	EXP 	unnamed TextStim: height = np.float64(0.035)
100.8971 	EXP 	unnamed TextStim: text = 'Score: 60 pts'
100.8971 	EXP 	unnamed TextStim: text = ''
100.8971 	EXP 	unnamed TextStim: text = '+10 Points'
100.8971 	EXP 	unnamed TextStim: foreColor = [0.1, 0.8, 0.3]
100.8971 	EXP 	unnamed ImageStim: ori = -4
100.8971 	EXP 	unnamed ImageStim: image = '/Users/burgerks/Documents/GitHub/motivated_bandit/_task/stimuli/win/sweet/sweet_bandit_062.jpg'
100.8971 	EXP 	unnamed ImageStim: ori = -3
100.8971 	EXP 	unnamed ImageStim: image = '/Users/burgerks/Documents/GitHub/motivated_bandit/_task/stimuli/win/sweet/sweet_bandit_060.jpg'
100.8971 	EXP 	unnamed ImageStim: ori = 4
100.8971 	EXP 	unnamed ImageStim: image = '/Users/burgerks/Documents/GitHub/motivated_bandit/_task/stimuli/win/sweet/sweet_bandit_077.jpg'
100.8971 	EXP 	unnamed ImageStim: ori = 4
100.8971 	EXP 	unnamed ImageStim: image = '/Users/burgerks/Documents/GitHub/motivated_bandit/_task/stimuli/win/sweet/sweet_bandit_115.jpg'
100.8972 	EXP 	TRIGGER 20 (bandit_win)
103.1305 	EXP 	unnamed Rect: fillColor = [0.85, 0.85, 0.85]
103.1305 	EXP 	unnamed Rect: fillColor = [0.85, 0.85, 0.85]
103.1305 	EXP 	unnamed Rect: fillColor = [0.85, 0.85, 0.85]
103.1305 	EXP 	unnamed TextStim: text = ''
103.1305 	EXP 	unnamed TextStim: foreColor = 'white'
103.1305 	EXP 	unnamed TextStim: text = 'Score: 60 pts'
103.1305 	EXP 	unnamed TextStim: text = ''
103.1305 	EXP 	TRIGGER 10 (choice_onset)
103.5025 	DATA 	Keypress: left
103.5142 	EXP 	Device response: <KeyPress from None: t=103.49831870780326, value=left, duration=None>
103.5305 	EXP 	TRIGGER 11 (choice_made)
103.9638 	EXP 	TRIGGER 34 (anticipation)
103.9640 	EXP 	Device response: <KeyPress from None: t=103.49831870780326, value=left, duration=0.14433583314530551>
104.9306 	EXP 	unnamed TextStim: height = np.float64(0.035)
104.9306 	EXP 	unnamed TextStim: height = np.float64(0.035)
104.9306 	EXP 	unnamed TextStim: height = np.float64(0.035)
104.9306 	EXP 	unnamed TextStim: text = 'Score: 70 pts'
104.9306 	EXP 	unnamed TextStim: text = ''
104.9306 	EXP 	unnamed TextStim: text = '+10 Points'
104.9306 	EXP 	unnamed TextStim: foreColor = [0.1, 0.8, 0.3]
104.9306 	EXP 	unnamed ImageStim: ori = -3
104.9306 	EXP 	unnamed ImageStim: image = '/Users/burgerks/Documents/GitHub/motivated_bandit/_task/stimuli/win/sweet/sweet_bandit_127.jpg'
104.9306 	EXP 	unnamed ImageStim: ori = -3
104.9306 	EXP 	unnamed ImageStim: image = '/Users/burgerks/Documents/GitHub/motivated_bandit/_task/stimuli/win/sweet/sweet_bandit_015.jpg'
104.9306 	EXP 	unnamed ImageStim: ori = 1
104.9306 	EXP 	unnamed ImageStim: image = '/Users/burgerks/Documents/GitHub/motivated_bandit/_task/stimuli/win/sweet/sweet_bandit_090.jpg'
104.9306 	EXP 	unnamed ImageStim: ori = 4
104.9306 	EXP 	unnamed ImageStim: image = '/Users/burgerks/Documents/GitHub/motivated_bandit/_task/stimuli/win/sweet/sweet_bandit_055.jpg'
104.9306 	EXP 	TRIGGER 20 (bandit_win)
106.9471 	EXP 	unnamed TextStim: text = 'Bonus round!'
106.9471 	EXP 	unnamed TextStim: foreColor = 'white'
106.9471 	EXP 	TRIGGER 30 (bonus_intro)
107.2232 	DATA 	Keypress: left
107.2308 	EXP 	Device response: <KeyPress from None: t=107.2202438749373, value=left, duration=None>
107.3974 	EXP 	Device response: <KeyPress from None: t=107.2202438749373, value=left, duration=0.16826874995604157>
108.0306 	EXP 	unnamed TextStim: text = '+15 if fast'
108.0306 	EXP 	unnamed ImageStim: image = '/Users/burgerks/Documents/GitHub/motivated_bandit/_task/stimuli/win/sweet/sweet_bandit_029.jpg'
108.0306 	EXP 	TRIGGER 31 (cue_food)
109.5638 	EXP 	TRIGGER 33 (fixation)
111.1804 	EXP 	TRIGGER 35 (target)
111.5564 	DATA 	Keypress: left
111.5641 	EXP 	Device response: <KeyPress from None: t=111.55344529100694, value=left, duration=None>
111.5641 	EXP 	TRIGGER 36 (response)
111.5804 	EXP 	TRIGGER 37 (bonus_feedback)
111.6473 	EXP 	Device response: <KeyPress from None: t=111.55344529100694, value=left, duration=0.08230187487788498>
112.1971 	EXP 	unnamed Rect: fillColor = [0.85, 0.85, 0.85]
112.1971 	EXP 	unnamed Rect: fillColor = [0.85, 0.85, 0.85]
112.1971 	EXP 	unnamed Rect: fillColor = [0.85, 0.85, 0.85]
112.1971 	EXP 	unnamed TextStim: text = ''
112.1971 	EXP 	unnamed TextStim: foreColor = 'white'
112.1971 	EXP 	unnamed TextStim: text = 'Score: 70 pts'
112.1971 	EXP 	unnamed TextStim: text = ''
112.1972 	EXP 	TRIGGER 10 (choice_onset)
113.0808 	EXP 	Device response: <KeyPress from None: t=113.08038666588254, value=left, duration=None>
113.0853 	DATA 	Keypress: left
113.0972 	EXP 	TRIGGER 11 (choice_made)
113.5304 	EXP 	TRIGGER 34 (anticipation)
113.5307 	EXP 	Device response: <KeyPress from None: t=113.08038666588254, value=left, duration=0.11628495901823044>
114.4136 	EXP 	unnamed TextStim: height = np.float64(0.035)
114.4136 	EXP 	unnamed TextStim: height = np.float64(0.035)
114.4136 	EXP 	unnamed TextStim: height = np.float64(0.035)
114.4136 	EXP 	unnamed TextStim: text = 'Score: 80 pts'
114.4136 	EXP 	unnamed TextStim: text = ''
114.4136 	EXP 	unnamed TextStim: text = '+10 Points'
114.4136 	EXP 	unnamed TextStim: foreColor = [0.1, 0.8, 0.3]
114.4136 	EXP 	unnamed ImageStim: ori = 4
114.4136 	EXP 	unnamed ImageStim: image = '/Users/burgerks/Documents/GitHub/motivated_bandit/_task/stimuli/win/sweet/sweet_bandit_160.jpg'
114.4136 	EXP 	unnamed ImageStim: ori = -5
114.4136 	EXP 	unnamed ImageStim: image = '/Users/burgerks/Documents/GitHub/motivated_bandit/_task/stimuli/win/sweet/sweet_bandit_151.jpg'
114.4136 	EXP 	unnamed ImageStim: ori = -4
114.4136 	EXP 	unnamed ImageStim: image = '/Users/burgerks/Documents/GitHub/motivated_bandit/_task/stimuli/win/sweet/sweet_bandit_095.jpg'
114.4136 	EXP 	unnamed ImageStim: ori = -3
114.4136 	EXP 	unnamed ImageStim: image = '/Users/burgerks/Documents/GitHub/motivated_bandit/_task/stimuli/win/sweet/sweet_bandit_028.jpg'
114.4136 	EXP 	TRIGGER 20 (bandit_win)
116.5138 	EXP 	unnamed Rect: fillColor = [0.85, 0.85, 0.85]
116.5138 	EXP 	unnamed Rect: fillColor = [0.85, 0.85, 0.85]
116.5138 	EXP 	unnamed Rect: fillColor = [0.85, 0.85, 0.85]
116.5138 	EXP 	unnamed TextStim: text = ''
116.5138 	EXP 	unnamed TextStim: foreColor = 'white'
116.5138 	EXP 	unnamed TextStim: text = 'Score: 80 pts'
116.5138 	EXP 	unnamed TextStim: text = ''
116.5138 	EXP 	TRIGGER 10 (choice_onset)
116.9808 	EXP 	Device response: <KeyPress from None: t=116.97928120777942, value=left, duration=None>
116.9857 	DATA 	Keypress: left
116.9971 	EXP 	TRIGGER 11 (choice_made)
117.4305 	EXP 	TRIGGER 34 (anticipation)
117.4307 	EXP 	Device response: <KeyPress from None: t=116.97928120777942, value=left, duration=0.1283091672230512>
118.2637 	EXP 	unnamed TextStim: height = np.float64(0.035)
118.2637 	EXP 	unnamed TextStim: height = np.float64(0.035)
118.2637 	EXP 	unnamed TextStim: height = np.float64(0.035)
118.2637 	EXP 	unnamed TextStim: text = 'Score: 90 pts'
118.2637 	EXP 	unnamed TextStim: text = ''
118.2637 	EXP 	unnamed TextStim: text = '+10 Points'
118.2637 	EXP 	unnamed TextStim: foreColor = [0.1, 0.8, 0.3]
118.2637 	EXP 	unnamed ImageStim: ori = 2
118.2637 	EXP 	unnamed ImageStim: image = '/Users/burgerks/Documents/GitHub/motivated_bandit/_task/stimuli/win/sweet/sweet_bandit_160.jpg'
118.2637 	EXP 	unnamed ImageStim: ori = 1
118.2637 	EXP 	unnamed ImageStim: image = '/Users/burgerks/Documents/GitHub/motivated_bandit/_task/stimuli/win/sweet/sweet_bandit_113.jpg'
118.2637 	EXP 	unnamed ImageStim: ori = 4
118.2637 	EXP 	unnamed ImageStim: image = '/Users/burgerks/Documents/GitHub/motivated_bandit/_task/stimuli/win/sweet/sweet_bandit_097.jpg'
118.2637 	EXP 	unnamed ImageStim: ori = -1
118.2637 	EXP 	unnamed ImageStim: image = '/Users/burgerks/Documents/GitHub/motivated_bandit/_task/stimuli/win/sweet/sweet_bandit_091.jpg'
118.2638 	EXP 	TRIGGER 20 (bandit_win)
120.2304 	EXP 	unnamed Rect: fillColor = [0.85, 0.85, 0.85]
120.2304 	EXP 	unnamed Rect: fillColor = [0.85, 0.85, 0.85]
120.2304 	EXP 	unnamed Rect: fillColor = [0.85, 0.85, 0.85]
120.2304 	EXP 	unnamed TextStim: text = ''
120.2304 	EXP 	unnamed TextStim: foreColor = 'white'
120.2304 	EXP 	unnamed TextStim: text = 'Score: 90 pts'
120.2304 	EXP 	unnamed TextStim: text = ''
120.2305 	EXP 	TRIGGER 10 (choice_onset)
120.6522 	DATA 	Keypress: left
120.6641 	EXP 	Device response: <KeyPress from None: t=120.64729333296418, value=left, duration=None>
120.6804 	EXP 	TRIGGER 11 (choice_made)
121.0971 	EXP 	TRIGGER 34 (anticipation)
121.0974 	EXP 	Device response: <KeyPress from None: t=120.64729333296418, value=left, duration=0.13618137501180172>
121.8304 	EXP 	unnamed TextStim: height = np.float64(0.035)
121.8304 	EXP 	unnamed TextStim: height = np.float64(0.035)
121.8304 	EXP 	unnamed TextStim: height = np.float64(0.035)
121.8304 	EXP 	unnamed TextStim: text = 'Score: 80 pts'
121.8304 	EXP 	unnamed TextStim: text = ''
121.8304 	EXP 	unnamed TextStim: height = np.float64(0.1)
121.8304 	EXP 	unnamed TextStim: height = np.float64(0.1)
121.8304 	EXP 	unnamed TextStim: height = np.float64(0.1)
121.8304 	EXP 	unnamed TextStim: text = '-10 Points'
121.8304 	EXP 	unnamed TextStim: foreColor = [0.9, 0.2, 0.2]
121.8304 	EXP 	unnamed ImageStim: ori = -1.0
121.8304 	EXP 	unnamed ImageStim: image = '/Users/burgerks/Documents/GitHub/motivated_bandit/_task/stimuli/loss/lose_pic.png'
121.8304 	EXP 	TRIGGER 21 (bandit_loss)
124.0471 	EXP 	unnamed TextStim: text = 'Bonus round!'
124.0471 	EXP 	unnamed TextStim: foreColor = 'white'
124.0471 	EXP 	TRIGGER 30 (bonus_intro)
125.1302 	EXP 	unnamed TextStim: text = '+15 if fast'
125.1302 	EXP 	unnamed ImageStim: image = '/Users/burgerks/Documents/GitHub/motivated_bandit/_task/stimuli/neutral/bandit_014.jpg'
125.1303 	EXP 	TRIGGER 32 (cue_neutral)
126.6470 	EXP 	TRIGGER 33 (fixation)
128.3304 	EXP 	TRIGGER 35 (target)
128.5749 	DATA 	Keypress: down
128.5807 	EXP 	Device response: <KeyPress from None: t=128.5716945407912, value=down, duration=None>
128.5807 	EXP 	TRIGGER 36 (response)
128.5971 	EXP 	TRIGGER 37 (bonus_feedback)
128.6805 	EXP 	Device response: <KeyPress from None: t=128.5716945407912, value=down, duration=0.10628237505443394>
129.2303 	EXP 	unnamed Rect: fillColor = [0.85, 0.85, 0.85]
129.2303 	EXP 	unnamed Rect: fillColor = [0.85, 0.85, 0.85]
129.2303 	EXP 	unnamed Rect: fillColor = [0.85, 0.85, 0.85]
129.2303 	EXP 	unnamed TextStim: text = ''
129.2303 	EXP 	unnamed TextStim: foreColor = 'white'
129.2303 	EXP 	unnamed TextStim: text = 'Score: 80 pts'
129.2303 	EXP 	unnamed TextStim: text = ''
129.2304 	EXP 	TRIGGER 10 (choice_onset)
129.9019 	DATA 	Keypress: down
129.9140 	EXP 	Device response: <KeyPress from None: t=129.897641915828, value=down, duration=None>
129.9303 	EXP 	TRIGGER 11 (choice_made)
130.3636 	EXP 	TRIGGER 34 (anticipation)
130.3639 	EXP 	Device response: <KeyPress from None: t=129.897641915828, value=down, duration=0.16432237508706748>
131.1137 	EXP 	unnamed TextStim: height = np.float64(0.035)
131.1137 	EXP 	unnamed TextStim: height = np.float64(0.035)
131.1137 	EXP 	unnamed TextStim: height = np.float64(0.035)
131.1137 	EXP 	unnamed TextStim: text = 'Score: 90 pts'
131.1137 	EXP 	unnamed TextStim: text = ''
131.1137 	EXP 	unnamed TextStim: height = np.float64(0.1)
131.1137 	EXP 	unnamed TextStim: height = np.float64(0.1)
131.1137 	EXP 	unnamed TextStim: height = np.float64(0.1)
131.1137 	EXP 	unnamed TextStim: text = '+10 Points'
131.1137 	EXP 	unnamed TextStim: foreColor = [0.1, 0.8, 0.3]
131.1137 	EXP 	unnamed ImageStim: ori = 3
131.1137 	EXP 	unnamed ImageStim: image = '/Users/burgerks/Documents/GitHub/motivated_bandit/_task/stimuli/win/sweet/sweet_bandit_067.jpg'
131.1137 	EXP 	unnamed ImageStim: ori = -5
131.1137 	EXP 	unnamed ImageStim: image = '/Users/burgerks/Documents/GitHub/motivated_bandit/_task/stimuli/win/sweet/sweet_bandit_107.jpg'
131.1137 	EXP 	unnamed ImageStim: ori = 0
131.1137 	EXP 	unnamed ImageStim: image = '/Users/burgerks/Documents/GitHub/motivated_bandit/_task/stimuli/win/sweet/sweet_bandit_099.jpg'
131.1137 	EXP 	unnamed ImageStim: ori = -4
131.1137 	EXP 	unnamed ImageStim: image = '/Users/burgerks/Documents/GitHub/motivated_bandit/_task/stimuli/win/sweet/sweet_bandit_041.jpg'
131.1138 	EXP 	TRIGGER 20 (bandit_win)
133.1969 	EXP 	unnamed Rect: fillColor = [0.85, 0.85, 0.85]
133.1969 	EXP 	unnamed Rect: fillColor = [0.85, 0.85, 0.85]
133.1969 	EXP 	unnamed Rect: fillColor = [0.85, 0.85, 0.85]
133.1969 	EXP 	unnamed TextStim: text = ''
133.1969 	EXP 	unnamed TextStim: foreColor = 'white'
133.1969 	EXP 	unnamed TextStim: text = 'Score: 90 pts'
133.1969 	EXP 	unnamed TextStim: text = ''
133.1969 	EXP 	TRIGGER 10 (choice_onset)
133.5307 	EXP 	Device response: <KeyPress from None: t=133.5295363748446, value=left, duration=None>
133.5355 	DATA 	Keypress: left
133.5470 	EXP 	TRIGGER 11 (choice_made)
133.9803 	EXP 	TRIGGER 34 (anticipation)
133.9805 	EXP 	Device response: <KeyPress from None: t=133.5295363748446, value=left, duration=0.13647858309559524>
134.9971 	EXP 	unnamed TextStim: height = np.float64(0.035)
134.9971 	EXP 	unnamed TextStim: height = np.float64(0.035)
134.9971 	EXP 	unnamed TextStim: height = np.float64(0.035)
134.9971 	EXP 	unnamed TextStim: text = 'Score: 100 pts'
134.9971 	EXP 	unnamed TextStim: text = ''
134.9971 	EXP 	unnamed TextStim: text = '+10 Points'
134.9971 	EXP 	unnamed TextStim: foreColor = [0.1, 0.8, 0.3]
134.9971 	EXP 	unnamed ImageStim: ori = 1
134.9971 	EXP 	unnamed ImageStim: image = '/Users/burgerks/Documents/GitHub/motivated_bandit/_task/stimuli/win/sweet/sweet_bandit_161.jpg'
134.9971 	EXP 	unnamed ImageStim: ori = -1
134.9971 	EXP 	unnamed ImageStim: image = '/Users/burgerks/Documents/GitHub/motivated_bandit/_task/stimuli/win/sweet/sweet_bandit_051.jpg'
134.9971 	EXP 	unnamed ImageStim: ori = -4
134.9971 	EXP 	unnamed ImageStim: image = '/Users/burgerks/Documents/GitHub/motivated_bandit/_task/stimuli/win/sweet/sweet_bandit_117.jpg'
134.9971 	EXP 	unnamed ImageStim: ori = -5
134.9971 	EXP 	unnamed ImageStim: image = '/Users/burgerks/Documents/GitHub/motivated_bandit/_task/stimuli/win/sweet/sweet_bandit_152.jpg'
134.9971 	EXP 	TRIGGER 20 (bandit_win)
137.0636 	EXP 	unnamed TextStim: text = 'Bonus round!'
137.0636 	EXP 	unnamed TextStim: foreColor = 'white'
137.0636 	EXP 	TRIGGER 30 (bonus_intro)
138.1469 	EXP 	unnamed TextStim: text = '+15 if fast'
138.1469 	EXP 	unnamed ImageStim: image = '/Users/burgerks/Documents/GitHub/motivated_bandit/_task/stimuli/win/sweet/sweet_bandit_112.jpg'
138.1469 	EXP 	TRIGGER 31 (cue_food)
139.6636 	EXP 	TRIGGER 33 (fixation)
141.1469 	EXP 	TRIGGER 35 (target)
141.4021 	DATA 	Keypress: down
141.4139 	EXP 	Device response: <KeyPress from None: t=141.3972637078259, value=down, duration=None>
141.4139 	EXP 	TRIGGER 36 (response)
141.4302 	EXP 	TRIGGER 37 (bonus_feedback)
141.5138 	EXP 	Device response: <KeyPress from None: t=141.3972637078259, value=down, duration=0.10630987514741719>
142.0470 	EXP 	unnamed Rect: fillColor = [0.85, 0.85, 0.85]
142.0470 	EXP 	unnamed Rect: fillColor = [0.85, 0.85, 0.85]
142.0470 	EXP 	unnamed Rect: fillColor = [0.85, 0.85, 0.85]
142.0470 	EXP 	unnamed TextStim: text = ''
142.0470 	EXP 	unnamed TextStim: foreColor = 'white'
142.0470 	EXP 	unnamed TextStim: text = 'Score: 100 pts'
142.0470 	EXP 	unnamed TextStim: text = ''
142.0470 	EXP 	TRIGGER 10 (choice_onset)
142.9351 	DATA 	Keypress: left
142.9473 	EXP 	Device response: <KeyPress from None: t=142.93219095794484, value=left, duration=None>
142.9636 	EXP 	TRIGGER 11 (choice_made)
143.3803 	EXP 	TRIGGER 34 (anticipation)
143.3805 	EXP 	Device response: <KeyPress from None: t=142.93219095794484, value=left, duration=0.13231675000861287>
144.0970 	EXP 	unnamed TextStim: height = np.float64(0.035)
144.0970 	EXP 	unnamed TextStim: height = np.float64(0.035)
144.0970 	EXP 	unnamed TextStim: height = np.float64(0.035)
144.0970 	EXP 	unnamed TextStim: text = 'Score: 110 pts'
144.0970 	EXP 	unnamed TextStim: text = ''
144.0970 	EXP 	unnamed TextStim: text = '+10 Points'
144.0970 	EXP 	unnamed TextStim: foreColor = [0.1, 0.8, 0.3]
144.0970 	EXP 	unnamed ImageStim: ori = 2
144.0970 	EXP 	unnamed ImageStim: image = '/Users/burgerks/Documents/GitHub/motivated_bandit/_task/stimuli/win/sweet/sweet_bandit_079.jpg'
144.0970 	EXP 	unnamed ImageStim: ori = 5
144.0970 	EXP 	unnamed ImageStim: image = '/Users/burgerks/Documents/GitHub/motivated_bandit/_task/stimuli/win/sweet/sweet_bandit_010.jpg'
144.0970 	EXP 	unnamed ImageStim: ori = -1
144.0970 	EXP 	unnamed ImageStim: image = '/Users/burgerks/Documents/GitHub/motivated_bandit/_task/stimuli/win/sweet/sweet_bandit_128.jpg'
144.0970 	EXP 	unnamed ImageStim: ori = 0
144.0970 	EXP 	unnamed ImageStim: image = '/Users/burgerks/Documents/GitHub/motivated_bandit/_task/stimuli/win/sweet/sweet_bandit_037.jpg'
144.0970 	EXP 	TRIGGER 20 (bandit_win)
146.1470 	EXP 	unnamed Rect: fillColor = [0.85, 0.85, 0.85]
146.1470 	EXP 	unnamed Rect: fillColor = [0.85, 0.85, 0.85]
146.1470 	EXP 	unnamed Rect: fillColor = [0.85, 0.85, 0.85]
146.1470 	EXP 	unnamed TextStim: text = ''
146.1470 	EXP 	unnamed TextStim: foreColor = 'white'
146.1470 	EXP 	unnamed TextStim: text = 'Score: 110 pts'
146.1470 	EXP 	unnamed TextStim: text = ''
146.1470 	EXP 	TRIGGER 10 (choice_onset)
146.5639 	EXP 	Device response: <KeyPress from None: t=146.56309937499464, value=left, duration=None>
146.5693 	DATA 	Keypress: left
146.5803 	EXP 	TRIGGER 11 (choice_made)
147.0136 	EXP 	TRIGGER 34 (anticipation)
147.0139 	EXP 	Device response: <KeyPress from None: t=146.56309937499464, value=left, duration=0.14030979084782302>
147.8801 	EXP 	unnamed TextStim: height = np.float64(0.035)
147.8801 	EXP 	unnamed TextStim: height = np.float64(0.035)
147.8801 	EXP 	unnamed TextStim: height = np.float64(0.035)
147.8801 	EXP 	unnamed TextStim: text = 'Score: 120 pts'
147.8801 	EXP 	unnamed TextStim: text = ''
147.8801 	EXP 	unnamed TextStim: text = '+10 Points'
147.8801 	EXP 	unnamed TextStim: foreColor = [0.1, 0.8, 0.3]
147.8801 	EXP 	unnamed ImageStim: ori = 4
147.8801 	EXP 	unnamed ImageStim: image = '/Users/burgerks/Documents/GitHub/motivated_bandit/_task/stimuli/win/sweet/sweet_bandit_108.jpg'
147.8801 	EXP 	unnamed ImageStim: ori = 0
147.8801 	EXP 	unnamed ImageStim: image = '/Users/burgerks/Documents/GitHub/motivated_bandit/_task/stimuli/win/sweet/sweet_bandit_017.jpg'
147.8801 	EXP 	unnamed ImageStim: ori = -5
147.8801 	EXP 	unnamed ImageStim: image = '/Users/burgerks/Documents/GitHub/motivated_bandit/_task/stimuli/win/sweet/sweet_bandit_134.jpg'
147.8801 	EXP 	unnamed ImageStim: ori = -3
147.8801 	EXP 	unnamed ImageStim: image = '/Users/burgerks/Documents/GitHub/motivated_bandit/_task/stimuli/win/sweet/sweet_bandit_110.jpg'
147.8801 	EXP 	TRIGGER 20 (bandit_win)
150.0470 	EXP 	unnamed TextStim: text = 'Bonus round!'
150.0470 	EXP 	unnamed TextStim: foreColor = 'white'
150.0470 	EXP 	TRIGGER 30 (bonus_intro)
151.1469 	EXP 	unnamed TextStim: text = '+15 if fast'
151.1469 	EXP 	unnamed ImageStim: image = '/Users/burgerks/Documents/GitHub/motivated_bandit/_task/stimuli/win/sweet/sweet_bandit_087.jpg'
151.1470 	EXP 	TRIGGER 31 (cue_food)
152.6802 	EXP 	TRIGGER 33 (fixation)
154.2302 	EXP 	TRIGGER 35 (target)
154.4964 	DATA 	Keypress: down
154.4979 	EXP 	Device response: <KeyPress from None: t=154.49306149990298, value=down, duration=None>
154.4979 	EXP 	TRIGGER 36 (response)
154.5136 	EXP 	TRIGGER 37 (bonus_feedback)
154.5805 	EXP 	Device response: <KeyPress from None: t=154.49306149990298, value=down, duration=0.0822723750025034>
155.1469 	EXP 	unnamed Rect: fillColor = [0.85, 0.85, 0.85]
155.1469 	EXP 	unnamed Rect: fillColor = [0.85, 0.85, 0.85]
155.1469 	EXP 	unnamed Rect: fillColor = [0.85, 0.85, 0.85]
155.1469 	EXP 	unnamed TextStim: text = ''
155.1469 	EXP 	unnamed TextStim: foreColor = 'white'
155.1469 	EXP 	unnamed TextStim: text = 'Score: 120 pts'
155.1469 	EXP 	unnamed TextStim: text = ''
155.1469 	EXP 	TRIGGER 10 (choice_onset)
155.8472 	EXP 	Device response: <KeyPress from None: t=155.84500254085287, value=left, duration=None>
155.8511 	DATA 	Keypress: left
155.8635 	EXP 	TRIGGER 11 (choice_made)
156.2968 	EXP 	TRIGGER 34 (anticipation)
156.2971 	EXP 	Device response: <KeyPress from None: t=155.84500254085287, value=left, duration=0.14430141705088317>
156.9803 	EXP 	unnamed TextStim: height = np.float64(0.035)
156.9803 	EXP 	unnamed TextStim: height = np.float64(0.035)
156.9803 	EXP 	unnamed TextStim: height = np.float64(0.035)
156.9803 	EXP 	unnamed TextStim: text = 'Score: 110 pts'
156.9803 	EXP 	unnamed TextStim: text = ''
156.9803 	EXP 	unnamed TextStim: height = np.float64(0.1)
156.9803 	EXP 	unnamed TextStim: height = np.float64(0.1)
156.9803 	EXP 	unnamed TextStim: height = np.float64(0.1)
156.9803 	EXP 	unnamed TextStim: text = '-10 Points'
156.9803 	EXP 	unnamed TextStim: foreColor = [0.9, 0.2, 0.2]
156.9803 	EXP 	unnamed ImageStim: ori = -1.0
156.9803 	EXP 	unnamed ImageStim: image = '/Users/burgerks/Documents/GitHub/motivated_bandit/_task/stimuli/loss/lose_pic.png'
156.9803 	EXP 	TRIGGER 21 (bandit_loss)
159.0134 	EXP 	unnamed Rect: fillColor = [0.85, 0.85, 0.85]
159.0134 	EXP 	unnamed Rect: fillColor = [0.85, 0.85, 0.85]
159.0134 	EXP 	unnamed Rect: fillColor = [0.85, 0.85, 0.85]
159.0134 	EXP 	unnamed TextStim: text = ''
159.0134 	EXP 	unnamed TextStim: foreColor = 'white'
159.0134 	EXP 	unnamed TextStim: text = 'Score: 110 pts'
159.0134 	EXP 	unnamed TextStim: text = ''
159.0135 	EXP 	TRIGGER 10 (choice_onset)
159.3558 	DATA 	Keypress: down
159.3639 	EXP 	Device response: <KeyPress from None: t=159.35288791591302, value=down, duration=None>
159.3802 	EXP 	TRIGGER 11 (choice_made)
159.8135 	EXP 	TRIGGER 34 (anticipation)
159.8137 	EXP 	Device response: <KeyPress from None: t=159.35288791591302, value=down, duration=0.12464383407495916>
160.8135 	EXP 	unnamed TextStim: height = np.float64(0.035)
160.8135 	EXP 	unnamed TextStim: height = np.float64(0.035)
160.8135 	EXP 	unnamed TextStim: height = np.float64(0.035)
160.8135 	EXP 	unnamed TextStim: text = 'Score: 120 pts'
160.8135 	EXP 	unnamed TextStim: text = ''
160.8135 	EXP 	unnamed TextStim: height = np.float64(0.1)
160.8135 	EXP 	unnamed TextStim: height = np.float64(0.1)
160.8135 	EXP 	unnamed TextStim: height = np.float64(0.1)
160.8135 	EXP 	unnamed TextStim: text = '+10 Points'
160.8135 	EXP 	unnamed TextStim: foreColor = [0.1, 0.8, 0.3]
160.8135 	EXP 	unnamed ImageStim: ori = 4
160.8135 	EXP 	unnamed ImageStim: image = '/Users/burgerks/Documents/GitHub/motivated_bandit/_task/stimuli/win/sweet/sweet_bandit_149.jpeg'
160.8135 	EXP 	unnamed ImageStim: ori = -3
160.8135 	EXP 	unnamed ImageStim: image = '/Users/burgerks/Documents/GitHub/motivated_bandit/_task/stimuli/win/sweet/sweet_bandit_120.jpg'
160.8135 	EXP 	unnamed ImageStim: ori = -3
160.8135 	EXP 	unnamed ImageStim: image = '/Users/burgerks/Documents/GitHub/motivated_bandit/_task/stimuli/win/sweet/sweet_bandit_079.jpg'
160.8135 	EXP 	unnamed ImageStim: ori = -5
160.8135 	EXP 	unnamed ImageStim: image = '/Users/burgerks/Documents/GitHub/motivated_bandit/_task/stimuli/win/sweet/sweet_bandit_160.jpg'
160.8137 	EXP 	TRIGGER 20 (bandit_win)
162.7968 	EXP 	unnamed Rect: fillColor = [0.85, 0.85, 0.85]
162.7968 	EXP 	unnamed Rect: fillColor = [0.85, 0.85, 0.85]
162.7968 	EXP 	unnamed Rect: fillColor = [0.85, 0.85, 0.85]
162.7968 	EXP 	unnamed TextStim: text = ''
162.7968 	EXP 	unnamed TextStim: foreColor = 'white'
162.7968 	EXP 	unnamed TextStim: text = 'Score: 120 pts'
162.7968 	EXP 	unnamed TextStim: text = ''
162.7969 	EXP 	TRIGGER 10 (choice_onset)
163.2206 	DATA 	Keypress: down
163.2305 	EXP 	Device response: <KeyPress from None: t=163.21777920797467, value=down, duration=None>
163.2468 	EXP 	TRIGGER 11 (choice_made)
163.6801 	EXP 	TRIGGER 34 (anticipation)
163.6805 	EXP 	Device response: <KeyPress from None: t=163.21777920797467, value=down, duration=0.12432458298280835>
164.3635 	EXP 	unnamed TextStim: height = np.float64(0.035)
164.3635 	EXP 	unnamed TextStim: height = np.float64(0.035)
164.3635 	EXP 	unnamed TextStim: height = np.float64(0.035)
164.3635 	EXP 	unnamed TextStim: text = 'Score: 110 pts'
164.3635 	EXP 	unnamed TextStim: text = ''
164.3635 	EXP 	unnamed TextStim: height = np.float64(0.1)
164.3635 	EXP 	unnamed TextStim: height = np.float64(0.1)
164.3635 	EXP 	unnamed TextStim: height = np.float64(0.1)
164.3635 	EXP 	unnamed TextStim: text = '-10 Points'
164.3635 	EXP 	unnamed TextStim: foreColor = [0.9, 0.2, 0.2]
164.3635 	EXP 	unnamed ImageStim: ori = -0.75
164.3635 	EXP 	unnamed ImageStim: image = '/Users/burgerks/Documents/GitHub/motivated_bandit/_task/stimuli/loss/lose_pic.png'
164.3635 	EXP 	TRIGGER 21 (bandit_loss)
166.5967 	EXP 	unnamed TextStim: text = 'Bonus round!'
166.5967 	EXP 	unnamed TextStim: foreColor = 'white'
166.5968 	EXP 	TRIGGER 30 (bonus_intro)
167.6635 	EXP 	unnamed TextStim: text = '+15 if fast'
167.6635 	EXP 	unnamed ImageStim: image = '/Users/burgerks/Documents/GitHub/motivated_bandit/_task/stimuli/neutral/bandit_013.jpg'
167.6635 	EXP 	TRIGGER 32 (cue_neutral)
169.1969 	EXP 	TRIGGER 33 (fixation)
171.1468 	EXP 	TRIGGER 35 (target)
171.4215 	DATA 	Keypress: down
171.4304 	EXP 	Device response: <KeyPress from None: t=171.41866320790723, value=down, duration=None>
171.4304 	EXP 	TRIGGER 36 (response)
171.4467 	EXP 	TRIGGER 37 (bonus_feedback)
171.5136 	EXP 	Device response: <KeyPress from None: t=171.41866320790723, value=down, duration=0.09429645794443786>
172.0801 	EXP 	unnamed Rect: fillColor = [0.85, 0.85, 0.85]
172.0801 	EXP 	unnamed Rect: fillColor = [0.85, 0.85, 0.85]
172.0801 	EXP 	unnamed Rect: fillColor = [0.85, 0.85, 0.85]
172.0801 	EXP 	unnamed TextStim: text = ''
172.0801 	EXP 	unnamed TextStim: foreColor = 'white'
172.0801 	EXP 	unnamed TextStim: text = 'Score: 110 pts'
172.0801 	EXP 	unnamed TextStim: text = ''
172.0801 	EXP 	TRIGGER 10 (choice_onset)
172.8354 	DATA 	Keypress: left
172.8471 	EXP 	Device response: <KeyPress from None: t=172.83058737497777, value=left, duration=None>
172.8635 	EXP 	TRIGGER 11 (choice_made)
173.2968 	EXP 	TRIGGER 34 (anticipation)
173.2971 	EXP 	Device response: <KeyPress from None: t=172.83058737497777, value=left, duration=0.13632991584017873>
174.0302 	EXP 	unnamed TextStim: height = np.float64(0.035)
174.0302 	EXP 	unnamed TextStim: height = np.float64(0.035)
174.0302 	EXP 	unnamed TextStim: height = np.float64(0.035)
174.0302 	EXP 	unnamed TextStim: text = 'Score: 120 pts'
174.0302 	EXP 	unnamed TextStim: text = ''
174.0302 	EXP 	unnamed TextStim: height = np.float64(0.1)
174.0302 	EXP 	unnamed TextStim: height = np.float64(0.1)
174.0302 	EXP 	unnamed TextStim: height = np.float64(0.1)
174.0302 	EXP 	unnamed TextStim: text = '+10 Points'
174.0302 	EXP 	unnamed TextStim: foreColor = [0.1, 0.8, 0.3]
174.0302 	EXP 	unnamed ImageStim: ori = 3
174.0302 	EXP 	unnamed ImageStim: image = '/Users/burgerks/Documents/GitHub/motivated_bandit/_task/stimuli/win/sweet/sweet_bandit_113.jpg'
174.0302 	EXP 	unnamed ImageStim: ori = -1
174.0302 	EXP 	unnamed ImageStim: image = '/Users/burgerks/Documents/GitHub/motivated_bandit/_task/stimuli/win/sweet/sweet_bandit_070.jpg'
174.0302 	EXP 	unnamed ImageStim: ori = 3
174.0302 	EXP 	unnamed ImageStim: image = '/Users/burgerks/Documents/GitHub/motivated_bandit/_task/stimuli/win/sweet/sweet_bandit_019.jpg'
174.0302 	EXP 	unnamed ImageStim: ori = -3
174.0302 	EXP 	unnamed ImageStim: image = '/Users/burgerks/Documents/GitHub/motivated_bandit/_task/stimuli/win/sweet/sweet_bandit_091.jpg'
174.0302 	EXP 	TRIGGER 20 (bandit_win)
176.0135 	EXP 	unnamed Rect: fillColor = [0.85, 0.85, 0.85]
176.0135 	EXP 	unnamed Rect: fillColor = [0.85, 0.85, 0.85]
176.0135 	EXP 	unnamed Rect: fillColor = [0.85, 0.85, 0.85]
176.0135 	EXP 	unnamed TextStim: text = ''
176.0135 	EXP 	unnamed TextStim: foreColor = 'white'
176.0135 	EXP 	unnamed TextStim: text = 'Score: 120 pts'
176.0135 	EXP 	unnamed TextStim: text = ''
176.0136 	EXP 	TRIGGER 10 (choice_onset)
176.4138 	EXP 	Device response: <KeyPress from None: t=176.41150537482463, value=left, duration=None>
176.4176 	DATA 	Keypress: left
176.4301 	EXP 	TRIGGER 11 (choice_made)
176.8635 	EXP 	TRIGGER 34 (anticipation)
176.8638 	EXP 	Device response: <KeyPress from None: t=176.41150537482463, value=left, duration=0.14032920799218118>
177.5801 	EXP 	unnamed TextStim: height = np.float64(0.035)
177.5801 	EXP 	unnamed TextStim: height = np.float64(0.035)
177.5801 	EXP 	unnamed TextStim: height = np.float64(0.035)
177.5801 	EXP 	unnamed TextStim: text = 'Score: 110 pts'
177.5801 	EXP 	unnamed TextStim: text = ''
177.5801 	EXP 	unnamed TextStim: height = np.float64(0.1)
177.5801 	EXP 	unnamed TextStim: height = np.float64(0.1)
177.5801 	EXP 	unnamed TextStim: height = np.float64(0.1)
177.5801 	EXP 	unnamed TextStim: text = '-10 Points'
177.5801 	EXP 	unnamed TextStim: foreColor = [0.9, 0.2, 0.2]
177.5801 	EXP 	unnamed ImageStim: ori = -1.25
177.5801 	EXP 	unnamed ImageStim: image = '/Users/burgerks/Documents/GitHub/motivated_bandit/_task/stimuli/loss/lose_pic.png'
177.5802 	EXP 	TRIGGER 21 (bandit_loss)
179.7635 	EXP 	unnamed TextStim: text = 'Bonus round!'
179.7635 	EXP 	unnamed TextStim: foreColor = 'white'
179.7635 	EXP 	TRIGGER 30 (bonus_intro)
180.8466 	EXP 	unnamed TextStim: text = '+15 if fast'
180.8466 	EXP 	unnamed ImageStim: image = '/Users/burgerks/Documents/GitHub/motivated_bandit/_task/stimuli/win/sweet/sweet_bandit_115.jpg'
180.8467 	EXP 	TRIGGER 31 (cue_food)
182.3633 	EXP 	TRIGGER 33 (fixation)
183.6301 	EXP 	TRIGGER 35 (target)
183.8638 	EXP 	Device response: <KeyPress from None: t=183.8621484998148, value=down, duration=None>
183.8638 	EXP 	TRIGGER 36 (response)
183.8683 	DATA 	Keypress: down
183.8801 	EXP 	TRIGGER 37 (bonus_feedback)
183.9803 	EXP 	Device response: <KeyPress from None: t=183.8621484998148, value=down, duration=0.11426770803518593>
184.5134 	EXP 	unnamed Rect: fillColor = [0.85, 0.85, 0.85]
184.5134 	EXP 	unnamed Rect: fillColor = [0.85, 0.85, 0.85]
184.5134 	EXP 	unnamed Rect: fillColor = [0.85, 0.85, 0.85]
184.5134 	EXP 	unnamed TextStim: text = ''
184.5134 	EXP 	unnamed TextStim: foreColor = 'white'
184.5134 	EXP 	unnamed TextStim: text = 'Score: 110 pts'
184.5134 	EXP 	unnamed TextStim: text = ''
184.5135 	EXP 	TRIGGER 10 (choice_onset)
184.9911 	DATA 	Keypress: down
184.9970 	EXP 	Device response: <KeyPress from None: t=184.9880662499927, value=down, duration=None>
185.0134 	EXP 	TRIGGER 11 (choice_made)
185.4467 	EXP 	TRIGGER 34 (anticipation)
185.4469 	EXP 	Device response: <KeyPress from None: t=184.9880662499927, value=down, duration=0.1563333747908473>
186.0301 	EXP 	unnamed TextStim: height = np.float64(0.035)
186.0301 	EXP 	unnamed TextStim: height = np.float64(0.035)
186.0301 	EXP 	unnamed TextStim: height = np.float64(0.035)
186.0301 	EXP 	unnamed TextStim: text = 'Score: 100 pts'
186.0301 	EXP 	unnamed TextStim: text = ''
186.0301 	EXP 	unnamed TextStim: text = '-10 Points'
186.0301 	EXP 	unnamed TextStim: foreColor = [0.9, 0.2, 0.2]
186.0301 	EXP 	unnamed ImageStim: ori = -1.0
186.0301 	EXP 	unnamed ImageStim: image = '/Users/burgerks/Documents/GitHub/motivated_bandit/_task/stimuli/loss/lose_pic.png'
186.0301 	EXP 	TRIGGER 21 (bandit_loss)
188.1967 	EXP 	unnamed Rect: fillColor = [0.85, 0.85, 0.85]
188.1967 	EXP 	unnamed Rect: fillColor = [0.85, 0.85, 0.85]
188.1967 	EXP 	unnamed Rect: fillColor = [0.85, 0.85, 0.85]
188.1967 	EXP 	unnamed TextStim: text = ''
188.1967 	EXP 	unnamed TextStim: foreColor = 'white'
188.1967 	EXP 	unnamed TextStim: text = 'Score: 100 pts'
188.1967 	EXP 	unnamed TextStim: text = ''
188.1968 	EXP 	TRIGGER 10 (choice_onset)
188.8595 	DATA 	Keypress: left
188.8638 	EXP 	Device response: <KeyPress from None: t=188.85596862481907, value=left, duration=None>
188.8800 	EXP 	TRIGGER 11 (choice_made)
189.3134 	EXP 	TRIGGER 34 (anticipation)
189.3136 	EXP 	Device response: <KeyPress from None: t=188.85596862481907, value=left, duration=0.12030604109168053>
190.2967 	EXP 	unnamed TextStim: height = np.float64(0.035)
190.2967 	EXP 	unnamed TextStim: height = np.float64(0.035)
190.2967 	EXP 	unnamed TextStim: height = np.float64(0.035)
190.2967 	EXP 	unnamed TextStim: text = 'Score: 110 pts'
190.2967 	EXP 	unnamed TextStim: text = ''
190.2967 	EXP 	unnamed TextStim: height = np.float64(0.1)
190.2967 	EXP 	unnamed TextStim: height = np.float64(0.1)
190.2967 	EXP 	unnamed TextStim: height = np.float64(0.1)
190.2967 	EXP 	unnamed TextStim: text = '+10 Points'
190.2967 	EXP 	unnamed TextStim: foreColor = [0.1, 0.8, 0.3]
190.2967 	EXP 	unnamed ImageStim: ori = 3
190.2967 	EXP 	unnamed ImageStim: image = '/Users/burgerks/Documents/GitHub/motivated_bandit/_task/stimuli/win/sweet/sweet_bandit_135.jpg'
190.2967 	EXP 	unnamed ImageStim: ori = -5
190.2967 	EXP 	unnamed ImageStim: image = '/Users/burgerks/Documents/GitHub/motivated_bandit/_task/stimuli/win/sweet/sweet_bandit_124.jpg'
190.2967 	EXP 	unnamed ImageStim: ori = 3
190.2967 	EXP 	unnamed ImageStim: image = '/Users/burgerks/Documents/GitHub/motivated_bandit/_task/stimuli/win/sweet/sweet_bandit_084.jpg'
190.2967 	EXP 	unnamed ImageStim: ori = 4
190.2967 	EXP 	unnamed ImageStim: image = '/Users/burgerks/Documents/GitHub/motivated_bandit/_task/stimuli/win/sweet/sweet_bandit_138.jpg'
190.2967 	EXP 	TRIGGER 20 (bandit_win)
192.4300 	EXP 	unnamed TextStim: text = 'Bonus round!'
192.4300 	EXP 	unnamed TextStim: foreColor = 'white'
192.4300 	EXP 	TRIGGER 30 (bonus_intro)
193.5298 	EXP 	unnamed TextStim: text = '+15 if fast'
193.5298 	EXP 	unnamed ImageStim: image = '/Users/burgerks/Documents/GitHub/motivated_bandit/_task/stimuli/win/sweet/sweet_bandit_037.jpg'
193.5299 	EXP 	TRIGGER 31 (cue_food)
195.0467 	EXP 	TRIGGER 33 (fixation)
196.7800 	EXP 	TRIGGER 35 (target)
197.0399 	DATA 	Keypress: down
197.0470 	EXP 	Device response: <KeyPress from None: t=197.03700866596773, value=down, duration=None>
197.0471 	EXP 	TRIGGER 36 (response)
197.0633 	EXP 	TRIGGER 37 (bonus_feedback)
197.1469 	EXP 	Device response: <KeyPress from None: t=197.03700866596773, value=down, duration=0.10230895900167525>
197.6966 	EXP 	unnamed Rect: fillColor = [0.85, 0.85, 0.85]
197.6966 	EXP 	unnamed Rect: fillColor = [0.85, 0.85, 0.85]
197.6966 	EXP 	unnamed Rect: fillColor = [0.85, 0.85, 0.85]
197.6966 	EXP 	unnamed TextStim: text = ''
197.6966 	EXP 	unnamed TextStim: foreColor = 'white'
197.6966 	EXP 	unnamed TextStim: text = 'Score: 110 pts'
197.6966 	EXP 	unnamed TextStim: text = ''
197.6966 	EXP 	TRIGGER 10 (choice_onset)
198.5848 	DATA 	Keypress: left
198.5969 	EXP 	Device response: <KeyPress from None: t=198.58094433299266, value=left, duration=None>
198.6132 	EXP 	TRIGGER 11 (choice_made)
199.0300 	EXP 	TRIGGER 34 (anticipation)
199.0304 	EXP 	Device response: <KeyPress from None: t=198.58094433299266, value=left, duration=0.14829370798543096>
200.1632 	EXP 	unnamed TextStim: height = np.float64(0.035)
200.1632 	EXP 	unnamed TextStim: height = np.float64(0.035)
200.1632 	EXP 	unnamed TextStim: height = np.float64(0.035)
200.1632 	EXP 	unnamed TextStim: text = 'Score: 120 pts'
200.1632 	EXP 	unnamed TextStim: text = ''
200.1632 	EXP 	unnamed TextStim: text = '+10 Points'
200.1632 	EXP 	unnamed TextStim: foreColor = [0.1, 0.8, 0.3]
200.1632 	EXP 	unnamed ImageStim: ori = 0
200.1632 	EXP 	unnamed ImageStim: image = '/Users/burgerks/Documents/GitHub/motivated_bandit/_task/stimuli/win/sweet/sweet_bandit_135.jpg'
200.1632 	EXP 	unnamed ImageStim: ori = 3
200.1632 	EXP 	unnamed ImageStim: image = '/Users/burgerks/Documents/GitHub/motivated_bandit/_task/stimuli/win/sweet/sweet_bandit_111.jpg'
200.1632 	EXP 	unnamed ImageStim: ori = 2
200.1632 	EXP 	unnamed ImageStim: image = '/Users/burgerks/Documents/GitHub/motivated_bandit/_task/stimuli/win/sweet/sweet_bandit_090.jpg'
200.1632 	EXP 	unnamed ImageStim: ori = -3
200.1632 	EXP 	unnamed ImageStim: image = '/Users/burgerks/Documents/GitHub/motivated_bandit/_task/stimuli/win/sweet/sweet_bandit_024.jpg'
200.1632 	EXP 	TRIGGER 20 (bandit_win)
202.2466 	EXP 	unnamed Rect: fillColor = [0.85, 0.85, 0.85]
202.2466 	EXP 	unnamed Rect: fillColor = [0.85, 0.85, 0.85]
202.2466 	EXP 	unnamed Rect: fillColor = [0.85, 0.85, 0.85]
202.2466 	EXP 	unnamed TextStim: text = ''
202.2466 	EXP 	unnamed TextStim: foreColor = 'white'
202.2466 	EXP 	unnamed TextStim: text = 'Score: 120 pts'
202.2466 	EXP 	unnamed TextStim: text = ''
202.2466 	EXP 	TRIGGER 10 (choice_onset)
202.6218 	DATA 	Keypress: left
202.6304 	EXP 	Device response: <KeyPress from None: t=202.61882758280262, value=left, duration=None>
202.6467 	EXP 	TRIGGER 11 (choice_made)
203.0800 	EXP 	TRIGGER 34 (anticipation)
203.0802 	EXP 	Device response: <KeyPress from None: t=202.61882758280262, value=left, duration=0.1363278750795871>
203.8467 	EXP 	unnamed TextStim: height = np.float64(0.035)
203.8467 	EXP 	unnamed TextStim: height = np.float64(0.035)
203.8467 	EXP 	unnamed TextStim: height = np.float64(0.035)
203.8467 	EXP 	unnamed TextStim: text = 'Score: 110 pts'
203.8467 	EXP 	unnamed TextStim: text = ''
203.8467 	EXP 	unnamed TextStim: height = np.float64(0.1)
203.8467 	EXP 	unnamed TextStim: height = np.float64(0.1)
203.8467 	EXP 	unnamed TextStim: height = np.float64(0.1)
203.8467 	EXP 	unnamed TextStim: text = '-10 Points'
203.8467 	EXP 	unnamed TextStim: foreColor = [0.9, 0.2, 0.2]
203.8467 	EXP 	unnamed ImageStim: ori = -0.5
203.8467 	EXP 	unnamed ImageStim: image = '/Users/burgerks/Documents/GitHub/motivated_bandit/_task/stimuli/loss/lose_pic.png'
203.8467 	EXP 	TRIGGER 21 (bandit_loss)
206.0632 	EXP 	unnamed Rect: fillColor = [0.85, 0.85, 0.85]
206.0632 	EXP 	unnamed Rect: fillColor = [0.85, 0.85, 0.85]
206.0632 	EXP 	unnamed Rect: fillColor = [0.85, 0.85, 0.85]
206.0632 	EXP 	unnamed TextStim: text = ''
206.0632 	EXP 	unnamed TextStim: foreColor = 'white'
206.0632 	EXP 	unnamed TextStim: text = 'Score: 110 pts'
206.0632 	EXP 	unnamed TextStim: text = ''
206.0632 	EXP 	TRIGGER 10 (choice_onset)
206.4688 	DATA 	Keypress: left
206.4803 	EXP 	Device response: <KeyPress from None: t=206.46369983279146, value=left, duration=None>
206.4967 	EXP 	TRIGGER 11 (choice_made)
206.9300 	EXP 	TRIGGER 34 (anticipation)
206.9302 	EXP 	Device response: <KeyPress from None: t=206.46369983279146, value=left, duration=0.14034445816650987>
207.8133 	EXP 	unnamed TextStim: height = np.float64(0.035)
207.8133 	EXP 	unnamed TextStim: height = np.float64(0.035)
207.8133 	EXP 	unnamed TextStim: height = np.float64(0.035)
207.8133 	EXP 	unnamed TextStim: text = 'Score: 120 pts'
207.8133 	EXP 	unnamed TextStim: text = ''
207.8133 	EXP 	unnamed TextStim: height = np.float64(0.1)
207.8133 	EXP 	unnamed TextStim: height = np.float64(0.1)
207.8133 	EXP 	unnamed TextStim: height = np.float64(0.1)
207.8133 	EXP 	unnamed TextStim: text = '+10 Points'
207.8133 	EXP 	unnamed TextStim: foreColor = [0.1, 0.8, 0.3]
207.8133 	EXP 	unnamed ImageStim: ori = -5
207.8133 	EXP 	unnamed ImageStim: image = '/Users/burgerks/Documents/GitHub/motivated_bandit/_task/stimuli/win/sweet/sweet_bandit_099.jpg'
207.8133 	EXP 	unnamed ImageStim: ori = 4
207.8133 	EXP 	unnamed ImageStim: image = '/Users/burgerks/Documents/GitHub/motivated_bandit/_task/stimuli/win/sweet/sweet_bandit_134.jpg'
207.8133 	EXP 	unnamed ImageStim: ori = -5
207.8133 	EXP 	unnamed ImageStim: image = '/Users/burgerks/Documents/GitHub/motivated_bandit/_task/stimuli/win/sweet/sweet_bandit_124.jpg'
207.8133 	EXP 	unnamed ImageStim: ori = -3
207.8133 	EXP 	unnamed ImageStim: image = '/Users/burgerks/Documents/GitHub/motivated_bandit/_task/stimuli/win/sweet/sweet_bandit_138.jpg'
207.8133 	EXP 	TRIGGER 20 (bandit_win)
209.8132 	EXP 	unnamed TextStim: text = 'Bonus round!'
209.8132 	EXP 	unnamed TextStim: foreColor = 'white'
209.8132 	EXP 	TRIGGER 30 (bonus_intro)
210.8967 	EXP 	unnamed TextStim: text = '+15 if fast'
210.8967 	EXP 	unnamed ImageStim: image = '/Users/burgerks/Documents/GitHub/motivated_bandit/_task/stimuli/win/sweet/sweet_bandit_061.jpg'
210.8967 	EXP 	TRIGGER 31 (cue_food)
212.4299 	EXP 	TRIGGER 33 (fixation)
213.6798 	EXP 	TRIGGER 35 (target)
214.0227 	DATA 	Keypress: down
214.0303 	EXP 	Device response: <KeyPress from None: t=214.02024854090996, value=down, duration=None>
214.0303 	EXP 	TRIGGER 36 (response)
214.0466 	EXP 	TRIGGER 37 (bonus_feedback)
214.1135 	EXP 	Device response: <KeyPress from None: t=214.02024854090996, value=down, duration=0.08229858404956758>
214.6798 	EXP 	unnamed Rect: fillColor = [0.85, 0.85, 0.85]
214.6798 	EXP 	unnamed Rect: fillColor = [0.85, 0.85, 0.85]
214.6798 	EXP 	unnamed Rect: fillColor = [0.85, 0.85, 0.85]
214.6798 	EXP 	unnamed TextStim: text = ''
214.6798 	EXP 	unnamed TextStim: foreColor = 'white'
214.6798 	EXP 	unnamed TextStim: text = 'Score: 120 pts'
214.6798 	EXP 	unnamed TextStim: text = ''
214.6799 	EXP 	TRIGGER 10 (choice_onset)
215.3880 	DATA 	Keypress: left
215.3969 	EXP 	Device response: <KeyPress from None: t=215.38518354087137, value=left, duration=None>
215.4132 	EXP 	TRIGGER 11 (choice_made)
215.8465 	EXP 	TRIGGER 34 (anticipation)
215.8468 	EXP 	Device response: <KeyPress from None: t=215.38518354087137, value=left, duration=0.13632716704159975>
216.4632 	EXP 	unnamed TextStim: height = np.float64(0.035)
216.4632 	EXP 	unnamed TextStim: height = np.float64(0.035)
216.4632 	EXP 	unnamed TextStim: height = np.float64(0.035)
216.4632 	EXP 	unnamed TextStim: text = 'Score: 110 pts'
216.4632 	EXP 	unnamed TextStim: text = ''
216.4632 	EXP 	unnamed TextStim: height = np.float64(0.1)
216.4632 	EXP 	unnamed TextStim: height = np.float64(0.1)
216.4632 	EXP 	unnamed TextStim: height = np.float64(0.1)
216.4632 	EXP 	unnamed TextStim: text = '-10 Points'
216.4632 	EXP 	unnamed TextStim: foreColor = [0.9, 0.2, 0.2]
216.4632 	EXP 	unnamed ImageStim: ori = -0.75
216.4632 	EXP 	unnamed ImageStim: image = '/Users/burgerks/Documents/GitHub/motivated_bandit/_task/stimuli/loss/lose_pic.png'
216.4633 	EXP 	TRIGGER 21 (bandit_loss)
218.6965 	EXP 	unnamed Rect: fillColor = [0.85, 0.85, 0.85]
218.6965 	EXP 	unnamed Rect: fillColor = [0.85, 0.85, 0.85]
218.6965 	EXP 	unnamed Rect: fillColor = [0.85, 0.85, 0.85]
218.6965 	EXP 	unnamed TextStim: text = ''
218.6965 	EXP 	unnamed TextStim: foreColor = 'white'
218.6965 	EXP 	unnamed TextStim: text = 'Score: 110 pts'
218.6965 	EXP 	unnamed TextStim: text = ''
218.6966 	EXP 	TRIGGER 10 (choice_onset)
219.0755 	DATA 	Keypress: left
219.0802 	EXP 	Device response: <KeyPress from None: t=219.07308820798062, value=left, duration=None>
219.0966 	EXP 	TRIGGER 11 (choice_made)
219.5298 	EXP 	TRIGGER 34 (anticipation)
219.5302 	EXP 	Device response: <KeyPress from None: t=219.07308820798062, value=left, duration=0.1363029999192804>
220.3799 	EXP 	unnamed TextStim: height = np.float64(0.035)
220.3799 	EXP 	unnamed TextStim: height = np.float64(0.035)
220.3799 	EXP 	unnamed TextStim: height = np.float64(0.035)
220.3799 	EXP 	unnamed TextStim: text = 'Score: 120 pts'
220.3799 	EXP 	unnamed TextStim: text = ''
220.3799 	EXP 	unnamed TextStim: height = np.float64(0.1)
220.3799 	EXP 	unnamed TextStim: height = np.float64(0.1)
220.3799 	EXP 	unnamed TextStim: height = np.float64(0.1)
220.3799 	EXP 	unnamed TextStim: text = '+10 Points'
220.3799 	EXP 	unnamed TextStim: foreColor = [0.1, 0.8, 0.3]
220.3799 	EXP 	unnamed ImageStim: ori = -3
220.3799 	EXP 	unnamed ImageStim: image = '/Users/burgerks/Documents/GitHub/motivated_bandit/_task/stimuli/win/sweet/sweet_bandit_028.jpg'
220.3799 	EXP 	unnamed ImageStim: ori = -1
220.3799 	EXP 	unnamed ImageStim: image = '/Users/burgerks/Documents/GitHub/motivated_bandit/_task/stimuli/win/sweet/sweet_bandit_073.jpg'
220.3799 	EXP 	unnamed ImageStim: ori = -3
220.3799 	EXP 	unnamed ImageStim: image = '/Users/burgerks/Documents/GitHub/motivated_bandit/_task/stimuli/win/sweet/sweet_bandit_108.jpg'
220.3799 	EXP 	unnamed ImageStim: ori = -2
220.3799 	EXP 	unnamed ImageStim: image = '/Users/burgerks/Documents/GitHub/motivated_bandit/_task/stimuli/win/sweet/sweet_bandit_087.jpg'
220.3799 	EXP 	TRIGGER 20 (bandit_win)
222.4465 	EXP 	unnamed TextStim: text = 'Bonus round!'
222.4465 	EXP 	unnamed TextStim: foreColor = 'white'
222.4465 	EXP 	TRIGGER 30 (bonus_intro)
223.5298 	EXP 	unnamed TextStim: text = '+15 if fast'
223.5298 	EXP 	unnamed ImageStim: image = '/Users/burgerks/Documents/GitHub/motivated_bandit/_task/stimuli/neutral/bandit_018.jpg'
223.5299 	EXP 	TRIGGER 32 (cue_neutral)
225.0631 	EXP 	TRIGGER 33 (fixation)
226.9298 	EXP 	TRIGGER 35 (target)
227.3467 	EXP 	Device response: <KeyPress from None: t=227.3430982499849, value=down, duration=None>
227.3468 	EXP 	TRIGGER 36 (response)
227.3474 	DATA 	Keypress: down
227.3631 	EXP 	TRIGGER 37 (bonus_feedback)
227.4633 	EXP 	Device response: <KeyPress from None: t=227.3430982499849, value=down, duration=0.11425970797426999>
227.9964 	EXP 	unnamed Rect: fillColor = [0.85, 0.85, 0.85]
227.9964 	EXP 	unnamed Rect: fillColor = [0.85, 0.85, 0.85]
227.9964 	EXP 	unnamed Rect: fillColor = [0.85, 0.85, 0.85]
227.9964 	EXP 	unnamed TextStim: text = ''
227.9964 	EXP 	unnamed TextStim: foreColor = 'white'
227.9964 	EXP 	unnamed TextStim: text = 'Score: 120 pts'
227.9964 	EXP 	unnamed TextStim: text = ''
227.9965 	EXP 	TRIGGER 10 (choice_onset)
228.7870 	DATA 	Keypress: left
228.7968 	EXP 	Device response: <KeyPress from None: t=228.7840222499799, value=left, duration=None>
228.8131 	EXP 	TRIGGER 11 (choice_made)
229.2298 	EXP 	TRIGGER 34 (anticipation)
229.2301 	EXP 	Device response: <KeyPress from None: t=228.7840222499799, value=left, duration=0.1802972499281168>
230.1796 	EXP 	unnamed TextStim: height = np.float64(0.035)
230.1796 	EXP 	unnamed TextStim: height = np.float64(0.035)
230.1796 	EXP 	unnamed TextStim: height = np.float64(0.035)
230.1796 	EXP 	unnamed TextStim: text = 'Score: 130 pts'
230.1796 	EXP 	unnamed TextStim: text = ''
230.1796 	EXP 	unnamed TextStim: text = '+10 Points'
230.1796 	EXP 	unnamed TextStim: foreColor = [0.1, 0.8, 0.3]
230.1796 	EXP 	unnamed ImageStim: ori = 1
230.1796 	EXP 	unnamed ImageStim: image = '/Users/burgerks/Documents/GitHub/motivated_bandit/_task/stimuli/win/sweet/sweet_bandit_020.jpg'
230.1796 	EXP 	unnamed ImageStim: ori = -2
230.1796 	EXP 	unnamed ImageStim: image = '/Users/burgerks/Documents/GitHub/motivated_bandit/_task/stimuli/win/sweet/sweet_bandit_062.jpg'
230.1796 	EXP 	unnamed ImageStim: ori = 1
230.1796 	EXP 	unnamed ImageStim: image = '/Users/burgerks/Documents/GitHub/motivated_bandit/_task/stimuli/win/sweet/sweet_bandit_115.jpg'
230.1796 	EXP 	unnamed ImageStim: ori = -1
230.1796 	EXP 	unnamed ImageStim: image = '/Users/burgerks/Documents/GitHub/motivated_bandit/_task/stimuli/win/sweet/sweet_bandit_029.jpg'
230.1797 	EXP 	TRIGGER 20 (bandit_win)
232.1964 	EXP 	unnamed Rect: fillColor = [0.85, 0.85, 0.85]
232.1964 	EXP 	unnamed Rect: fillColor = [0.85, 0.85, 0.85]
232.1964 	EXP 	unnamed Rect: fillColor = [0.85, 0.85, 0.85]
232.1964 	EXP 	unnamed TextStim: text = ''
232.1964 	EXP 	unnamed TextStim: foreColor = 'white'
232.1964 	EXP 	unnamed TextStim: text = 'Score: 130 pts'
232.1964 	EXP 	unnamed TextStim: text = ''
232.1965 	EXP 	TRIGGER 10 (choice_onset)
232.5283 	DATA 	Keypress: left
232.5301 	EXP 	Device response: <KeyPress from None: t=232.5249139999505, value=left, duration=None>
232.5464 	EXP 	TRIGGER 11 (choice_made)
232.9632 	EXP 	TRIGGER 34 (anticipation)
232.9635 	EXP 	Device response: <KeyPress from None: t=232.5249139999505, value=left, duration=0.16429512505419552>
233.6465 	EXP 	unnamed TextStim: height = np.float64(0.035)
233.6465 	EXP 	unnamed TextStim: height = np.float64(0.035)
233.6465 	EXP 	unnamed TextStim: height = np.float64(0.035)
233.6465 	EXP 	unnamed TextStim: text = 'Score: 140 pts'
233.6465 	EXP 	unnamed TextStim: text = ''
233.6465 	EXP 	unnamed TextStim: text = '+10 Points'
233.6465 	EXP 	unnamed TextStim: foreColor = [0.1, 0.8, 0.3]
233.6465 	EXP 	unnamed ImageStim: ori = 4
233.6465 	EXP 	unnamed ImageStim: image = '/Users/burgerks/Documents/GitHub/motivated_bandit/_task/stimuli/win/sweet/sweet_bandit_017.jpg'
233.6465 	EXP 	unnamed ImageStim: ori = -4
233.6465 	EXP 	unnamed ImageStim: image = '/Users/burgerks/Documents/GitHub/motivated_bandit/_task/stimuli/win/sweet/sweet_bandit_120.jpg'
233.6465 	EXP 	unnamed ImageStim: ori = 4
233.6465 	EXP 	unnamed ImageStim: image = '/Users/burgerks/Documents/GitHub/motivated_bandit/_task/stimuli/win/sweet/sweet_bandit_110.jpg'
233.6465 	EXP 	unnamed ImageStim: ori = -2
233.6465 	EXP 	unnamed ImageStim: image = '/Users/burgerks/Documents/GitHub/motivated_bandit/_task/stimuli/win/sweet/sweet_bandit_161.jpg'
233.6466 	EXP 	TRIGGER 20 (bandit_win)
235.6631 	EXP 	unnamed Rect: fillColor = [0.85, 0.85, 0.85]
235.6631 	EXP 	unnamed Rect: fillColor = [0.85, 0.85, 0.85]
235.6631 	EXP 	unnamed Rect: fillColor = [0.85, 0.85, 0.85]
235.6631 	EXP 	unnamed TextStim: text = ''
235.6631 	EXP 	unnamed TextStim: foreColor = 'white'
235.6631 	EXP 	unnamed TextStim: text = 'Score: 140 pts'
235.6631 	EXP 	unnamed TextStim: text = ''
235.6631 	EXP 	TRIGGER 10 (choice_onset)
236.2967 	EXP 	Device response: <KeyPress from None: t=236.29381904099137, value=left, duration=None>
236.3003 	DATA 	Keypress: left
236.3131 	EXP 	TRIGGER 11 (choice_made)
236.7298 	EXP 	TRIGGER 34 (anticipation)
236.7301 	EXP 	Device response: <KeyPress from None: t=236.29381904099137, value=left, duration=0.14827279187738895>
237.5463 	EXP 	unnamed TextStim: height = np.float64(0.035)
237.5463 	EXP 	unnamed TextStim: height = np.float64(0.035)
237.5463 	EXP 	unnamed TextStim: height = np.float64(0.035)
237.5463 	EXP 	unnamed TextStim: text = 'Score: 150 pts'
237.5463 	EXP 	unnamed TextStim: text = ''
237.5463 	EXP 	unnamed TextStim: text = '+10 Points'
237.5463 	EXP 	unnamed TextStim: foreColor = [0.1, 0.8, 0.3]
237.5463 	EXP 	unnamed ImageStim: ori = -4
237.5463 	EXP 	unnamed ImageStim: image = '/Users/burgerks/Documents/GitHub/motivated_bandit/_task/stimuli/win/sweet/sweet_bandit_073.jpg'
237.5463 	EXP 	unnamed ImageStim: ori = -1
237.5463 	EXP 	unnamed ImageStim: image = '/Users/burgerks/Documents/GitHub/motivated_bandit/_task/stimuli/win/sweet/sweet_bandit_050.jpg'
237.5463 	EXP 	unnamed ImageStim: ori = 4
237.5463 	EXP 	unnamed ImageStim: image = '/Users/burgerks/Documents/GitHub/motivated_bandit/_task/stimuli/win/sweet/sweet_bandit_155.jpg'
237.5463 	EXP 	unnamed ImageStim: ori = 5
237.5463 	EXP 	unnamed ImageStim: image = '/Users/burgerks/Documents/GitHub/motivated_bandit/_task/stimuli/win/sweet/sweet_bandit_119.jpg'
237.5464 	EXP 	TRIGGER 20 (bandit_win)
239.5797 	EXP 	unnamed TextStim: text = 'Bonus round!'
239.5797 	EXP 	unnamed TextStim: foreColor = 'white'
239.5797 	EXP 	TRIGGER 30 (bonus_intro)
240.6631 	EXP 	unnamed TextStim: text = '+15 if fast'
240.6631 	EXP 	unnamed ImageStim: image = '/Users/burgerks/Documents/GitHub/motivated_bandit/_task/stimuli/win/sweet/sweet_bandit_062.jpg'
240.6633 	EXP 	TRIGGER 31 (cue_food)
241.5186 	DATA 	Keypress: down
241.5301 	EXP 	Device response: <KeyPress from None: t=241.5155012498144, value=down, duration=None>
241.5464 	EXP 	unnamed TextStim: height = np.float64(0.07)
241.5464 	EXP 	unnamed TextStim: height = np.float64(0.07)
241.5464 	EXP 	unnamed TextStim: height = np.float64(0.07)
241.5464 	EXP 	unnamed TextStim: text = 'Too soon!'
241.5464 	EXP 	unnamed TextStim: foreColor = [0.95, 0.6, 0.1]
241.5464 	EXP 	unnamed TextStim: height = np.float64(0.04)
241.5464 	EXP 	unnamed TextStim: height = np.float64(0.04)
241.5464 	EXP 	unnamed TextStim: height = np.float64(0.04)
241.5464 	EXP 	unnamed TextStim: text = 'Wait for the white square before you press.'
241.5464 	EXP 	TRIGGER 37 (bonus_feedback)
241.6634 	EXP 	Device response: <KeyPress from None: t=241.5155012498144, value=down, duration=0.13829016615636647>
244.5965 	EXP 	unnamed Rect: fillColor = [0.85, 0.85, 0.85]
244.5965 	EXP 	unnamed Rect: fillColor = [0.85, 0.85, 0.85]
244.5965 	EXP 	unnamed Rect: fillColor = [0.85, 0.85, 0.85]
244.5965 	EXP 	unnamed TextStim: text = ''
244.5965 	EXP 	unnamed TextStim: foreColor = 'white'
244.5965 	EXP 	unnamed TextStim: text = 'Score: 150 pts'
244.5965 	EXP 	unnamed TextStim: text = ''
244.5965 	EXP 	TRIGGER 10 (choice_onset)
245.2088 	DATA 	Keypress: left
245.2134 	EXP 	Device response: <KeyPress from None: t=245.20538758300245, value=left, duration=None>
245.2297 	EXP 	TRIGGER 11 (choice_made)
245.6463 	EXP 	TRIGGER 34 (anticipation)
245.6466 	EXP 	Device response: <KeyPress from None: t=245.20538758300245, value=left, duration=0.14833233295939863>
246.4631 	EXP 	unnamed TextStim: height = np.float64(0.035)
246.4631 	EXP 	unnamed TextStim: height = np.float64(0.035)
246.4631 	EXP 	unnamed TextStim: height = np.float64(0.035)
246.4631 	EXP 	unnamed TextStim: text = 'Score: 140 pts'
246.4631 	EXP 	unnamed TextStim: text = ''
246.4631 	EXP 	unnamed TextStim: height = np.float64(0.1)
246.4631 	EXP 	unnamed TextStim: height = np.float64(0.1)
246.4631 	EXP 	unnamed TextStim: height = np.float64(0.1)
246.4631 	EXP 	unnamed TextStim: text = '-10 Points'
246.4631 	EXP 	unnamed TextStim: foreColor = [0.9, 0.2, 0.2]
246.4631 	EXP 	unnamed ImageStim: ori = 1.25
246.4631 	EXP 	unnamed ImageStim: image = '/Users/burgerks/Documents/GitHub/motivated_bandit/_task/stimuli/loss/lose_pic.png'
246.4631 	EXP 	TRIGGER 21 (bandit_loss)
248.5131 	EXP 	unnamed Rect: fillColor = [0.85, 0.85, 0.85]
248.5131 	EXP 	unnamed Rect: fillColor = [0.85, 0.85, 0.85]
248.5131 	EXP 	unnamed Rect: fillColor = [0.85, 0.85, 0.85]
248.5131 	EXP 	unnamed TextStim: text = ''
248.5131 	EXP 	unnamed TextStim: foreColor = 'white'
248.5131 	EXP 	unnamed TextStim: text = 'Score: 140 pts'
248.5131 	EXP 	unnamed TextStim: text = ''
248.5131 	EXP 	TRIGGER 10 (choice_onset)
248.9062 	DATA 	Keypress: down
248.9135 	EXP 	Device response: <KeyPress from None: t=248.90327329095453, value=down, duration=None>
248.9297 	EXP 	TRIGGER 11 (choice_made)
249.3630 	EXP 	TRIGGER 34 (anticipation)
249.3633 	EXP 	Device response: <KeyPress from None: t=248.90327329095453, value=down, duration=0.12092408398166299>
250.1796 	EXP 	unnamed TextStim: height = np.float64(0.035)
250.1796 	EXP 	unnamed TextStim: height = np.float64(0.035)
250.1796 	EXP 	unnamed TextStim: height = np.float64(0.035)
250.1796 	EXP 	unnamed TextStim: text = 'Score: 130 pts'
250.1796 	EXP 	unnamed TextStim: text = ''
250.1796 	EXP 	unnamed TextStim: text = '-10 Points'
250.1796 	EXP 	unnamed TextStim: foreColor = [0.9, 0.2, 0.2]
250.1796 	EXP 	unnamed ImageStim: ori = -1.25
250.1796 	EXP 	unnamed ImageStim: image = '/Users/burgerks/Documents/GitHub/motivated_bandit/_task/stimuli/loss/lose_pic.png'
250.1797 	EXP 	TRIGGER 21 (bandit_loss)
252.3131 	EXP 	unnamed TextStim: height = np.float64(0.07)
252.3131 	EXP 	unnamed TextStim: height = np.float64(0.07)
252.3131 	EXP 	unnamed TextStim: height = np.float64(0.07)
252.3131 	EXP 	unnamed TextStim: text = 'Bonus round!'
252.3131 	EXP 	unnamed TextStim: foreColor = 'white'
252.3131 	EXP 	TRIGGER 30 (bonus_intro)
253.4130 	EXP 	unnamed TextStim: text = '+15 if fast'
253.4130 	EXP 	unnamed ImageStim: image = '/Users/burgerks/Documents/GitHub/motivated_bandit/_task/stimuli/win/sweet/sweet_bandit_065.jpg'
253.4130 	EXP 	TRIGGER 31 (cue_food)
254.9463 	EXP 	TRIGGER 33 (fixation)
256.6963 	EXP 	TRIGGER 35 (target)
256.9440 	DATA 	Keypress: down
256.9467 	EXP 	Device response: <KeyPress from None: t=256.9404162080027, value=down, duration=None>
256.9467 	EXP 	TRIGGER 36 (response)
256.9630 	EXP 	TRIGGER 37 (bonus_feedback)
257.0465 	EXP 	Device response: <KeyPress from None: t=256.9404162080027, value=down, duration=0.10187354194931686>
257.5963 	EXP 	unnamed Rect: fillColor = [0.85, 0.85, 0.85]
257.5963 	EXP 	unnamed Rect: fillColor = [0.85, 0.85, 0.85]
257.5963 	EXP 	unnamed Rect: fillColor = [0.85, 0.85, 0.85]
257.5963 	EXP 	unnamed TextStim: text = ''
257.5963 	EXP 	unnamed TextStim: foreColor = 'white'
257.5963 	EXP 	unnamed TextStim: text = 'Score: 130 pts'
257.5963 	EXP 	unnamed TextStim: text = ''
257.5964 	EXP 	TRIGGER 10 (choice_onset)
258.1207 	DATA 	Keypress: right
258.1299 	EXP 	Device response: <KeyPress from None: t=258.1179347499274, value=right, duration=None>
258.1463 	EXP 	TRIGGER 11 (choice_made)
258.5796 	EXP 	TRIGGER 34 (anticipation)
258.5799 	EXP 	Device response: <KeyPress from None: t=258.1179347499274, value=right, duration=0.11632987507618964>
259.1129 	EXP 	unnamed TextStim: height = np.float64(0.035)
259.1129 	EXP 	unnamed TextStim: height = np.float64(0.035)
259.1129 	EXP 	unnamed TextStim: height = np.float64(0.035)
259.1129 	EXP 	unnamed TextStim: text = 'Score: 120 pts'
259.1129 	EXP 	unnamed TextStim: text = ''
259.1129 	EXP 	unnamed TextStim: text = '-10 Points'
259.1129 	EXP 	unnamed TextStim: foreColor = [0.9, 0.2, 0.2]
259.1129 	EXP 	unnamed ImageStim: ori = -0.5
259.1129 	EXP 	unnamed ImageStim: image = '/Users/burgerks/Documents/GitHub/motivated_bandit/_task/stimuli/loss/lose_pic.png'
259.1130 	EXP 	TRIGGER 21 (bandit_loss)
261.1630 	EXP 	unnamed Rect: fillColor = [0.85, 0.85, 0.85]
261.1630 	EXP 	unnamed Rect: fillColor = [0.85, 0.85, 0.85]
261.1630 	EXP 	unnamed Rect: fillColor = [0.85, 0.85, 0.85]
261.1630 	EXP 	unnamed TextStim: text = ''
261.1630 	EXP 	unnamed TextStim: foreColor = 'white'
261.1630 	EXP 	unnamed TextStim: text = 'Score: 120 pts'
261.1630 	EXP 	unnamed TextStim: text = ''
261.1630 	EXP 	TRIGGER 10 (choice_onset)
261.8348 	DATA 	Keypress: right
261.8466 	EXP 	Device response: <KeyPress from None: t=261.8318073749542, value=right, duration=None>
261.8629 	EXP 	TRIGGER 11 (choice_made)
262.2962 	EXP 	TRIGGER 34 (anticipation)
262.2965 	EXP 	Device response: <KeyPress from None: t=261.8318073749542, value=right, duration=0.1562930408399552>
262.8962 	EXP 	unnamed TextStim: height = np.float64(0.035)
262.8962 	EXP 	unnamed TextStim: height = np.float64(0.035)
262.8962 	EXP 	unnamed TextStim: height = np.float64(0.035)
262.8962 	EXP 	unnamed TextStim: text = 'Score: 110 pts'
262.8962 	EXP 	unnamed TextStim: text = ''
262.8962 	EXP 	unnamed TextStim: text = '-10 Points'
262.8962 	EXP 	unnamed TextStim: foreColor = [0.9, 0.2, 0.2]
262.8962 	EXP 	unnamed ImageStim: ori = 0.75
262.8962 	EXP 	unnamed ImageStim: image = '/Users/burgerks/Documents/GitHub/motivated_bandit/_task/stimuli/loss/lose_pic.png'
262.8963 	EXP 	TRIGGER 21 (bandit_loss)
265.0796 	EXP 	unnamed Rect: fillColor = [0.85, 0.85, 0.85]
265.0796 	EXP 	unnamed Rect: fillColor = [0.85, 0.85, 0.85]
265.0796 	EXP 	unnamed Rect: fillColor = [0.85, 0.85, 0.85]
265.0796 	EXP 	unnamed TextStim: text = ''
265.0796 	EXP 	unnamed TextStim: foreColor = 'white'
265.0796 	EXP 	unnamed TextStim: text = 'Score: 110 pts'
265.0796 	EXP 	unnamed TextStim: text = ''
265.0796 	EXP 	TRIGGER 10 (choice_onset)
265.6848 	DATA 	Keypress: down
265.6966 	EXP 	Device response: <KeyPress from None: t=265.6806960408576, value=down, duration=None>
265.7129 	EXP 	TRIGGER 11 (choice_made)
266.1462 	EXP 	TRIGGER 34 (anticipation)
266.1465 	EXP 	Device response: <KeyPress from None: t=265.6806960408576, value=down, duration=0.1523153749294579>
266.9462 	EXP 	unnamed TextStim: height = np.float64(0.035)
266.9462 	EXP 	unnamed TextStim: height = np.float64(0.035)
266.9462 	EXP 	unnamed TextStim: height = np.float64(0.035)
266.9462 	EXP 	unnamed TextStim: text = 'Score: 120 pts'
266.9462 	EXP 	unnamed TextStim: text = ''
266.9462 	EXP 	unnamed TextStim: height = np.float64(0.1)
266.9462 	EXP 	unnamed TextStim: height = np.float64(0.1)
266.9462 	EXP 	unnamed TextStim: height = np.float64(0.1)
266.9462 	EXP 	unnamed TextStim: text = '+10 Points'
266.9462 	EXP 	unnamed TextStim: foreColor = [0.1, 0.8, 0.3]
266.9462 	EXP 	unnamed ImageStim: ori = 4
266.9462 	EXP 	unnamed ImageStim: image = '/Users/burgerks/Documents/GitHub/motivated_bandit/_task/stimuli/win/sweet/sweet_bandit_065.jpg'
266.9462 	EXP 	unnamed ImageStim: ori = -3
266.9462 	EXP 	unnamed ImageStim: image = '/Users/burgerks/Documents/GitHub/motivated_bandit/_task/stimuli/win/sweet/sweet_bandit_156.jpg'
266.9462 	EXP 	unnamed ImageStim: ori = -2
266.9462 	EXP 	unnamed ImageStim: image = '/Users/burgerks/Documents/GitHub/motivated_bandit/_task/stimuli/win/sweet/sweet_bandit_048.jpg'
266.9462 	EXP 	unnamed ImageStim: ori = 3
266.9462 	EXP 	unnamed ImageStim: image = '/Users/burgerks/Documents/GitHub/motivated_bandit/_task/stimuli/win/sweet/sweet_bandit_079.jpg'
266.9463 	EXP 	TRIGGER 20 (bandit_win)
269.1129 	EXP 	unnamed TextStim: text = 'Bonus round!'
269.1129 	EXP 	unnamed TextStim: foreColor = 'white'
269.1129 	EXP 	TRIGGER 30 (bonus_intro)
270.2129 	EXP 	unnamed TextStim: text = '+15 if fast'
270.2129 	EXP 	unnamed ImageStim: image = '/Users/burgerks/Documents/GitHub/motivated_bandit/_task/stimuli/win/sweet/sweet_bandit_124.jpg'
270.2129 	EXP 	TRIGGER 31 (cue_food)
271.7296 	EXP 	TRIGGER 33 (fixation)
273.2796 	EXP 	TRIGGER 35 (target)
273.5798 	EXP 	Device response: <KeyPress from None: t=273.5776843749918, value=down, duration=None>
273.5799 	EXP 	TRIGGER 36 (response)
273.5832 	DATA 	Keypress: down
273.5962 	EXP 	TRIGGER 37 (bonus_feedback)
273.7131 	EXP 	Device response: <KeyPress from None: t=273.5776843749918, value=down, duration=0.12155020795762539>
274.2295 	EXP 	unnamed Rect: fillColor = [0.85, 0.85, 0.85]
274.2295 	EXP 	unnamed Rect: fillColor = [0.85, 0.85, 0.85]
274.2295 	EXP 	unnamed Rect: fillColor = [0.85, 0.85, 0.85]
274.2295 	EXP 	unnamed TextStim: text = ''
274.2295 	EXP 	unnamed TextStim: foreColor = 'white'
274.2295 	EXP 	unnamed TextStim: text = 'Score: 120 pts'
274.2295 	EXP 	unnamed TextStim: text = ''
274.2295 	EXP 	TRIGGER 10 (choice_onset)
275.2208 	DATA 	Keypress: down
275.2298 	EXP 	Device response: <KeyPress from None: t=275.21789112500846, value=down, duration=None>
275.2463 	EXP 	TRIGGER 11 (choice_made)
275.6796 	EXP 	TRIGGER 34 (anticipation)
275.6798 	EXP 	Device response: <KeyPress from None: t=275.21789112500846, value=down, duration=0.14829070796258748>
276.5462 	EXP 	unnamed TextStim: height = np.float64(0.035)
276.5462 	EXP 	unnamed TextStim: height = np.float64(0.035)
276.5462 	EXP 	unnamed TextStim: height = np.float64(0.035)
276.5462 	EXP 	unnamed TextStim: text = 'Score: 110 pts'
276.5462 	EXP 	unnamed TextStim: text = ''
276.5462 	EXP 	unnamed TextStim: height = np.float64(0.1)
276.5462 	EXP 	unnamed TextStim: height = np.float64(0.1)
276.5462 	EXP 	unnamed TextStim: height = np.float64(0.1)
276.5462 	EXP 	unnamed TextStim: text = '-10 Points'
276.5462 	EXP 	unnamed TextStim: foreColor = [0.9, 0.2, 0.2]
276.5462 	EXP 	unnamed ImageStim: ori = 0.25
276.5462 	EXP 	unnamed ImageStim: image = '/Users/burgerks/Documents/GitHub/motivated_bandit/_task/stimuli/loss/lose_pic.png'
276.5463 	EXP 	TRIGGER 21 (bandit_loss)
278.5628 	EXP 	unnamed Rect: fillColor = [0.85, 0.85, 0.85]
278.5628 	EXP 	unnamed Rect: fillColor = [0.85, 0.85, 0.85]
278.5628 	EXP 	unnamed Rect: fillColor = [0.85, 0.85, 0.85]
278.5628 	EXP 	unnamed TextStim: text = ''
278.5628 	EXP 	unnamed TextStim: foreColor = 'white'
278.5628 	EXP 	unnamed TextStim: text = 'Score: 110 pts'
278.5628 	EXP 	unnamed TextStim: text = ''
278.5628 	EXP 	TRIGGER 10 (choice_onset)
278.8547 	DATA 	Keypress: left
278.8633 	EXP 	Device response: <KeyPress from None: t=278.85179412481375, value=left, duration=None>
278.8796 	EXP 	TRIGGER 11 (choice_made)
279.3129 	EXP 	TRIGGER 34 (anticipation)
279.3131 	EXP 	Device response: <KeyPress from None: t=278.85179412481375, value=left, duration=0.1603076250758022>
280.0962 	EXP 	unnamed TextStim: height = np.float64(0.035)
280.0962 	EXP 	unnamed TextStim: height = np.float64(0.035)
280.0962 	EXP 	unnamed TextStim: height = np.float64(0.035)
280.0962 	EXP 	unnamed TextStim: text = 'Score: 120 pts'
280.0962 	EXP 	unnamed TextStim: text = ''
280.0962 	EXP 	unnamed TextStim: height = np.float64(0.1)
280.0962 	EXP 	unnamed TextStim: height = np.float64(0.1)
280.0962 	EXP 	unnamed TextStim: height = np.float64(0.1)
280.0962 	EXP 	unnamed TextStim: text = '+10 Points'
280.0962 	EXP 	unnamed TextStim: foreColor = [0.1, 0.8, 0.3]
280.0962 	EXP 	unnamed ImageStim: ori = 0
280.0962 	EXP 	unnamed ImageStim: image = '/Users/burgerks/Documents/GitHub/motivated_bandit/_task/stimuli/win/sweet/sweet_bandit_003.jpg'
280.0962 	EXP 	unnamed ImageStim: ori = 5
280.0962 	EXP 	unnamed ImageStim: image = '/Users/burgerks/Documents/GitHub/motivated_bandit/_task/stimuli/win/sweet/sweet_bandit_112.jpg'
280.0962 	EXP 	unnamed ImageStim: ori = -4
280.0962 	EXP 	unnamed ImageStim: image = '/Users/burgerks/Documents/GitHub/motivated_bandit/_task/stimuli/win/sweet/sweet_bandit_135.jpg'
280.0962 	EXP 	unnamed ImageStim: ori = -4
280.0962 	EXP 	unnamed ImageStim: image = '/Users/burgerks/Documents/GitHub/motivated_bandit/_task/stimuli/win/sweet/sweet_bandit_041.jpg'
280.0962 	EXP 	TRIGGER 20 (bandit_win)
282.2128 	EXP 	unnamed TextStim: text = 'Bonus round!'
282.2128 	EXP 	unnamed TextStim: foreColor = 'white'
282.2128 	EXP 	TRIGGER 30 (bonus_intro)
283.2795 	EXP 	unnamed TextStim: text = '+15 if fast'
283.2795 	EXP 	unnamed ImageStim: image = '/Users/burgerks/Documents/GitHub/motivated_bandit/_task/stimuli/neutral/bandit_013.jpg'
283.2796 	EXP 	TRIGGER 32 (cue_neutral)
284.8128 	EXP 	TRIGGER 33 (fixation)
286.4962 	EXP 	TRIGGER 35 (target)
286.8024 	DATA 	Keypress: down
286.8132 	EXP 	Device response: <KeyPress from None: t=286.79948129085824, value=down, duration=None>
286.8132 	EXP 	TRIGGER 36 (response)
286.8296 	EXP 	TRIGGER 37 (bonus_feedback)
286.9133 	EXP 	Device response: <KeyPress from None: t=286.79948129085824, value=down, duration=0.11031391704455018>
287.4628 	EXP 	unnamed Rect: fillColor = [0.85, 0.85, 0.85]
287.4628 	EXP 	unnamed Rect: fillColor = [0.85, 0.85, 0.85]
287.4628 	EXP 	unnamed Rect: fillColor = [0.85, 0.85, 0.85]
287.4628 	EXP 	unnamed TextStim: text = ''
287.4628 	EXP 	unnamed TextStim: foreColor = 'white'
287.4628 	EXP 	unnamed TextStim: text = 'Score: 120 pts'
287.4628 	EXP 	unnamed TextStim: text = ''
287.4629 	EXP 	TRIGGER 10 (choice_onset)
288.2087 	DATA 	Keypress: left
288.2130 	EXP 	Device response: <KeyPress from None: t=288.2054322909098, value=left, duration=None>
288.2295 	EXP 	TRIGGER 11 (choice_made)
288.6628 	EXP 	TRIGGER 34 (anticipation)
288.6630 	EXP 	Device response: <KeyPress from None: t=288.2054322909098, value=left, duration=0.18431558390147984>
289.7128 	EXP 	unnamed TextStim: height = np.float64(0.035)
289.7128 	EXP 	unnamed TextStim: height = np.float64(0.035)
289.7128 	EXP 	unnamed TextStim: height = np.float64(0.035)
289.7128 	EXP 	unnamed TextStim: text = 'Score: 130 pts'
289.7128 	EXP 	unnamed TextStim: text = ''
289.7128 	EXP 	unnamed TextStim: text = '+10 Points'
289.7128 	EXP 	unnamed TextStim: foreColor = [0.1, 0.8, 0.3]
289.7128 	EXP 	unnamed ImageStim: ori = 3
289.7128 	EXP 	unnamed ImageStim: image = '/Users/burgerks/Documents/GitHub/motivated_bandit/_task/stimuli/win/sweet/sweet_bandit_061.jpg'
289.7128 	EXP 	unnamed ImageStim: ori = -2
289.7128 	EXP 	unnamed ImageStim: image = '/Users/burgerks/Documents/GitHub/motivated_bandit/_task/stimuli/win/sweet/sweet_bandit_149.jpeg'
289.7128 	EXP 	unnamed ImageStim: ori = -3
289.7128 	EXP 	unnamed ImageStim: image = '/Users/burgerks/Documents/GitHub/motivated_bandit/_task/stimuli/win/sweet/sweet_bandit_161.jpg'
289.7128 	EXP 	unnamed ImageStim: ori = -3
289.7128 	EXP 	unnamed ImageStim: image = '/Users/burgerks/Documents/GitHub/motivated_bandit/_task/stimuli/win/sweet/sweet_bandit_130.jpg'
289.7128 	EXP 	TRIGGER 20 (bandit_win)
291.8461 	EXP 	unnamed Rect: fillColor = [0.85, 0.85, 0.85]
291.8461 	EXP 	unnamed Rect: fillColor = [0.85, 0.85, 0.85]
291.8461 	EXP 	unnamed Rect: fillColor = [0.85, 0.85, 0.85]
291.8461 	EXP 	unnamed TextStim: text = ''
291.8461 	EXP 	unnamed TextStim: foreColor = 'white'
291.8461 	EXP 	unnamed TextStim: text = 'Score: 130 pts'
291.8461 	EXP 	unnamed TextStim: text = ''
291.8461 	EXP 	TRIGGER 10 (choice_onset)
292.2631 	EXP 	Device response: <KeyPress from None: t=292.26133995782584, value=left, duration=None>
292.2673 	DATA 	Keypress: left
292.2795 	EXP 	TRIGGER 11 (choice_made)
292.7128 	EXP 	TRIGGER 34 (anticipation)
292.7130 	EXP 	Device response: <KeyPress from None: t=292.26133995782584, value=left, duration=0.15631787502206862>
293.5627 	EXP 	unnamed TextStim: height = np.float64(0.035)
293.5627 	EXP 	unnamed TextStim: height = np.float64(0.035)
293.5627 	EXP 	unnamed TextStim: height = np.float64(0.035)
293.5627 	EXP 	unnamed TextStim: text = 'Score: 120 pts'
293.5627 	EXP 	unnamed TextStim: text = ''
293.5627 	EXP 	unnamed TextStim: height = np.float64(0.1)
293.5627 	EXP 	unnamed TextStim: height = np.float64(0.1)
293.5627 	EXP 	unnamed TextStim: height = np.float64(0.1)
293.5627 	EXP 	unnamed TextStim: text = '-10 Points'
293.5627 	EXP 	unnamed TextStim: foreColor = [0.9, 0.2, 0.2]
293.5627 	EXP 	unnamed ImageStim: ori = -1.0
293.5627 	EXP 	unnamed ImageStim: image = '/Users/burgerks/Documents/GitHub/motivated_bandit/_task/stimuli/loss/lose_pic.png'
293.5628 	EXP 	TRIGGER 21 (bandit_loss)
295.5628 	EXP 	unnamed TextStim: text = 'Bonus round!'
295.5628 	EXP 	unnamed TextStim: foreColor = 'white'
295.5628 	EXP 	TRIGGER 30 (bonus_intro)
296.6627 	EXP 	unnamed TextStim: text = '+15 if fast'
296.6627 	EXP 	unnamed ImageStim: image = '/Users/burgerks/Documents/GitHub/motivated_bandit/_task/stimuli/win/sweet/sweet_bandit_062.jpg'
296.6628 	EXP 	TRIGGER 31 (cue_food)
298.1795 	EXP 	TRIGGER 33 (fixation)
299.9293 	EXP 	TRIGGER 35 (target)
300.1860 	DATA 	Keypress: down
300.1964 	EXP 	Device response: <KeyPress from None: t=300.18309695785865, value=down, duration=None>
300.1964 	EXP 	TRIGGER 36 (response)
300.2127 	EXP 	TRIGGER 37 (bonus_feedback)
300.3129 	EXP 	Device response: <KeyPress from None: t=300.18309695785865, value=down, duration=0.12632858310826123>
300.8460 	EXP 	unnamed Rect: fillColor = [0.85, 0.85, 0.85]
300.8460 	EXP 	unnamed Rect: fillColor = [0.85, 0.85, 0.85]
300.8460 	EXP 	unnamed Rect: fillColor = [0.85, 0.85, 0.85]
300.8460 	EXP 	unnamed TextStim: text = ''
300.8460 	EXP 	unnamed TextStim: foreColor = 'white'
300.8460 	EXP 	unnamed TextStim: text = 'Score: 120 pts'
300.8460 	EXP 	unnamed TextStim: text = ''
300.8460 	EXP 	TRIGGER 10 (choice_onset)
301.3879 	DATA 	Keypress: left
301.3963 	EXP 	Device response: <KeyPress from None: t=301.38503908296116, value=left, duration=None>
301.4127 	EXP 	TRIGGER 11 (choice_made)
301.8294 	EXP 	TRIGGER 34 (anticipation)
301.8297 	EXP 	Device response: <KeyPress from None: t=301.38503908296116, value=left, duration=0.15233333292417228>
302.8126 	EXP 	unnamed TextStim: height = np.float64(0.035)
302.8126 	EXP 	unnamed TextStim: height = np.float64(0.035)
302.8126 	EXP 	unnamed TextStim: height = np.float64(0.035)
302.8126 	EXP 	unnamed TextStim: text = 'Score: 130 pts'
302.8126 	EXP 	unnamed TextStim: text = ''
302.8126 	EXP 	unnamed TextStim: height = np.float64(0.1)
302.8126 	EXP 	unnamed TextStim: height = np.float64(0.1)
302.8126 	EXP 	unnamed TextStim: height = np.float64(0.1)
302.8126 	EXP 	unnamed TextStim: text = '+10 Points'
302.8126 	EXP 	unnamed TextStim: foreColor = [0.1, 0.8, 0.3]
302.8126 	EXP 	unnamed ImageStim: ori = -1
302.8126 	EXP 	unnamed ImageStim: image = '/Users/burgerks/Documents/GitHub/motivated_bandit/_task/stimuli/win/sweet/sweet_bandit_112.jpg'
302.8126 	EXP 	unnamed ImageStim: ori = -5
302.8126 	EXP 	unnamed ImageStim: image = '/Users/burgerks/Documents/GitHub/motivated_bandit/_task/stimuli/win/sweet/sweet_bandit_161.jpg'
302.8126 	EXP 	unnamed ImageStim: ori = 4
302.8126 	EXP 	unnamed ImageStim: image = '/Users/burgerks/Documents/GitHub/motivated_bandit/_task/stimuli/win/sweet/sweet_bandit_126.jpg'
302.8126 	EXP 	unnamed ImageStim: ori = -1
302.8126 	EXP 	unnamed ImageStim: image = '/Users/burgerks/Documents/GitHub/motivated_bandit/_task/stimuli/win/sweet/sweet_bandit_130.jpg'
302.8127 	EXP 	TRIGGER 20 (bandit_win)
304.7793 	EXP 	unnamed Rect: fillColor = [0.85, 0.85, 0.85]
304.7793 	EXP 	unnamed Rect: fillColor = [0.85, 0.85, 0.85]
304.7793 	EXP 	unnamed Rect: fillColor = [0.85, 0.85, 0.85]
304.7793 	EXP 	unnamed TextStim: text = ''
304.7793 	EXP 	unnamed TextStim: foreColor = 'white'
304.7793 	EXP 	unnamed TextStim: text = 'Score: 130 pts'
304.7793 	EXP 	unnamed TextStim: text = ''
304.7794 	EXP 	TRIGGER 10 (choice_onset)
305.2188 	DATA 	Keypress: left
305.2296 	EXP 	Device response: <KeyPress from None: t=305.2159495409578, value=left, duration=None>
305.2460 	EXP 	TRIGGER 11 (choice_made)
305.6628 	EXP 	TRIGGER 34 (anticipation)
305.6630 	EXP 	Device response: <KeyPress from None: t=305.2159495409578, value=left, duration=0.11229870887473226>
306.1627 	EXP 	unnamed TextStim: height = np.float64(0.035)
306.1627 	EXP 	unnamed TextStim: height = np.float64(0.035)
306.1627 	EXP 	unnamed TextStim: height = np.float64(0.035)
306.1627 	EXP 	unnamed TextStim: text = 'Score: 120 pts'
306.1627 	EXP 	unnamed TextStim: text = ''
306.1627 	EXP 	unnamed TextStim: height = np.float64(0.1)
306.1627 	EXP 	unnamed TextStim: height = np.float64(0.1)
306.1627 	EXP 	unnamed TextStim: height = np.float64(0.1)
306.1627 	EXP 	unnamed TextStim: text = '-10 Points'
306.1627 	EXP 	unnamed TextStim: foreColor = [0.9, 0.2, 0.2]
306.1627 	EXP 	unnamed ImageStim: ori = 0.5
306.1627 	EXP 	unnamed ImageStim: image = '/Users/burgerks/Documents/GitHub/motivated_bandit/_task/stimuli/loss/lose_pic.png'
306.1628 	EXP 	TRIGGER 21 (bandit_loss)
308.2793 	EXP 	unnamed Rect: fillColor = [0.85, 0.85, 0.85]
308.2793 	EXP 	unnamed Rect: fillColor = [0.85, 0.85, 0.85]
308.2793 	EXP 	unnamed Rect: fillColor = [0.85, 0.85, 0.85]
308.2793 	EXP 	unnamed TextStim: text = ''
308.2793 	EXP 	unnamed TextStim: foreColor = 'white'
308.2793 	EXP 	unnamed TextStim: text = 'Score: 120 pts'
308.2793 	EXP 	unnamed TextStim: text = ''
308.2793 	EXP 	TRIGGER 10 (choice_onset)
308.7851 	DATA 	Keypress: left
308.7966 	EXP 	Device response: <KeyPress from None: t=308.7818354580086, value=left, duration=None>
308.8126 	EXP 	TRIGGER 11 (choice_made)
309.2294 	EXP 	TRIGGER 34 (anticipation)
309.2297 	EXP 	Device response: <KeyPress from None: t=308.7818354580086, value=left, duration=0.11631737486459315>
310.1461 	EXP 	unnamed TextStim: height = np.float64(0.035)
310.1461 	EXP 	unnamed TextStim: height = np.float64(0.035)
310.1461 	EXP 	unnamed TextStim: height = np.float64(0.035)
310.1461 	EXP 	unnamed TextStim: text = 'Score: 130 pts'
310.1461 	EXP 	unnamed TextStim: text = ''
310.1461 	EXP 	unnamed TextStim: height = np.float64(0.1)
310.1461 	EXP 	unnamed TextStim: height = np.float64(0.1)
310.1461 	EXP 	unnamed TextStim: height = np.float64(0.1)
310.1461 	EXP 	unnamed TextStim: text = '+10 Points'
310.1461 	EXP 	unnamed TextStim: foreColor = [0.1, 0.8, 0.3]
310.1461 	EXP 	unnamed ImageStim: ori = 3
310.1461 	EXP 	unnamed ImageStim: image = '/Users/burgerks/Documents/GitHub/motivated_bandit/_task/stimuli/win/sweet/sweet_bandit_110.jpg'
310.1461 	EXP 	unnamed ImageStim: ori = 1
310.1461 	EXP 	unnamed ImageStim: image = '/Users/burgerks/Documents/GitHub/motivated_bandit/_task/stimuli/win/sweet/sweet_bandit_022.jpg'
310.1461 	EXP 	unnamed ImageStim: ori = -5
310.1461 	EXP 	unnamed ImageStim: image = '/Users/burgerks/Documents/GitHub/motivated_bandit/_task/stimuli/win/sweet/sweet_bandit_051.jpg'
310.1461 	EXP 	unnamed ImageStim: ori = -2
310.1461 	EXP 	unnamed ImageStim: image = '/Users/burgerks/Documents/GitHub/motivated_bandit/_task/stimuli/win/sweet/sweet_bandit_108.jpg'
310.1461 	EXP 	TRIGGER 20 (bandit_win)
312.1459 	EXP 	unnamed TextStim: text = 'Bonus round!'
312.1459 	EXP 	unnamed TextStim: foreColor = 'white'
312.1460 	EXP 	TRIGGER 30 (bonus_intro)
313.2294 	EXP 	unnamed TextStim: text = '+15 if fast'
313.2294 	EXP 	unnamed ImageStim: image = '/Users/burgerks/Documents/GitHub/motivated_bandit/_task/stimuli/win/sweet/sweet_bandit_113.jpg'
313.2294 	EXP 	TRIGGER 31 (cue_food)
314.7626 	EXP 	TRIGGER 33 (fixation)
316.6792 	EXP 	TRIGGER 35 (target)
317.2684 	DATA 	Keypress: down
317.2797 	EXP 	Device response: <KeyPress from None: t=317.26542537496425, value=down, duration=None>
317.2797 	EXP 	TRIGGER 36 (response)
317.2960 	EXP 	TRIGGER 37 (bonus_feedback)
317.3629 	EXP 	Device response: <KeyPress from None: t=317.26542537496425, value=down, duration=0.09430983290076256>
317.9293 	EXP 	unnamed Rect: fillColor = [0.85, 0.85, 0.85]
317.9293 	EXP 	unnamed Rect: fillColor = [0.85, 0.85, 0.85]
317.9293 	EXP 	unnamed Rect: fillColor = [0.85, 0.85, 0.85]
317.9293 	EXP 	unnamed TextStim: text = ''
317.9293 	EXP 	unnamed TextStim: foreColor = 'white'
317.9293 	EXP 	unnamed TextStim: text = 'Score: 130 pts'
317.9293 	EXP 	unnamed TextStim: text = ''
317.9293 	EXP 	TRIGGER 10 (choice_onset)
318.7427 	DATA 	Keypress: left
318.7462 	EXP 	Device response: <KeyPress from None: t=318.73936683288775, value=left, duration=None>
318.7626 	EXP 	TRIGGER 11 (choice_made)
319.1959 	EXP 	TRIGGER 34 (anticipation)
319.1963 	EXP 	Device response: <KeyPress from None: t=318.73936683288775, value=left, duration=0.1402998329140246>
320.1626 	EXP 	unnamed TextStim: height = np.float64(0.035)
320.1626 	EXP 	unnamed TextStim: height = np.float64(0.035)
320.1626 	EXP 	unnamed TextStim: height = np.float64(0.035)
320.1626 	EXP 	unnamed TextStim: text = 'Score: 140 pts'
320.1626 	EXP 	unnamed TextStim: text = ''
320.1626 	EXP 	unnamed TextStim: text = '+10 Points'
320.1626 	EXP 	unnamed TextStim: foreColor = [0.1, 0.8, 0.3]
320.1626 	EXP 	unnamed ImageStim: ori = 5
320.1626 	EXP 	unnamed ImageStim: image = '/Users/burgerks/Documents/GitHub/motivated_bandit/_task/stimuli/win/sweet/sweet_bandit_062.jpg'
320.1626 	EXP 	unnamed ImageStim: ori = -5
320.1626 	EXP 	unnamed ImageStim: image = '/Users/burgerks/Documents/GitHub/motivated_bandit/_task/stimuli/win/sweet/sweet_bandit_048.jpg'
320.1626 	EXP 	unnamed ImageStim: ori = 5
320.1626 	EXP 	unnamed ImageStim: image = '/Users/burgerks/Documents/GitHub/motivated_bandit/_task/stimuli/win/sweet/sweet_bandit_070.jpg'
320.1626 	EXP 	unnamed ImageStim: ori = 4
320.1626 	EXP 	unnamed ImageStim: image = '/Users/burgerks/Documents/GitHub/motivated_bandit/_task/stimuli/win/sweet/sweet_bandit_135.jpg'
320.1627 	EXP 	TRIGGER 20 (bandit_win)
322.2626 	EXP 	unnamed Rect: fillColor = [0.85, 0.85, 0.85]
322.2626 	EXP 	unnamed Rect: fillColor = [0.85, 0.85, 0.85]
322.2626 	EXP 	unnamed Rect: fillColor = [0.85, 0.85, 0.85]
322.2626 	EXP 	unnamed TextStim: text = ''
322.2626 	EXP 	unnamed TextStim: foreColor = 'white'
322.2626 	EXP 	unnamed TextStim: text = 'Score: 140 pts'
322.2626 	EXP 	unnamed TextStim: text = ''
322.2627 	EXP 	TRIGGER 10 (choice_onset)
322.6391 	DATA 	Keypress: left
322.6463 	EXP 	Device response: <KeyPress from None: t=322.6362287909724, value=left, duration=None>
322.6626 	EXP 	TRIGGER 11 (choice_made)
323.0959 	EXP 	TRIGGER 34 (anticipation)
323.0961 	EXP 	Device response: <KeyPress from None: t=322.6362287909724, value=left, duration=0.13633291702717543>
323.9792 	EXP 	unnamed TextStim: height = np.float64(0.035)
323.9792 	EXP 	unnamed TextStim: height = np.float64(0.035)
323.9792 	EXP 	unnamed TextStim: height = np.float64(0.035)
323.9792 	EXP 	unnamed TextStim: text = 'Score: 150 pts'
323.9792 	EXP 	unnamed TextStim: text = ''
323.9792 	EXP 	unnamed TextStim: text = '+10 Points'
323.9792 	EXP 	unnamed TextStim: foreColor = [0.1, 0.8, 0.3]
323.9792 	EXP 	unnamed ImageStim: ori = -3
323.9792 	EXP 	unnamed ImageStim: image = '/Users/burgerks/Documents/GitHub/motivated_bandit/_task/stimuli/win/sweet/sweet_bandit_084.jpg'
323.9792 	EXP 	unnamed ImageStim: ori = -3
323.9792 	EXP 	unnamed ImageStim: image = '/Users/burgerks/Documents/GitHub/motivated_bandit/_task/stimuli/win/sweet/sweet_bandit_126.jpg'
323.9792 	EXP 	unnamed ImageStim: ori = 0
323.9792 	EXP 	unnamed ImageStim: image = '/Users/burgerks/Documents/GitHub/motivated_bandit/_task/stimuli/win/sweet/sweet_bandit_113.jpg'
323.9792 	EXP 	unnamed ImageStim: ori = -4
323.9792 	EXP 	unnamed ImageStim: image = '/Users/burgerks/Documents/GitHub/motivated_bandit/_task/stimuli/win/sweet/sweet_bandit_138.jpg'
323.9793 	EXP 	TRIGGER 20 (bandit_win)
326.0126 	EXP 	unnamed TextStim: text = 'Bonus round!'
326.0126 	EXP 	unnamed TextStim: foreColor = 'white'
326.0126 	EXP 	TRIGGER 30 (bonus_intro)
327.1292 	EXP 	unnamed TextStim: text = '+15 if fast'
327.1292 	EXP 	unnamed ImageStim: image = '/Users/burgerks/Documents/GitHub/motivated_bandit/_task/stimuli/win/sweet/sweet_bandit_003.jpg'
327.1293 	EXP 	TRIGGER 31 (cue_food)
328.6459 	EXP 	TRIGGER 33 (fixation)
330.6294 	EXP 	TRIGGER 35 (target)
330.8843 	DATA 	Keypress: down
330.8962 	EXP 	Device response: <KeyPress from None: t=330.8796980828047, value=down, duration=None>
330.8962 	EXP 	TRIGGER 36 (response)
330.9125 	EXP 	TRIGGER 37 (bonus_feedback)
330.9794 	EXP 	Device response: <KeyPress from None: t=330.8796980828047, value=down, duration=0.09433258301578462>
331.5458 	EXP 	unnamed Rect: fillColor = [0.85, 0.85, 0.85]
331.5458 	EXP 	unnamed Rect: fillColor = [0.85, 0.85, 0.85]
331.5458 	EXP 	unnamed Rect: fillColor = [0.85, 0.85, 0.85]
331.5458 	EXP 	unnamed TextStim: text = ''
331.5458 	EXP 	unnamed TextStim: foreColor = 'white'
331.5458 	EXP 	unnamed TextStim: text = 'Score: 150 pts'
331.5458 	EXP 	unnamed TextStim: text = ''
331.5459 	EXP 	TRIGGER 10 (choice_onset)
332.1517 	DATA 	Keypress: left
332.1629 	EXP 	Device response: <KeyPress from None: t=332.14863691595383, value=left, duration=None>
332.1793 	EXP 	TRIGGER 11 (choice_made)
332.6126 	EXP 	TRIGGER 34 (anticipation)
332.6129 	EXP 	Device response: <KeyPress from None: t=332.14863691595383, value=left, duration=0.14031037501990795>
333.4792 	EXP 	unnamed TextStim: height = np.float64(0.035)
333.4792 	EXP 	unnamed TextStim: height = np.float64(0.035)
333.4792 	EXP 	unnamed TextStim: height = np.float64(0.035)
333.4792 	EXP 	unnamed TextStim: text = 'Score: 140 pts'
333.4792 	EXP 	unnamed TextStim: text = ''
333.4792 	EXP 	unnamed TextStim: height = np.float64(0.1)
333.4792 	EXP 	unnamed TextStim: height = np.float64(0.1)
333.4792 	EXP 	unnamed TextStim: height = np.float64(0.1)
333.4792 	EXP 	unnamed TextStim: text = '-10 Points'
333.4792 	EXP 	unnamed TextStim: foreColor = [0.9, 0.2, 0.2]
333.4792 	EXP 	unnamed ImageStim: ori = 1.0
333.4792 	EXP 	unnamed ImageStim: image = '/Users/burgerks/Documents/GitHub/motivated_bandit/_task/stimuli/loss/lose_pic.png'
333.4793 	EXP 	TRIGGER 21 (bandit_loss)
335.7291 	EXP 	unnamed Rect: fillColor = [0.85, 0.85, 0.85]
335.7291 	EXP 	unnamed Rect: fillColor = [0.85, 0.85, 0.85]
335.7291 	EXP 	unnamed Rect: fillColor = [0.85, 0.85, 0.85]
335.7291 	EXP 	unnamed TextStim: text = ''
335.7291 	EXP 	unnamed TextStim: foreColor = 'white'
335.7291 	EXP 	unnamed TextStim: text = 'Score: 140 pts'
335.7291 	EXP 	unnamed TextStim: text = ''
335.7292 	EXP 	TRIGGER 10 (choice_onset)
336.1962 	EXP 	Device response: <KeyPress from None: t=336.19351991591975, value=left, duration=None>
336.1999 	DATA 	Keypress: left
336.2126 	EXP 	TRIGGER 11 (choice_made)
336.6459 	EXP 	TRIGGER 34 (anticipation)
336.6461 	EXP 	Device response: <KeyPress from None: t=336.19351991591975, value=left, duration=0.1523317089304328>
337.4792 	EXP 	unnamed TextStim: height = np.float64(0.035)
337.4792 	EXP 	unnamed TextStim: height = np.float64(0.035)
337.4792 	EXP 	unnamed TextStim: height = np.float64(0.035)
337.4792 	EXP 	unnamed TextStim: text = 'Score: 150 pts'
337.4792 	EXP 	unnamed TextStim: text = ''
337.4792 	EXP 	unnamed TextStim: height = np.float64(0.1)
337.4792 	EXP 	unnamed TextStim: height = np.float64(0.1)
337.4792 	EXP 	unnamed TextStim: height = np.float64(0.1)
337.4792 	EXP 	unnamed TextStim: text = '+10 Points'
337.4792 	EXP 	unnamed TextStim: foreColor = [0.1, 0.8, 0.3]
337.4792 	EXP 	unnamed ImageStim: ori = -4
337.4792 	EXP 	unnamed ImageStim: image = '/Users/burgerks/Documents/GitHub/motivated_bandit/_task/stimuli/win/sweet/sweet_bandit_024.jpg'
337.4792 	EXP 	unnamed ImageStim: ori = -5
337.4792 	EXP 	unnamed ImageStim: image = '/Users/burgerks/Documents/GitHub/motivated_bandit/_task/stimuli/win/sweet/sweet_bandit_087.jpg'
337.4792 	EXP 	unnamed ImageStim: ori = -1
337.4792 	EXP 	unnamed ImageStim: image = '/Users/burgerks/Documents/GitHub/motivated_bandit/_task/stimuli/win/sweet/sweet_bandit_138.jpg'
337.4792 	EXP 	unnamed ImageStim: ori = 5
337.4792 	EXP 	unnamed ImageStim: image = '/Users/burgerks/Documents/GitHub/motivated_bandit/_task/stimuli/win/sweet/sweet_bandit_160.jpg'
337.4793 	EXP 	TRIGGER 20 (bandit_win)
339.6957 	EXP 	unnamed TextStim: text = 'Bonus round!'
339.6957 	EXP 	unnamed TextStim: foreColor = 'white'
339.6958 	EXP 	TRIGGER 30 (bonus_intro)
340.7625 	EXP 	unnamed TextStim: text = '+15 if fast'
340.7625 	EXP 	unnamed ImageStim: image = '/Users/burgerks/Documents/GitHub/motivated_bandit/_task/stimuli/neutral/bandit_007.jpg'
340.7626 	EXP 	TRIGGER 32 (cue_neutral)
342.2958 	EXP 	TRIGGER 33 (fixation)
344.1625 	EXP 	TRIGGER 35 (target)
344.5253 	DATA 	Keypress: down
344.5295 	EXP 	Device response: <KeyPress from None: t=344.5223686657846, value=down, duration=None>
344.5295 	EXP 	TRIGGER 36 (response)
344.5458 	EXP 	TRIGGER 37 (bonus_feedback)
344.6627 	EXP 	Device response: <KeyPress from None: t=344.5223686657846, value=down, duration=0.13429212500341237>
345.1791 	EXP 	unnamed Rect: fillColor = [0.85, 0.85, 0.85]
345.1791 	EXP 	unnamed Rect: fillColor = [0.85, 0.85, 0.85]
345.1791 	EXP 	unnamed Rect: fillColor = [0.85, 0.85, 0.85]
345.1791 	EXP 	unnamed TextStim: text = ''
345.1791 	EXP 	unnamed TextStim: foreColor = 'white'
345.1791 	EXP 	unnamed TextStim: text = 'Score: 150 pts'
345.1791 	EXP 	unnamed TextStim: text = ''
345.1792 	EXP 	TRIGGER 10 (choice_onset)
345.8626 	EXP 	Device response: <KeyPress from None: t=345.8593491658103, value=left, duration=None>
345.8659 	DATA 	Keypress: left
345.8791 	EXP 	TRIGGER 11 (choice_made)
346.3124 	EXP 	TRIGGER 34 (anticipation)
346.3127 	EXP 	Device response: <KeyPress from None: t=345.8593491658103, value=left, duration=0.17628650018014014>
347.1458 	EXP 	unnamed TextStim: height = np.float64(0.035)
347.1458 	EXP 	unnamed TextStim: height = np.float64(0.035)
347.1458 	EXP 	unnamed TextStim: height = np.float64(0.035)
347.1458 	EXP 	unnamed TextStim: text = 'Score: 160 pts'
347.1458 	EXP 	unnamed TextStim: text = ''
347.1458 	EXP 	unnamed TextStim: text = '+10 Points'
347.1458 	EXP 	unnamed TextStim: foreColor = [0.1, 0.8, 0.3]
347.1458 	EXP 	unnamed ImageStim: ori = -1
347.1458 	EXP 	unnamed ImageStim: image = '/Users/burgerks/Documents/GitHub/motivated_bandit/_task/stimuli/win/sweet/sweet_bandit_128.jpg'
347.1458 	EXP 	unnamed ImageStim: ori = -2
347.1458 	EXP 	unnamed ImageStim: image = '/Users/burgerks/Documents/GitHub/motivated_bandit/_task/stimuli/win/sweet/sweet_bandit_161.jpg'
347.1458 	EXP 	unnamed ImageStim: ori = -4
347.1458 	EXP 	unnamed ImageStim: image = '/Users/burgerks/Documents/GitHub/motivated_bandit/_task/stimuli/win/sweet/sweet_bandit_120.jpg'
347.1458 	EXP 	unnamed ImageStim: ori = -5
347.1458 	EXP 	unnamed ImageStim: image = '/Users/burgerks/Documents/GitHub/motivated_bandit/_task/stimuli/win/sweet/sweet_bandit_070.jpg'
347.1458 	EXP 	TRIGGER 20 (bandit_win)
349.1458 	EXP 	unnamed Rect: fillColor = [0.85, 0.85, 0.85]
349.1458 	EXP 	unnamed Rect: fillColor = [0.85, 0.85, 0.85]
349.1458 	EXP 	unnamed Rect: fillColor = [0.85, 0.85, 0.85]
349.1458 	EXP 	unnamed TextStim: text = ''
349.1458 	EXP 	unnamed TextStim: foreColor = 'white'
349.1458 	EXP 	unnamed TextStim: text = 'Score: 160 pts'
349.1458 	EXP 	unnamed TextStim: text = ''
349.1458 	EXP 	TRIGGER 10 (choice_onset)
349.5767 	DATA 	Keypress: left
349.5794 	EXP 	Device response: <KeyPress from None: t=349.5732550828252, value=left, duration=None>
349.5958 	EXP 	TRIGGER 11 (choice_made)
350.0291 	EXP 	TRIGGER 34 (anticipation)
350.0294 	EXP 	Device response: <KeyPress from None: t=349.5732550828252, value=left, duration=0.14826829195953906>
350.8957 	EXP 	unnamed TextStim: height = np.float64(0.035)
350.8957 	EXP 	unnamed TextStim: height = np.float64(0.035)
350.8957 	EXP 	unnamed TextStim: height = np.float64(0.035)
350.8957 	EXP 	unnamed TextStim: text = 'Score: 170 pts'
350.8957 	EXP 	unnamed TextStim: text = ''
350.8957 	EXP 	unnamed TextStim: text = '+10 Points'
350.8957 	EXP 	unnamed TextStim: foreColor = [0.1, 0.8, 0.3]
350.8957 	EXP 	unnamed ImageStim: ori = 4
350.8957 	EXP 	unnamed ImageStim: image = '/Users/burgerks/Documents/GitHub/motivated_bandit/_task/stimuli/win/sweet/sweet_bandit_008.jpg'
350.8957 	EXP 	unnamed ImageStim: ori = 5
350.8957 	EXP 	unnamed ImageStim: image = '/Users/burgerks/Documents/GitHub/motivated_bandit/_task/stimuli/win/sweet/sweet_bandit_029.jpg'
350.8957 	EXP 	unnamed ImageStim: ori = -3
350.8957 	EXP 	unnamed ImageStim: image = '/Users/burgerks/Documents/GitHub/motivated_bandit/_task/stimuli/win/sweet/sweet_bandit_155.jpg'
350.8957 	EXP 	unnamed ImageStim: ori = 4
350.8957 	EXP 	unnamed ImageStim: image = '/Users/burgerks/Documents/GitHub/motivated_bandit/_task/stimuli/win/sweet/sweet_bandit_128.jpg'
350.8958 	EXP 	TRIGGER 20 (bandit_win)
351.3962 	EXP 	Device response: <KeyPress from None: t=351.39217208279297, value=left, duration=None>
351.3969 	DATA 	Keypress: left
351.5627 	EXP 	Device response: <KeyPress from None: t=351.39217208279297, value=left, duration=0.16832983307540417>
353.0124 	EXP 	unnamed Rect: fillColor = [0.85, 0.85, 0.85]
353.0124 	EXP 	unnamed Rect: fillColor = [0.85, 0.85, 0.85]
353.0124 	EXP 	unnamed Rect: fillColor = [0.85, 0.85, 0.85]
353.0124 	EXP 	unnamed TextStim: text = ''
353.0124 	EXP 	unnamed TextStim: foreColor = 'white'
353.0124 	EXP 	unnamed TextStim: text = 'Score: 170 pts'
353.0124 	EXP 	unnamed TextStim: text = ''
353.0125 	EXP 	TRIGGER 10 (choice_onset)
353.4424 	DATA 	Keypress: left
353.4460 	EXP 	Device response: <KeyPress from None: t=353.439105207799, value=left, duration=None>
353.4624 	EXP 	TRIGGER 11 (choice_made)
353.8790 	EXP 	TRIGGER 34 (anticipation)
353.8793 	EXP 	Device response: <KeyPress from None: t=353.439105207799, value=left, duration=0.14830437512136996>
354.8624 	EXP 	unnamed TextStim: height = np.float64(0.035)
354.8624 	EXP 	unnamed TextStim: height = np.float64(0.035)
354.8624 	EXP 	unnamed TextStim: height = np.float64(0.035)
354.8624 	EXP 	unnamed TextStim: text = 'Score: 180 pts'
354.8624 	EXP 	unnamed TextStim: text = ''
354.8624 	EXP 	unnamed TextStim: text = '+10 Points'
354.8624 	EXP 	unnamed TextStim: foreColor = [0.1, 0.8, 0.3]
354.8624 	EXP 	unnamed ImageStim: ori = -2
354.8624 	EXP 	unnamed ImageStim: image = '/Users/burgerks/Documents/GitHub/motivated_bandit/_task/stimuli/win/sweet/sweet_bandit_008.jpg'
354.8624 	EXP 	unnamed ImageStim: ori = -2
354.8624 	EXP 	unnamed ImageStim: image = '/Users/burgerks/Documents/GitHub/motivated_bandit/_task/stimuli/win/sweet/sweet_bandit_149.jpeg'
354.8624 	EXP 	unnamed ImageStim: ori = -1
354.8624 	EXP 	unnamed ImageStim: image = '/Users/burgerks/Documents/GitHub/motivated_bandit/_task/stimuli/win/sweet/sweet_bandit_091.jpg'
354.8624 	EXP 	unnamed ImageStim: ori = 3
354.8624 	EXP 	unnamed ImageStim: image = '/Users/burgerks/Documents/GitHub/motivated_bandit/_task/stimuli/win/sweet/sweet_bandit_107.jpg'
354.8624 	EXP 	TRIGGER 20 (bandit_win)
357.0290 	EXP 	unnamed Rect: fillColor = [0.85, 0.85, 0.85]
357.0290 	EXP 	unnamed Rect: fillColor = [0.85, 0.85, 0.85]
357.0290 	EXP 	unnamed Rect: fillColor = [0.85, 0.85, 0.85]
357.0290 	EXP 	unnamed TextStim: text = ''
357.0290 	EXP 	unnamed TextStim: foreColor = 'white'
357.0290 	EXP 	unnamed TextStim: text = 'Score: 180 pts'
357.0290 	EXP 	unnamed TextStim: text = ''
357.0291 	EXP 	TRIGGER 10 (choice_onset)
357.3860 	DATA 	Keypress: left
357.3961 	EXP 	Device response: <KeyPress from None: t=357.3829856659286, value=left, duration=None>
357.4124 	EXP 	TRIGGER 11 (choice_made)
357.8290 	EXP 	TRIGGER 34 (anticipation)
357.8292 	EXP 	Device response: <KeyPress from None: t=357.3829856659286, value=left, duration=0.17230791691690683>
358.6124 	EXP 	unnamed TextStim: height = np.float64(0.035)
358.6124 	EXP 	unnamed TextStim: height = np.float64(0.035)
358.6124 	EXP 	unnamed TextStim: height = np.float64(0.035)
358.6124 	EXP 	unnamed TextStim: text = 'Score: 190 pts'
358.6124 	EXP 	unnamed TextStim: text = ''
358.6124 	EXP 	unnamed TextStim: text = '+10 Points'
358.6124 	EXP 	unnamed TextStim: foreColor = [0.1, 0.8, 0.3]
358.6124 	EXP 	unnamed ImageStim: ori = -1
358.6124 	EXP 	unnamed ImageStim: image = '/Users/burgerks/Documents/GitHub/motivated_bandit/_task/stimuli/win/sweet/sweet_bandit_124.jpg'
358.6124 	EXP 	unnamed ImageStim: ori = -3
358.6124 	EXP 	unnamed ImageStim: image = '/Users/burgerks/Documents/GitHub/motivated_bandit/_task/stimuli/win/sweet/sweet_bandit_070.jpg'
358.6124 	EXP 	unnamed ImageStim: ori = 3
358.6124 	EXP 	unnamed ImageStim: image = '/Users/burgerks/Documents/GitHub/motivated_bandit/_task/stimuli/win/sweet/sweet_bandit_090.jpg'
358.6124 	EXP 	unnamed ImageStim: ori = -3
358.6124 	EXP 	unnamed ImageStim: image = '/Users/burgerks/Documents/GitHub/motivated_bandit/_task/stimuli/win/sweet/sweet_bandit_067.jpg'
358.6124 	EXP 	TRIGGER 20 (bandit_win)
360.7290 	EXP 	unnamed Rect: fillColor = [0.85, 0.85, 0.85]
360.7290 	EXP 	unnamed Rect: fillColor = [0.85, 0.85, 0.85]
360.7290 	EXP 	unnamed Rect: fillColor = [0.85, 0.85, 0.85]
360.7290 	EXP 	unnamed TextStim: text = ''
360.7290 	EXP 	unnamed TextStim: foreColor = 'white'
360.7290 	EXP 	unnamed TextStim: text = 'Score: 190 pts'
360.7290 	EXP 	unnamed TextStim: text = ''
360.7291 	EXP 	TRIGGER 10 (choice_onset)
361.1575 	DATA 	Keypress: left
361.1627 	EXP 	Device response: <KeyPress from None: t=361.1540057908278, value=left, duration=None>
361.1790 	EXP 	TRIGGER 11 (choice_made)
361.6123 	EXP 	TRIGGER 34 (anticipation)
361.6126 	EXP 	Device response: <KeyPress from None: t=361.1540057908278, value=left, duration=0.1603821669705212>
362.2957 	EXP 	unnamed TextStim: height = np.float64(0.035)
362.2957 	EXP 	unnamed TextStim: height = np.float64(0.035)
362.2957 	EXP 	unnamed TextStim: height = np.float64(0.035)
362.2957 	EXP 	unnamed TextStim: text = 'Score: 180 pts'
362.2957 	EXP 	unnamed TextStim: text = ''
362.2957 	EXP 	unnamed TextStim: height = np.float64(0.1)
362.2957 	EXP 	unnamed TextStim: height = np.float64(0.1)
362.2957 	EXP 	unnamed TextStim: height = np.float64(0.1)
362.2957 	EXP 	unnamed TextStim: text = '-10 Points'
362.2957 	EXP 	unnamed TextStim: foreColor = [0.9, 0.2, 0.2]
362.2957 	EXP 	unnamed ImageStim: ori = -0.5
362.2957 	EXP 	unnamed ImageStim: image = '/Users/burgerks/Documents/GitHub/motivated_bandit/_task/stimuli/loss/lose_pic.png'
362.2957 	EXP 	TRIGGER 21 (bandit_loss)
364.2790 	EXP 	unnamed Rect: fillColor = [0.85, 0.85, 0.85]
364.2790 	EXP 	unnamed Rect: fillColor = [0.85, 0.85, 0.85]
364.2790 	EXP 	unnamed Rect: fillColor = [0.85, 0.85, 0.85]
364.2790 	EXP 	unnamed TextStim: text = ''
364.2790 	EXP 	unnamed TextStim: foreColor = 'white'
364.2790 	EXP 	unnamed TextStim: text = 'Score: 180 pts'
364.2790 	EXP 	unnamed TextStim: text = ''
364.2791 	EXP 	TRIGGER 10 (choice_onset)
364.7006 	DATA 	Keypress: left
364.7127 	EXP 	Device response: <KeyPress from None: t=364.6977599579841, value=left, duration=None>
364.7290 	EXP 	TRIGGER 11 (choice_made)
365.1623 	EXP 	TRIGGER 34 (anticipation)
365.1626 	EXP 	Device response: <KeyPress from None: t=364.6977599579841, value=left, duration=0.16431945795193315>
365.9623 	EXP 	unnamed TextStim: height = np.float64(0.035)
365.9623 	EXP 	unnamed TextStim: height = np.float64(0.035)
365.9623 	EXP 	unnamed TextStim: height = np.float64(0.035)
365.9623 	EXP 	unnamed TextStim: text = 'Score: 170 pts'
365.9623 	EXP 	unnamed TextStim: text = ''
365.9623 	EXP 	unnamed TextStim: text = '-10 Points'
365.9623 	EXP 	unnamed TextStim: foreColor = [0.9, 0.2, 0.2]
365.9623 	EXP 	unnamed ImageStim: ori = -0.25
365.9623 	EXP 	unnamed ImageStim: image = '/Users/burgerks/Documents/GitHub/motivated_bandit/_task/stimuli/loss/lose_pic.png'
365.9624 	EXP 	TRIGGER 21 (bandit_loss)
368.1790 	EXP 	unnamed Rect: fillColor = [0.85, 0.85, 0.85]
368.1790 	EXP 	unnamed Rect: fillColor = [0.85, 0.85, 0.85]
368.1790 	EXP 	unnamed Rect: fillColor = [0.85, 0.85, 0.85]
368.1790 	EXP 	unnamed TextStim: text = ''
368.1790 	EXP 	unnamed TextStim: foreColor = 'white'
368.1790 	EXP 	unnamed TextStim: text = 'Score: 170 pts'
368.1790 	EXP 	unnamed TextStim: text = ''
368.1790 	EXP 	TRIGGER 10 (choice_onset)
368.5460 	EXP 	Device response: <KeyPress from None: t=368.54367391578853, value=down, duration=None>
368.5497 	DATA 	Keypress: down
368.5623 	EXP 	TRIGGER 11 (choice_made)
368.9957 	EXP 	TRIGGER 34 (anticipation)
368.9960 	EXP 	Device response: <KeyPress from None: t=368.54367391578853, value=down, duration=0.13725345907732844>
369.8290 	EXP 	unnamed TextStim: height = np.float64(0.035)
369.8290 	EXP 	unnamed TextStim: height = np.float64(0.035)
369.8290 	EXP 	unnamed TextStim: height = np.float64(0.035)
369.8290 	EXP 	unnamed TextStim: text = 'Score: 160 pts'
369.8290 	EXP 	unnamed TextStim: text = ''
369.8290 	EXP 	unnamed TextStim: text = '-10 Points'
369.8290 	EXP 	unnamed TextStim: foreColor = [0.9, 0.2, 0.2]
369.8290 	EXP 	unnamed ImageStim: ori = -1.0
369.8290 	EXP 	unnamed ImageStim: image = '/Users/burgerks/Documents/GitHub/motivated_bandit/_task/stimuli/loss/lose_pic.png'
369.8290 	EXP 	TRIGGER 21 (bandit_loss)
372.0790 	EXP 	unnamed Rect: fillColor = [0.85, 0.85, 0.85]
372.0790 	EXP 	unnamed Rect: fillColor = [0.85, 0.85, 0.85]
372.0790 	EXP 	unnamed Rect: fillColor = [0.85, 0.85, 0.85]
372.0790 	EXP 	unnamed TextStim: text = ''
372.0790 	EXP 	unnamed TextStim: foreColor = 'white'
372.0790 	EXP 	unnamed TextStim: text = 'Score: 160 pts'
372.0790 	EXP 	unnamed TextStim: text = ''
372.0790 	EXP 	TRIGGER 10 (choice_onset)
372.4006 	DATA 	Keypress: right
372.4126 	EXP 	Device response: <KeyPress from None: t=372.3975629999768, value=right, duration=None>
372.4290 	EXP 	TRIGGER 11 (choice_made)
372.8623 	EXP 	TRIGGER 34 (anticipation)
372.8625 	EXP 	Device response: <KeyPress from None: t=372.3975629999768, value=right, duration=0.13228133297525346>
373.5955 	EXP 	unnamed TextStim: height = np.float64(0.035)
373.5955 	EXP 	unnamed TextStim: height = np.float64(0.035)
373.5955 	EXP 	unnamed TextStim: height = np.float64(0.035)
373.5955 	EXP 	unnamed TextStim: text = 'Score: 170 pts'
373.5955 	EXP 	unnamed TextStim: text = ''
373.5955 	EXP 	unnamed TextStim: height = np.float64(0.1)
373.5955 	EXP 	unnamed TextStim: height = np.float64(0.1)
373.5955 	EXP 	unnamed TextStim: height = np.float64(0.1)
373.5955 	EXP 	unnamed TextStim: text = '+10 Points'
373.5955 	EXP 	unnamed TextStim: foreColor = [0.1, 0.8, 0.3]
373.5955 	EXP 	unnamed ImageStim: ori = 3
373.5955 	EXP 	unnamed ImageStim: image = '/Users/burgerks/Documents/GitHub/motivated_bandit/_task/stimuli/win/sweet/sweet_bandit_117.jpg'
373.5955 	EXP 	unnamed ImageStim: ori = 4
373.5955 	EXP 	unnamed ImageStim: image = '/Users/burgerks/Documents/GitHub/motivated_bandit/_task/stimuli/win/sweet/sweet_bandit_025.jpg'
373.5955 	EXP 	unnamed ImageStim: ori = -4
373.5955 	EXP 	unnamed ImageStim: image = '/Users/burgerks/Documents/GitHub/motivated_bandit/_task/stimuli/win/sweet/sweet_bandit_062.jpg'
373.5955 	EXP 	unnamed ImageStim: ori = 2
373.5955 	EXP 	unnamed ImageStim: image = '/Users/burgerks/Documents/GitHub/motivated_bandit/_task/stimuli/win/sweet/sweet_bandit_028.jpg'
373.5955 	EXP 	TRIGGER 20 (bandit_win)
375.5623 	EXP 	unnamed Rect: fillColor = [0.85, 0.85, 0.85]
375.5623 	EXP 	unnamed Rect: fillColor = [0.85, 0.85, 0.85]
375.5623 	EXP 	unnamed Rect: fillColor = [0.85, 0.85, 0.85]
375.5623 	EXP 	unnamed TextStim: text = ''
375.5623 	EXP 	unnamed TextStim: foreColor = 'white'
375.5623 	EXP 	unnamed TextStim: text = 'Score: 170 pts'
375.5623 	EXP 	unnamed TextStim: text = ''
375.5623 	EXP 	TRIGGER 10 (choice_onset)
376.0246 	DATA 	Keypress: right
376.0293 	EXP 	Device response: <KeyPress from None: t=376.02144054090604, value=right, duration=None>
376.0456 	EXP 	TRIGGER 11 (choice_made)
376.4788 	EXP 	TRIGGER 34 (anticipation)
376.4791 	EXP 	Device response: <KeyPress from None: t=376.02144054090604, value=right, duration=0.1482739169150591>
377.4787 	EXP 	unnamed TextStim: height = np.float64(0.035)
377.4787 	EXP 	unnamed TextStim: height = np.float64(0.035)
377.4787 	EXP 	unnamed TextStim: height = np.float64(0.035)
377.4787 	EXP 	unnamed TextStim: text = 'Score: 180 pts'
377.4787 	EXP 	unnamed TextStim: text = ''
377.4787 	EXP 	unnamed TextStim: text = '+10 Points'
377.4787 	EXP 	unnamed TextStim: foreColor = [0.1, 0.8, 0.3]
377.4787 	EXP 	unnamed ImageStim: ori = 2
377.4787 	EXP 	unnamed ImageStim: image = '/Users/burgerks/Documents/GitHub/motivated_bandit/_task/stimuli/win/sweet/sweet_bandit_091.jpg'
377.4787 	EXP 	unnamed ImageStim: ori = -3
377.4787 	EXP 	unnamed ImageStim: image = '/Users/burgerks/Documents/GitHub/motivated_bandit/_task/stimuli/win/sweet/sweet_bandit_102.jpg'
377.4787 	EXP 	unnamed ImageStim: ori = 5
377.4787 	EXP 	unnamed ImageStim: image = '/Users/burgerks/Documents/GitHub/motivated_bandit/_task/stimuli/win/sweet/sweet_bandit_134.jpg'
377.4787 	EXP 	unnamed ImageStim: ori = -2
377.4787 	EXP 	unnamed ImageStim: image = '/Users/burgerks/Documents/GitHub/motivated_bandit/_task/stimuli/win/sweet/sweet_bandit_010.jpg'
377.4788 	EXP 	TRIGGER 20 (bandit_win)
379.6955 	EXP 	unnamed TextStim: text = 'Bonus round!'
379.6955 	EXP 	unnamed TextStim: foreColor = 'white'
379.6955 	EXP 	TRIGGER 30 (bonus_intro)
380.7789 	EXP 	unnamed TextStim: text = '+15 if fast'
380.7789 	EXP 	unnamed ImageStim: image = '/Users/burgerks/Documents/GitHub/motivated_bandit/_task/stimuli/win/sweet/sweet_bandit_028.jpg'
380.7789 	EXP 	TRIGGER 31 (cue_food)
382.3123 	EXP 	TRIGGER 33 (fixation)
383.6122 	EXP 	TRIGGER 35 (target)
383.9009 	DATA 	Keypress: right
383.9126 	EXP 	Device response: <KeyPress from None: t=383.8978148328606, value=right, duration=None>
383.9126 	EXP 	TRIGGER 36 (response)
383.9289 	EXP 	TRIGGER 37 (bonus_feedback)
383.9958 	EXP 	Device response: <KeyPress from None: t=383.8978148328606, value=right, duration=0.08149091713130474>
384.5622 	EXP 	unnamed Rect: fillColor = [0.85, 0.85, 0.85]
384.5622 	EXP 	unnamed Rect: fillColor = [0.85, 0.85, 0.85]
384.5622 	EXP 	unnamed Rect: fillColor = [0.85, 0.85, 0.85]
384.5622 	EXP 	unnamed TextStim: text = ''
384.5622 	EXP 	unnamed TextStim: foreColor = 'white'
384.5622 	EXP 	unnamed TextStim: text = 'Score: 180 pts'
384.5622 	EXP 	unnamed TextStim: text = ''
384.5622 	EXP 	TRIGGER 10 (choice_onset)
385.4282 	DATA 	Keypress: right
385.4296 	EXP 	Device response: <KeyPress from None: t=385.42496108287014, value=right, duration=None>
385.4455 	EXP 	TRIGGER 11 (choice_made)
385.8623 	EXP 	TRIGGER 34 (anticipation)
385.8625 	EXP 	Device response: <KeyPress from None: t=385.42496108287014, value=right, duration=0.1203032920602709>
386.8289 	EXP 	unnamed TextStim: height = np.float64(0.035)
386.8289 	EXP 	unnamed TextStim: height = np.float64(0.035)
386.8289 	EXP 	unnamed TextStim: height = np.float64(0.035)
386.8289 	EXP 	unnamed TextStim: text = 'Score: 190 pts'
386.8289 	EXP 	unnamed TextStim: text = ''
386.8289 	EXP 	unnamed TextStim: text = '+10 Points'
386.8289 	EXP 	unnamed TextStim: foreColor = [0.1, 0.8, 0.3]
386.8289 	EXP 	unnamed ImageStim: ori = 2
386.8289 	EXP 	unnamed ImageStim: image = '/Users/burgerks/Documents/GitHub/motivated_bandit/_task/stimuli/win/sweet/sweet_bandit_149.jpeg'
386.8289 	EXP 	unnamed ImageStim: ori = -4
386.8289 	EXP 	unnamed ImageStim: image = '/Users/burgerks/Documents/GitHub/motivated_bandit/_task/stimuli/win/sweet/sweet_bandit_124.jpg'
386.8289 	EXP 	unnamed ImageStim: ori = 3
386.8289 	EXP 	unnamed ImageStim: image = '/Users/burgerks/Documents/GitHub/motivated_bandit/_task/stimuli/win/sweet/sweet_bandit_025.jpg'
386.8289 	EXP 	unnamed ImageStim: ori = 3
386.8289 	EXP 	unnamed ImageStim: image = '/Users/burgerks/Documents/GitHub/motivated_bandit/_task/stimuli/win/sweet/sweet_bandit_126.jpg'
386.8290 	EXP 	TRIGGER 20 (bandit_win)
389.0621 	EXP 	unnamed Rect: fillColor = [0.85, 0.85, 0.85]
389.0621 	EXP 	unnamed Rect: fillColor = [0.85, 0.85, 0.85]
389.0621 	EXP 	unnamed Rect: fillColor = [0.85, 0.85, 0.85]
389.0621 	EXP 	unnamed TextStim: text = ''
389.0621 	EXP 	unnamed TextStim: foreColor = 'white'
389.0621 	EXP 	unnamed TextStim: text = 'Score: 190 pts'
389.0621 	EXP 	unnamed TextStim: text = ''
389.0622 	EXP 	TRIGGER 10 (choice_onset)
389.4572 	DATA 	Keypress: right
389.4625 	EXP 	Device response: <KeyPress from None: t=389.4538447079249, value=right, duration=None>
389.4788 	EXP 	TRIGGER 11 (choice_made)
389.8956 	EXP 	TRIGGER 34 (anticipation)
389.8959 	EXP 	Device response: <KeyPress from None: t=389.4538447079249, value=right, duration=0.1283019999973476>
390.7121 	EXP 	unnamed TextStim: height = np.float64(0.035)
390.7121 	EXP 	unnamed TextStim: height = np.float64(0.035)
390.7121 	EXP 	unnamed TextStim: height = np.float64(0.035)
390.7121 	EXP 	unnamed TextStim: text = 'Score: 200 pts'
390.7121 	EXP 	unnamed TextStim: text = ''
390.7121 	EXP 	unnamed TextStim: text = '+10 Points'
390.7121 	EXP 	unnamed TextStim: foreColor = [0.1, 0.8, 0.3]
390.7121 	EXP 	unnamed ImageStim: ori = -3
390.7121 	EXP 	unnamed ImageStim: image = '/Users/burgerks/Documents/GitHub/motivated_bandit/_task/stimuli/win/sweet/sweet_bandit_138.jpg'
390.7121 	EXP 	unnamed ImageStim: ori = 3
390.7121 	EXP 	unnamed ImageStim: image = '/Users/burgerks/Documents/GitHub/motivated_bandit/_task/stimuli/win/sweet/sweet_bandit_028.jpg'
390.7121 	EXP 	unnamed ImageStim: ori = 0
390.7121 	EXP 	unnamed ImageStim: image = '/Users/burgerks/Documents/GitHub/motivated_bandit/_task/stimuli/win/sweet/sweet_bandit_102.jpg'
390.7121 	EXP 	unnamed ImageStim: ori = -5
390.7121 	EXP 	unnamed ImageStim: image = '/Users/burgerks/Documents/GitHub/motivated_bandit/_task/stimuli/win/sweet/sweet_bandit_166.jpg'
390.7124 	EXP 	TRIGGER 20 (bandit_win)
392.9288 	EXP 	unnamed TextStim: text = 'Bonus round!'
392.9288 	EXP 	unnamed TextStim: foreColor = 'white'
392.9288 	EXP 	TRIGGER 30 (bonus_intro)
393.9956 	EXP 	unnamed TextStim: text = '+15 if fast'
393.9956 	EXP 	unnamed ImageStim: image = '/Users/burgerks/Documents/GitHub/motivated_bandit/_task/stimuli/win/sweet/sweet_bandit_134.jpg'
393.9956 	EXP 	TRIGGER 31 (cue_food)
395.5288 	EXP 	TRIGGER 33 (fixation)
397.3289 	EXP 	TRIGGER 35 (target)
397.5792 	EXP 	Device response: <KeyPress from None: t=397.5769133749418, value=right, duration=None>
397.5792 	EXP 	TRIGGER 36 (response)
397.5828 	DATA 	Keypress: right
397.5955 	EXP 	TRIGGER 37 (bonus_feedback)
397.6791 	EXP 	Device response: <KeyPress from None: t=397.5769133749418, value=right, duration=0.0903070829808712>
398.2288 	EXP 	unnamed Rect: fillColor = [0.85, 0.85, 0.85]
398.2288 	EXP 	unnamed Rect: fillColor = [0.85, 0.85, 0.85]
398.2288 	EXP 	unnamed Rect: fillColor = [0.85, 0.85, 0.85]
398.2288 	EXP 	unnamed TextStim: text = ''
398.2288 	EXP 	unnamed TextStim: foreColor = 'white'
398.2288 	EXP 	unnamed TextStim: text = 'Score: 200 pts'
398.2288 	EXP 	unnamed TextStim: text = ''
398.2288 	EXP 	TRIGGER 10 (choice_onset)
398.8103 	DATA 	Keypress: right
398.8125 	EXP 	Device response: <KeyPress from None: t=398.80686404090375, value=right, duration=None>
398.8288 	EXP 	TRIGGER 11 (choice_made)
399.2621 	EXP 	TRIGGER 34 (anticipation)
399.2624 	EXP 	Device response: <KeyPress from None: t=398.80686404090375, value=right, duration=0.10832083388231695>
399.9455 	EXP 	unnamed TextStim: height = np.float64(0.035)
399.9455 	EXP 	unnamed TextStim: height = np.float64(0.035)
399.9455 	EXP 	unnamed TextStim: height = np.float64(0.035)
399.9455 	EXP 	unnamed TextStim: text = 'Score: 190 pts'
399.9455 	EXP 	unnamed TextStim: text = ''
399.9455 	EXP 	unnamed TextStim: height = np.float64(0.1)
399.9455 	EXP 	unnamed TextStim: height = np.float64(0.1)
399.9455 	EXP 	unnamed TextStim: height = np.float64(0.1)
399.9455 	EXP 	unnamed TextStim: text = '-10 Points'
399.9455 	EXP 	unnamed TextStim: foreColor = [0.9, 0.2, 0.2]
399.9455 	EXP 	unnamed ImageStim: ori = 0.5
399.9455 	EXP 	unnamed ImageStim: image = '/Users/burgerks/Documents/GitHub/motivated_bandit/_task/stimuli/loss/lose_pic.png'
399.9455 	EXP 	TRIGGER 21 (bandit_loss)
402.0788 	EXP 	unnamed Rect: fillColor = [0.85, 0.85, 0.85]
402.0788 	EXP 	unnamed Rect: fillColor = [0.85, 0.85, 0.85]
402.0788 	EXP 	unnamed Rect: fillColor = [0.85, 0.85, 0.85]
402.0788 	EXP 	unnamed TextStim: text = ''
402.0788 	EXP 	unnamed TextStim: foreColor = 'white'
402.0788 	EXP 	unnamed TextStim: text = 'Score: 190 pts'
402.0788 	EXP 	unnamed TextStim: text = ''
402.0788 	EXP 	TRIGGER 10 (choice_onset)
402.4196 	DATA 	Keypress: down
402.4292 	EXP 	Device response: <KeyPress from None: t=402.4167589158751, value=down, duration=None>
402.4455 	EXP 	TRIGGER 11 (choice_made)
402.8788 	EXP 	TRIGGER 34 (anticipation)
402.8791 	EXP 	Device response: <KeyPress from None: t=402.4167589158751, value=down, duration=0.1403077500872314>
403.8954 	EXP 	unnamed TextStim: height = np.float64(0.035)
403.8954 	EXP 	unnamed TextStim: height = np.float64(0.035)
403.8954 	EXP 	unnamed TextStim: height = np.float64(0.035)
403.8954 	EXP 	unnamed TextStim: text = 'Score: 200 pts'
403.8954 	EXP 	unnamed TextStim: text = ''
403.8954 	EXP 	unnamed TextStim: height = np.float64(0.1)
403.8954 	EXP 	unnamed TextStim: height = np.float64(0.1)
403.8954 	EXP 	unnamed TextStim: height = np.float64(0.1)
403.8954 	EXP 	unnamed TextStim: text = '+10 Points'
403.8954 	EXP 	unnamed TextStim: foreColor = [0.1, 0.8, 0.3]
403.8954 	EXP 	unnamed ImageStim: ori = 2
403.8954 	EXP 	unnamed ImageStim: image = '/Users/burgerks/Documents/GitHub/motivated_bandit/_task/stimuli/win/sweet/sweet_bandit_060.jpg'
403.8954 	EXP 	unnamed ImageStim: ori = 5
403.8954 	EXP 	unnamed ImageStim: image = '/Users/burgerks/Documents/GitHub/motivated_bandit/_task/stimuli/win/sweet/sweet_bandit_113.jpg'
403.8954 	EXP 	unnamed ImageStim: ori = 4
403.8954 	EXP 	unnamed ImageStim: image = '/Users/burgerks/Documents/GitHub/motivated_bandit/_task/stimuli/win/sweet/sweet_bandit_161.jpg'
403.8954 	EXP 	unnamed ImageStim: ori = 0
403.8954 	EXP 	unnamed ImageStim: image = '/Users/burgerks/Documents/GitHub/motivated_bandit/_task/stimuli/win/sweet/sweet_bandit_110.jpg'
403.8955 	EXP 	TRIGGER 20 (bandit_win)
405.9121 	EXP 	unnamed TextStim: text = 'Bonus round!'
405.9121 	EXP 	unnamed TextStim: foreColor = 'white'
405.9122 	EXP 	TRIGGER 30 (bonus_intro)
406.9954 	EXP 	unnamed TextStim: text = '+15 if fast'
406.9954 	EXP 	unnamed ImageStim: image = '/Users/burgerks/Documents/GitHub/motivated_bandit/_task/stimuli/neutral/bandit_017.jpg'
406.9954 	EXP 	TRIGGER 32 (cue_neutral)
408.5287 	EXP 	TRIGGER 33 (fixation)
410.1787 	EXP 	TRIGGER 35 (target)
410.4407 	DATA 	Keypress: down
410.4457 	EXP 	Device response: <KeyPress from None: t=410.43775291577913, value=down, duration=None>
410.4458 	EXP 	TRIGGER 36 (response)
410.4621 	EXP 	TRIGGER 37 (bonus_feedback)
410.5290 	EXP 	Device response: <KeyPress from None: t=410.43775291577913, value=down, duration=0.08629825012758374>
411.0953 	EXP 	unnamed Rect: fillColor = [0.85, 0.85, 0.85]
411.0953 	EXP 	unnamed Rect: fillColor = [0.85, 0.85, 0.85]
411.0953 	EXP 	unnamed Rect: fillColor = [0.85, 0.85, 0.85]
411.0953 	EXP 	unnamed TextStim: text = ''
411.0953 	EXP 	unnamed TextStim: foreColor = 'white'
411.0953 	EXP 	unnamed TextStim: text = 'Score: 200 pts'
411.0953 	EXP 	unnamed TextStim: text = ''
411.0953 	EXP 	TRIGGER 10 (choice_onset)
411.5956 	EXP 	Device response: <KeyPress from None: t=411.59369691601023, value=down, duration=None>
411.5989 	DATA 	Keypress: down
411.6120 	EXP 	TRIGGER 11 (choice_made)
412.0453 	EXP 	TRIGGER 34 (anticipation)
412.0456 	EXP 	Device response: <KeyPress from None: t=411.59369691601023, value=down, duration=0.11231254180893302>
412.7785 	EXP 	unnamed TextStim: height = np.float64(0.035)
412.7785 	EXP 	unnamed TextStim: height = np.float64(0.035)
412.7785 	EXP 	unnamed TextStim: height = np.float64(0.035)
412.7785 	EXP 	unnamed TextStim: text = 'Score: 210 pts'
412.7785 	EXP 	unnamed TextStim: text = ''
412.7785 	EXP 	unnamed TextStim: text = '+10 Points'
412.7785 	EXP 	unnamed TextStim: foreColor = [0.1, 0.8, 0.3]
412.7785 	EXP 	unnamed ImageStim: ori = -3
412.7785 	EXP 	unnamed ImageStim: image = '/Users/burgerks/Documents/GitHub/motivated_bandit/_task/stimuli/win/sweet/sweet_bandit_055.jpg'
412.7785 	EXP 	unnamed ImageStim: ori = 5
412.7785 	EXP 	unnamed ImageStim: image = '/Users/burgerks/Documents/GitHub/motivated_bandit/_task/stimuli/win/sweet/sweet_bandit_134.jpg'
412.7785 	EXP 	unnamed ImageStim: ori = -4
412.7785 	EXP 	unnamed ImageStim: image = '/Users/burgerks/Documents/GitHub/motivated_bandit/_task/stimuli/win/sweet/sweet_bandit_128.jpg'
412.7785 	EXP 	unnamed ImageStim: ori = -5
412.7785 	EXP 	unnamed ImageStim: image = '/Users/burgerks/Documents/GitHub/motivated_bandit/_task/stimuli/win/sweet/sweet_bandit_081.jpg'
412.7786 	EXP 	TRIGGER 20 (bandit_win)
414.9620 	EXP 	unnamed Rect: fillColor = [0.85, 0.85, 0.85]
414.9620 	EXP 	unnamed Rect: fillColor = [0.85, 0.85, 0.85]
414.9620 	EXP 	unnamed Rect: fillColor = [0.85, 0.85, 0.85]
414.9620 	EXP 	unnamed TextStim: text = ''
414.9620 	EXP 	unnamed TextStim: foreColor = 'white'
414.9620 	EXP 	unnamed TextStim: text = 'Score: 210 pts'
414.9620 	EXP 	unnamed TextStim: text = ''
414.9620 	EXP 	TRIGGER 10 (choice_onset)
415.4015 	DATA 	Keypress: right
415.4124 	EXP 	Device response: <KeyPress from None: t=415.3985714579467, value=right, duration=None>
415.4287 	EXP 	TRIGGER 11 (choice_made)
415.8620 	EXP 	TRIGGER 34 (anticipation)
415.8622 	EXP 	Device response: <KeyPress from None: t=415.3985714579467, value=right, duration=0.14033033302985132>
416.8285 	EXP 	unnamed TextStim: height = np.float64(0.035)
416.8285 	EXP 	unnamed TextStim: height = np.float64(0.035)
416.8285 	EXP 	unnamed TextStim: height = np.float64(0.035)
416.8285 	EXP 	unnamed TextStim: text = 'Score: 220 pts'
416.8285 	EXP 	unnamed TextStim: text = ''
416.8285 	EXP 	unnamed TextStim: text = '+10 Points'
416.8285 	EXP 	unnamed TextStim: foreColor = [0.1, 0.8, 0.3]
416.8285 	EXP 	unnamed ImageStim: ori = -1
416.8285 	EXP 	unnamed ImageStim: image = '/Users/burgerks/Documents/GitHub/motivated_bandit/_task/stimuli/win/sweet/sweet_bandit_061.jpg'
416.8285 	EXP 	unnamed ImageStim: ori = 4
416.8285 	EXP 	unnamed ImageStim: image = '/Users/burgerks/Documents/GitHub/motivated_bandit/_task/stimuli/win/sweet/sweet_bandit_156.jpg'
416.8285 	EXP 	unnamed ImageStim: ori = 1
416.8285 	EXP 	unnamed ImageStim: image = '/Users/burgerks/Documents/GitHub/motivated_bandit/_task/stimuli/win/sweet/sweet_bandit_119.jpg'
416.8285 	EXP 	unnamed ImageStim: ori = 3
416.8285 	EXP 	unnamed ImageStim: image = '/Users/burgerks/Documents/GitHub/motivated_bandit/_task/stimuli/win/sweet/sweet_bandit_074.jpg'
416.8285 	EXP 	TRIGGER 20 (bandit_win)
418.7954 	EXP 	unnamed TextStim: text = 'Bonus round!'
418.7954 	EXP 	unnamed TextStim: foreColor = 'white'
418.7954 	EXP 	TRIGGER 30 (bonus_intro)
419.8787 	EXP 	unnamed TextStim: text = '+15 if fast'
419.8787 	EXP 	unnamed ImageStim: image = '/Users/burgerks/Documents/GitHub/motivated_bandit/_task/stimuli/win/sweet/sweet_bandit_051.jpg'
419.8787 	EXP 	TRIGGER 31 (cue_food)
421.4120 	EXP 	TRIGGER 33 (fixation)
423.1787 	EXP 	TRIGGER 35 (target)
423.4532 	DATA 	Keypress: right
423.4623 	EXP 	Device response: <KeyPress from None: t=423.45024574990384, value=right, duration=None>
423.4623 	EXP 	TRIGGER 36 (response)
423.4786 	EXP 	TRIGGER 37 (bonus_feedback)
423.5621 	EXP 	Device response: <KeyPress from None: t=423.45024574990384, value=right, duration=0.10628958302550018>
424.1119 	EXP 	unnamed Rect: fillColor = [0.85, 0.85, 0.85]
424.1119 	EXP 	unnamed Rect: fillColor = [0.85, 0.85, 0.85]
424.1119 	EXP 	unnamed Rect: fillColor = [0.85, 0.85, 0.85]
424.1119 	EXP 	unnamed TextStim: text = ''
424.1119 	EXP 	unnamed TextStim: foreColor = 'white'
424.1119 	EXP 	unnamed TextStim: text = 'Score: 220 pts'
424.1119 	EXP 	unnamed TextStim: text = ''
424.1120 	EXP 	TRIGGER 10 (choice_onset)
424.6245 	DATA 	Keypress: right
424.6290 	EXP 	Device response: <KeyPress from None: t=424.6211902908981, value=right, duration=None>
424.6454 	EXP 	TRIGGER 11 (choice_made)
425.0787 	EXP 	TRIGGER 34 (anticipation)
425.0790 	EXP 	Device response: <KeyPress from None: t=424.6211902908981, value=right, duration=0.10431624995544553>
425.9285 	EXP 	unnamed TextStim: height = np.float64(0.035)
425.9285 	EXP 	unnamed TextStim: height = np.float64(0.035)
425.9285 	EXP 	unnamed TextStim: height = np.float64(0.035)
425.9285 	EXP 	unnamed TextStim: text = 'Score: 230 pts'
425.9285 	EXP 	unnamed TextStim: text = ''
425.9285 	EXP 	unnamed TextStim: text = '+10 Points'
425.9285 	EXP 	unnamed TextStim: foreColor = [0.1, 0.8, 0.3]
425.9285 	EXP 	unnamed ImageStim: ori = 2
425.9285 	EXP 	unnamed ImageStim: image = '/Users/burgerks/Documents/GitHub/motivated_bandit/_task/stimuli/win/sweet/sweet_bandit_113.jpg'
425.9285 	EXP 	unnamed ImageStim: ori = -4
425.9285 	EXP 	unnamed ImageStim: image = '/Users/burgerks/Documents/GitHub/motivated_bandit/_task/stimuli/win/sweet/sweet_bandit_065.jpg'
425.9285 	EXP 	unnamed ImageStim: ori = -1
425.9285 	EXP 	unnamed ImageStim: image = '/Users/burgerks/Documents/GitHub/motivated_bandit/_task/stimuli/win/sweet/sweet_bandit_050.jpg'
425.9285 	EXP 	unnamed ImageStim: ori = -1
425.9285 	EXP 	unnamed ImageStim: image = '/Users/burgerks/Documents/GitHub/motivated_bandit/_task/stimuli/win/sweet/sweet_bandit_087.jpg'
425.9286 	EXP 	TRIGGER 20 (bandit_win)
427.9452 	EXP 	unnamed Rect: fillColor = [0.85, 0.85, 0.85]
427.9452 	EXP 	unnamed Rect: fillColor = [0.85, 0.85, 0.85]
427.9452 	EXP 	unnamed Rect: fillColor = [0.85, 0.85, 0.85]
427.9452 	EXP 	unnamed TextStim: text = ''
427.9452 	EXP 	unnamed TextStim: foreColor = 'white'
427.9452 	EXP 	unnamed TextStim: text = 'Score: 230 pts'
427.9452 	EXP 	unnamed TextStim: text = ''
427.9453 	EXP 	TRIGGER 10 (choice_onset)
428.3725 	DATA 	Keypress: right
428.3790 	EXP 	Device response: <KeyPress from None: t=428.36909195780754, value=right, duration=None>
428.3953 	EXP 	TRIGGER 11 (choice_made)
428.8287 	EXP 	TRIGGER 34 (anticipation)
428.8291 	EXP 	Device response: <KeyPress from None: t=428.36909195780754, value=right, duration=0.12430450017563999>
429.6954 	EXP 	unnamed TextStim: height = np.float64(0.035)
429.6954 	EXP 	unnamed TextStim: height = np.float64(0.035)
429.6954 	EXP 	unnamed TextStim: height = np.float64(0.035)
429.6954 	EXP 	unnamed TextStim: text = 'Score: 240 pts'
429.6954 	EXP 	unnamed TextStim: text = ''
429.6954 	EXP 	unnamed TextStim: text = '+10 Points'
429.6954 	EXP 	unnamed TextStim: foreColor = [0.1, 0.8, 0.3]
429.6954 	EXP 	unnamed ImageStim: ori = -1
429.6954 	EXP 	unnamed ImageStim: image = '/Users/burgerks/Documents/GitHub/motivated_bandit/_task/stimuli/win/sweet/sweet_bandit_024.jpg'
429.6954 	EXP 	unnamed ImageStim: ori = 3
429.6954 	EXP 	unnamed ImageStim: image = '/Users/burgerks/Documents/GitHub/motivated_bandit/_task/stimuli/win/sweet/sweet_bandit_015.jpg'
429.6954 	EXP 	unnamed ImageStim: ori = 2
429.6954 	EXP 	unnamed ImageStim: image = '/Users/burgerks/Documents/GitHub/motivated_bandit/_task/stimuli/win/sweet/sweet_bandit_156.jpg'
429.6954 	EXP 	unnamed ImageStim: ori = -2
429.6954 	EXP 	unnamed ImageStim: image = '/Users/burgerks/Documents/GitHub/motivated_bandit/_task/stimuli/win/sweet/sweet_bandit_126.jpg'
429.6954 	EXP 	TRIGGER 20 (bandit_win)
431.8619 	EXP 	unnamed Rect: fillColor = [0.85, 0.85, 0.85]
431.8619 	EXP 	unnamed Rect: fillColor = [0.85, 0.85, 0.85]
431.8619 	EXP 	unnamed Rect: fillColor = [0.85, 0.85, 0.85]
431.8619 	EXP 	unnamed TextStim: text = ''
431.8619 	EXP 	unnamed TextStim: foreColor = 'white'
431.8619 	EXP 	unnamed TextStim: text = 'Score: 240 pts'
431.8619 	EXP 	unnamed TextStim: text = ''
431.8619 	EXP 	TRIGGER 10 (choice_onset)
432.3180 	DATA 	Keypress: right
432.3291 	EXP 	Device response: <KeyPress from None: t=432.313954499783, value=right, duration=None>
432.3454 	EXP 	TRIGGER 11 (choice_made)
432.7786 	EXP 	TRIGGER 34 (anticipation)
432.7789 	EXP 	Device response: <KeyPress from None: t=432.313954499783, value=right, duration=0.1363223751541227>
433.2953 	EXP 	unnamed TextStim: height = np.float64(0.035)
433.2953 	EXP 	unnamed TextStim: height = np.float64(0.035)
433.2953 	EXP 	unnamed TextStim: height = np.float64(0.035)
433.2953 	EXP 	unnamed TextStim: text = 'Score: 230 pts'
433.2953 	EXP 	unnamed TextStim: text = ''
433.2953 	EXP 	unnamed TextStim: height = np.float64(0.1)
433.2953 	EXP 	unnamed TextStim: height = np.float64(0.1)
433.2953 	EXP 	unnamed TextStim: height = np.float64(0.1)
433.2953 	EXP 	unnamed TextStim: text = '-10 Points'
433.2953 	EXP 	unnamed TextStim: foreColor = [0.9, 0.2, 0.2]
433.2953 	EXP 	unnamed ImageStim: ori = 0.75
433.2953 	EXP 	unnamed ImageStim: image = '/Users/burgerks/Documents/GitHub/motivated_bandit/_task/stimuli/loss/lose_pic.png'
433.2953 	EXP 	TRIGGER 21 (bandit_loss)
435.5452 	EXP 	unnamed Rect: fillColor = [0.85, 0.85, 0.85]
435.5452 	EXP 	unnamed Rect: fillColor = [0.85, 0.85, 0.85]
435.5452 	EXP 	unnamed Rect: fillColor = [0.85, 0.85, 0.85]
435.5452 	EXP 	unnamed TextStim: text = ''
435.5452 	EXP 	unnamed TextStim: foreColor = 'white'
435.5452 	EXP 	unnamed TextStim: text = 'Score: 230 pts'
435.5452 	EXP 	unnamed TextStim: text = ''
435.5452 	EXP 	TRIGGER 10 (choice_onset)
435.8527 	DATA 	Keypress: down
435.8622 	EXP 	Device response: <KeyPress from None: t=435.84987162495963, value=down, duration=None>
435.8785 	EXP 	TRIGGER 11 (choice_made)
436.2953 	EXP 	TRIGGER 34 (anticipation)
436.2955 	EXP 	Device response: <KeyPress from None: t=435.84987162495963, value=down, duration=0.12827574997209013>
436.8620 	EXP 	unnamed TextStim: height = np.float64(0.035)
436.8620 	EXP 	unnamed TextStim: height = np.float64(0.035)
436.8620 	EXP 	unnamed TextStim: height = np.float64(0.035)
436.8620 	EXP 	unnamed TextStim: text = 'Score: 220 pts'
436.8620 	EXP 	unnamed TextStim: text = ''
436.8620 	EXP 	unnamed TextStim: text = '-10 Points'
436.8620 	EXP 	unnamed TextStim: foreColor = [0.9, 0.2, 0.2]
436.8620 	EXP 	unnamed ImageStim: ori = -0.5
436.8620 	EXP 	unnamed ImageStim: image = '/Users/burgerks/Documents/GitHub/motivated_bandit/_task/stimuli/loss/lose_pic.png'
436.8620 	EXP 	TRIGGER 21 (bandit_loss)
438.9452 	EXP 	unnamed TextStim: text = 'Bonus round!'
438.9452 	EXP 	unnamed TextStim: foreColor = 'white'
438.9452 	EXP 	TRIGGER 30 (bonus_intro)
439.2288 	EXP 	Device response: <KeyPress from None: t=439.2258212908637, value=right, duration=None>
439.2321 	DATA 	Keypress: right
439.3788 	EXP 	Device response: <KeyPress from None: t=439.2258212908637, value=right, duration=0.14022270892746747>
440.0453 	EXP 	unnamed TextStim: text = '+15 if fast'
440.0453 	EXP 	unnamed ImageStim: image = '/Users/burgerks/Documents/GitHub/motivated_bandit/_task/stimuli/win/sweet/sweet_bandit_019.jpg'
440.0454 	EXP 	TRIGGER 31 (cue_food)
441.5786 	EXP 	TRIGGER 33 (fixation)
443.2285 	EXP 	TRIGGER 35 (target)
443.8289 	EXP 	Device response: <KeyPress from None: t=443.8250649999827, value=right, duration=None>
443.8289 	EXP 	TRIGGER 36 (response)
443.8295 	DATA 	Keypress: right
443.8453 	EXP 	TRIGGER 37 (bonus_feedback)
443.9288 	EXP 	Device response: <KeyPress from None: t=443.8250649999827, value=right, duration=0.09831237490288913>
444.4786 	EXP 	unnamed Rect: fillColor = [0.85, 0.85, 0.85]
444.4786 	EXP 	unnamed Rect: fillColor = [0.85, 0.85, 0.85]
444.4786 	EXP 	unnamed Rect: fillColor = [0.85, 0.85, 0.85]
444.4786 	EXP 	unnamed TextStim: text = ''
444.4786 	EXP 	unnamed TextStim: foreColor = 'white'
444.4786 	EXP 	unnamed TextStim: text = 'Score: 220 pts'
444.4786 	EXP 	unnamed TextStim: text = ''
444.4786 	EXP 	TRIGGER 10 (choice_onset)
445.0170 	DATA 	Keypress: right
445.0289 	EXP 	Device response: <KeyPress from None: t=445.0119967497885, value=right, duration=None>
445.0452 	EXP 	TRIGGER 11 (choice_made)
445.4785 	EXP 	TRIGGER 34 (anticipation)
445.4788 	EXP 	Device response: <KeyPress from None: t=445.0119967497885, value=right, duration=0.11629750020802021>
446.1783 	EXP 	unnamed TextStim: height = np.float64(0.035)
446.1783 	EXP 	unnamed TextStim: height = np.float64(0.035)
446.1783 	EXP 	unnamed TextStim: height = np.float64(0.035)
446.1783 	EXP 	unnamed TextStim: text = 'Score: 230 pts'
446.1783 	EXP 	unnamed TextStim: text = ''
446.1783 	EXP 	unnamed TextStim: height = np.float64(0.1)
446.1783 	EXP 	unnamed TextStim: height = np.float64(0.1)
446.1783 	EXP 	unnamed TextStim: height = np.float64(0.1)
446.1783 	EXP 	unnamed TextStim: text = '+10 Points'
446.1783 	EXP 	unnamed TextStim: foreColor = [0.1, 0.8, 0.3]
446.1783 	EXP 	unnamed ImageStim: ori = -3
446.1783 	EXP 	unnamed ImageStim: image = '/Users/burgerks/Documents/GitHub/motivated_bandit/_task/stimuli/win/sweet/sweet_bandit_025.jpg'
446.1783 	EXP 	unnamed ImageStim: ori = 0
446.1783 	EXP 	unnamed ImageStim: image = '/Users/burgerks/Documents/GitHub/motivated_bandit/_task/stimuli/win/sweet/sweet_bandit_003.jpg'
446.1783 	EXP 	unnamed ImageStim: ori = 5
446.1783 	EXP 	unnamed ImageStim: image = '/Users/burgerks/Documents/GitHub/motivated_bandit/_task/stimuli/win/sweet/sweet_bandit_079.jpg'
446.1783 	EXP 	unnamed ImageStim: ori = 3
446.1783 	EXP 	unnamed ImageStim: image = '/Users/burgerks/Documents/GitHub/motivated_bandit/_task/stimuli/win/sweet/sweet_bandit_119.jpg'
446.1784 	EXP 	TRIGGER 20 (bandit_win)
448.3952 	EXP 	unnamed Rect: fillColor = [0.85, 0.85, 0.85]
448.3952 	EXP 	unnamed Rect: fillColor = [0.85, 0.85, 0.85]
448.3952 	EXP 	unnamed Rect: fillColor = [0.85, 0.85, 0.85]
448.3952 	EXP 	unnamed TextStim: text = ''
448.3952 	EXP 	unnamed TextStim: foreColor = 'white'
448.3952 	EXP 	unnamed TextStim: text = 'Score: 230 pts'
448.3952 	EXP 	unnamed TextStim: text = ''
448.3952 	EXP 	TRIGGER 10 (choice_onset)
448.8622 	EXP 	Device response: <KeyPress from None: t=448.8608912078198, value=right, duration=None>
448.8669 	DATA 	Keypress: right
448.8786 	EXP 	TRIGGER 11 (choice_made)
449.3118 	EXP 	TRIGGER 34 (anticipation)
449.3121 	EXP 	Device response: <KeyPress from None: t=448.8608912078198, value=right, duration=0.12432462512515485>
450.1785 	EXP 	unnamed TextStim: height = np.float64(0.035)
450.1785 	EXP 	unnamed TextStim: height = np.float64(0.035)
450.1785 	EXP 	unnamed TextStim: height = np.float64(0.035)
450.1785 	EXP 	unnamed TextStim: text = 'Score: 240 pts'
450.1785 	EXP 	unnamed TextStim: text = ''
450.1785 	EXP 	unnamed TextStim: text = '+10 Points'
450.1785 	EXP 	unnamed TextStim: foreColor = [0.1, 0.8, 0.3]
450.1785 	EXP 	unnamed ImageStim: ori = 4
450.1785 	EXP 	unnamed ImageStim: image = '/Users/burgerks/Documents/GitHub/motivated_bandit/_task/stimuli/win/sweet/sweet_bandit_099.jpg'
450.1785 	EXP 	unnamed ImageStim: ori = 3
450.1785 	EXP 	unnamed ImageStim: image = '/Users/burgerks/Documents/GitHub/motivated_bandit/_task/stimuli/win/sweet/sweet_bandit_077.jpg'
450.1785 	EXP 	unnamed ImageStim: ori = -1
450.1785 	EXP 	unnamed ImageStim: image = '/Users/burgerks/Documents/GitHub/motivated_bandit/_task/stimuli/win/sweet/sweet_bandit_138.jpg'
450.1785 	EXP 	unnamed ImageStim: ori = 0
450.1785 	EXP 	unnamed ImageStim: image = '/Users/burgerks/Documents/GitHub/motivated_bandit/_task/stimuli/win/sweet/sweet_bandit_024.jpg'
450.1786 	EXP 	TRIGGER 20 (bandit_win)
450.6898 	DATA 	Keypress: right
450.6955 	EXP 	Device response: <KeyPress from None: t=450.68683849996887, value=right, duration=None>
450.8453 	EXP 	Device response: <KeyPress from None: t=450.68683849996887, value=right, duration=0.15632483293302357>
452.1452 	EXP 	unnamed Rect: fillColor = [0.85, 0.85, 0.85]
452.1452 	EXP 	unnamed Rect: fillColor = [0.85, 0.85, 0.85]
452.1452 	EXP 	unnamed Rect: fillColor = [0.85, 0.85, 0.85]
452.1452 	EXP 	unnamed TextStim: text = ''
452.1452 	EXP 	unnamed TextStim: foreColor = 'white'
452.1452 	EXP 	unnamed TextStim: text = 'Score: 240 pts'
452.1452 	EXP 	unnamed TextStim: text = ''
452.1452 	EXP 	TRIGGER 10 (choice_onset)
452.4388 	DATA 	Keypress: right
452.4455 	EXP 	Device response: <KeyPress from None: t=452.4357976249885, value=right, duration=None>
452.4619 	EXP 	TRIGGER 11 (choice_made)
452.8952 	EXP 	TRIGGER 34 (anticipation)
452.8954 	EXP 	Device response: <KeyPress from None: t=452.4357976249885, value=right, duration=0.14030708279460669>
453.7452 	EXP 	unnamed TextStim: height = np.float64(0.035)
453.7452 	EXP 	unnamed TextStim: height = np.float64(0.035)
453.7452 	EXP 	unnamed TextStim: height = np.float64(0.035)
453.7452 	EXP 	unnamed TextStim: text = 'Score: 230 pts'
453.7452 	EXP 	unnamed TextStim: text = ''
453.7452 	EXP 	unnamed TextStim: height = np.float64(0.1)
453.7452 	EXP 	unnamed TextStim: height = np.float64(0.1)
453.7452 	EXP 	unnamed TextStim: height = np.float64(0.1)
453.7452 	EXP 	unnamed TextStim: text = '-10 Points'
453.7452 	EXP 	unnamed TextStim: foreColor = [0.9, 0.2, 0.2]
453.7452 	EXP 	unnamed ImageStim: ori = 0.5
453.7452 	EXP 	unnamed ImageStim: image = '/Users/burgerks/Documents/GitHub/motivated_bandit/_task/stimuli/loss/lose_pic.png'
453.7452 	EXP 	TRIGGER 21 (bandit_loss)
455.9951 	EXP 	unnamed TextStim: text = 'Bonus round!'
455.9951 	EXP 	unnamed TextStim: foreColor = 'white'
455.9951 	EXP 	TRIGGER 30 (bonus_intro)
457.0785 	EXP 	unnamed TextStim: text = '+15 if fast'
457.0785 	EXP 	unnamed ImageStim: image = '/Users/burgerks/Documents/GitHub/motivated_bandit/_task/stimuli/win/sweet/sweet_bandit_115.jpg'
457.0785 	EXP 	TRIGGER 31 (cue_food)
458.6117 	EXP 	TRIGGER 33 (fixation)
459.9951 	EXP 	TRIGGER 35 (target)
460.2446 	DATA 	Keypress: down
460.2461 	EXP 	Device response: <KeyPress from None: t=460.2411393749062, value=down, duration=None>
460.2461 	EXP 	TRIGGER 36 (response)
460.2618 	EXP 	TRIGGER 37 (bonus_feedback)
460.3454 	EXP 	Device response: <KeyPress from None: t=460.2411393749062, value=down, duration=0.08985716593451798>
460.8951 	EXP 	unnamed Rect: fillColor = [0.85, 0.85, 0.85]
460.8951 	EXP 	unnamed Rect: fillColor = [0.85, 0.85, 0.85]
460.8951 	EXP 	unnamed Rect: fillColor = [0.85, 0.85, 0.85]
460.8951 	EXP 	unnamed TextStim: text = ''
460.8951 	EXP 	unnamed TextStim: foreColor = 'white'
460.8951 	EXP 	unnamed TextStim: text = 'Score: 230 pts'
460.8951 	EXP 	unnamed TextStim: text = ''
460.8951 	EXP 	TRIGGER 10 (choice_onset)
461.4620 	EXP 	Device response: <KeyPress from None: t=461.46068395790644, value=down, duration=None>
461.4667 	DATA 	Keypress: down
461.4784 	EXP 	TRIGGER 11 (choice_made)
461.9117 	EXP 	TRIGGER 34 (anticipation)
461.9120 	EXP 	Device response: <KeyPress from None: t=461.46068395790644, value=down, duration=0.1642874579411>
462.7117 	EXP 	unnamed TextStim: height = np.float64(0.035)
462.7117 	EXP 	unnamed TextStim: height = np.float64(0.035)
462.7117 	EXP 	unnamed TextStim: height = np.float64(0.035)
462.7117 	EXP 	unnamed TextStim: text = 'Score: 220 pts'
462.7117 	EXP 	unnamed TextStim: text = ''
462.7117 	EXP 	unnamed TextStim: text = '-10 Points'
462.7117 	EXP 	unnamed TextStim: foreColor = [0.9, 0.2, 0.2]
462.7117 	EXP 	unnamed ImageStim: ori = 0.75
462.7117 	EXP 	unnamed ImageStim: image = '/Users/burgerks/Documents/GitHub/motivated_bandit/_task/stimuli/loss/lose_pic.png'
462.7117 	EXP 	TRIGGER 21 (bandit_loss)
464.7951 	EXP 	unnamed Rect: fillColor = [0.85, 0.85, 0.85]
464.7951 	EXP 	unnamed Rect: fillColor = [0.85, 0.85, 0.85]
464.7951 	EXP 	unnamed Rect: fillColor = [0.85, 0.85, 0.85]
464.7951 	EXP 	unnamed TextStim: text = ''
464.7951 	EXP 	unnamed TextStim: foreColor = 'white'
464.7951 	EXP 	unnamed TextStim: text = 'Score: 220 pts'
464.7951 	EXP 	unnamed TextStim: text = ''
464.7951 	EXP 	TRIGGER 10 (choice_onset)
465.1888 	DATA 	Keypress: right
465.1953 	EXP 	Device response: <KeyPress from None: t=465.18552745785564, value=right, duration=None>
465.2117 	EXP 	TRIGGER 11 (choice_made)
465.6450 	EXP 	TRIGGER 34 (anticipation)
465.6453 	EXP 	Device response: <KeyPress from None: t=465.18552745785564, value=right, duration=0.1323479579295963>
466.5451 	EXP 	unnamed TextStim: height = np.float64(0.035)
466.5451 	EXP 	unnamed TextStim: height = np.float64(0.035)
466.5451 	EXP 	unnamed TextStim: height = np.float64(0.035)
466.5451 	EXP 	unnamed TextStim: text = 'Score: 230 pts'
466.5451 	EXP 	unnamed TextStim: text = ''
466.5451 	EXP 	unnamed TextStim: height = np.float64(0.1)
466.5451 	EXP 	unnamed TextStim: height = np.float64(0.1)
466.5451 	EXP 	unnamed TextStim: height = np.float64(0.1)
466.5451 	EXP 	unnamed TextStim: text = '+10 Points'
466.5451 	EXP 	unnamed TextStim: foreColor = [0.1, 0.8, 0.3]
466.5451 	EXP 	unnamed ImageStim: ori = -3
466.5451 	EXP 	unnamed ImageStim: image = '/Users/burgerks/Documents/GitHub/motivated_bandit/_task/stimuli/win/sweet/sweet_bandit_059.jpg'
466.5451 	EXP 	unnamed ImageStim: ori = -3
466.5451 	EXP 	unnamed ImageStim: image = '/Users/burgerks/Documents/GitHub/motivated_bandit/_task/stimuli/win/sweet/sweet_bandit_155.jpg'
466.5451 	EXP 	unnamed ImageStim: ori = 2
466.5451 	EXP 	unnamed ImageStim: image = '/Users/burgerks/Documents/GitHub/motivated_bandit/_task/stimuli/win/sweet/sweet_bandit_095.jpg'
466.5451 	EXP 	unnamed ImageStim: ori = -2
466.5451 	EXP 	unnamed ImageStim: image = '/Users/burgerks/Documents/GitHub/motivated_bandit/_task/stimuli/win/sweet/sweet_bandit_090.jpg'
466.5451 	EXP 	TRIGGER 20 (bandit_win)
468.5451 	EXP 	unnamed TextStim: text = 'Bonus round!'
468.5451 	EXP 	unnamed TextStim: foreColor = 'white'
468.5451 	EXP 	TRIGGER 30 (bonus_intro)
469.6450 	EXP 	unnamed TextStim: text = '+15 if fast'
469.6450 	EXP 	unnamed ImageStim: image = '/Users/burgerks/Documents/GitHub/motivated_bandit/_task/stimuli/neutral/bandit_016.jpg'
469.6451 	EXP 	TRIGGER 32 (cue_neutral)
471.1617 	EXP 	TRIGGER 33 (fixation)
473.0783 	EXP 	TRIGGER 35 (target)
473.5662 	DATA 	Keypress: right
473.5787 	EXP 	Device response: <KeyPress from None: t=473.56283170799725, value=right, duration=None>
473.5787 	EXP 	TRIGGER 36 (response)
473.5950 	EXP 	TRIGGER 37 (bonus_feedback)
473.6619 	EXP 	Device response: <KeyPress from None: t=473.56283170799725, value=right, duration=0.09027491696178913>
474.2283 	EXP 	unnamed Rect: fillColor = [0.85, 0.85, 0.85]
474.2283 	EXP 	unnamed Rect: fillColor = [0.85, 0.85, 0.85]
474.2283 	EXP 	unnamed Rect: fillColor = [0.85, 0.85, 0.85]
474.2283 	EXP 	unnamed TextStim: text = ''
474.2283 	EXP 	unnamed TextStim: foreColor = 'white'
474.2283 	EXP 	unnamed TextStim: text = 'Score: 230 pts'
474.2283 	EXP 	unnamed TextStim: text = ''
474.2284 	EXP 	TRIGGER 10 (choice_onset)
474.8035 	DATA 	Keypress: right
474.8120 	EXP 	Device response: <KeyPress from None: t=474.8007829999551, value=right, duration=None>
474.8284 	EXP 	TRIGGER 11 (choice_made)
475.2617 	EXP 	TRIGGER 34 (anticipation)
475.2619 	EXP 	Device response: <KeyPress from None: t=474.8007829999551, value=right, duration=0.104321249993518>
475.9617 	EXP 	unnamed TextStim: height = np.float64(0.035)
475.9617 	EXP 	unnamed TextStim: height = np.float64(0.035)
475.9617 	EXP 	unnamed TextStim: height = np.float64(0.035)
475.9617 	EXP 	unnamed TextStim: text = 'Score: 220 pts'
475.9617 	EXP 	unnamed TextStim: text = ''
475.9617 	EXP 	unnamed TextStim: height = np.float64(0.1)
475.9617 	EXP 	unnamed TextStim: height = np.float64(0.1)
475.9617 	EXP 	unnamed TextStim: height = np.float64(0.1)
475.9617 	EXP 	unnamed TextStim: text = '-10 Points'
475.9617 	EXP 	unnamed TextStim: foreColor = [0.9, 0.2, 0.2]
475.9617 	EXP 	unnamed ImageStim: ori = 1.25
475.9617 	EXP 	unnamed ImageStim: image = '/Users/burgerks/Documents/GitHub/motivated_bandit/_task/stimuli/loss/lose_pic.png'
475.9618 	EXP 	TRIGGER 21 (bandit_loss)
477.9949 	EXP 	unnamed Rect: fillColor = [0.85, 0.85, 0.85]
477.9949 	EXP 	unnamed Rect: fillColor = [0.85, 0.85, 0.85]
477.9949 	EXP 	unnamed Rect: fillColor = [0.85, 0.85, 0.85]
477.9949 	EXP 	unnamed TextStim: text = ''
477.9949 	EXP 	unnamed TextStim: foreColor = 'white'
477.9949 	EXP 	unnamed TextStim: text = 'Score: 220 pts'
477.9949 	EXP 	unnamed TextStim: text = ''
477.9950 	EXP 	TRIGGER 10 (choice_onset)
478.4120 	EXP 	Device response: <KeyPress from None: t=478.4086692079436, value=down, duration=None>
478.4154 	DATA 	Keypress: down
478.4283 	EXP 	TRIGGER 11 (choice_made)
478.8450 	EXP 	TRIGGER 34 (anticipation)
478.8454 	EXP 	Device response: <KeyPress from None: t=478.4086692079436, value=down, duration=0.1482967920601368>
479.5784 	EXP 	unnamed TextStim: height = np.float64(0.035)
479.5784 	EXP 	unnamed TextStim: height = np.float64(0.035)
479.5784 	EXP 	unnamed TextStim: height = np.float64(0.035)
479.5784 	EXP 	unnamed TextStim: text = 'Score: 230 pts'
479.5784 	EXP 	unnamed TextStim: text = ''
479.5784 	EXP 	unnamed TextStim: height = np.float64(0.1)
479.5784 	EXP 	unnamed TextStim: height = np.float64(0.1)
479.5784 	EXP 	unnamed TextStim: height = np.float64(0.1)
479.5784 	EXP 	unnamed TextStim: text = '+10 Points'
479.5784 	EXP 	unnamed TextStim: foreColor = [0.1, 0.8, 0.3]
479.5784 	EXP 	unnamed ImageStim: ori = 3
479.5784 	EXP 	unnamed ImageStim: image = '/Users/burgerks/Documents/GitHub/motivated_bandit/_task/stimuli/win/sweet/sweet_bandit_010.jpg'
479.5784 	EXP 	unnamed ImageStim: ori = 5
479.5784 	EXP 	unnamed ImageStim: image = '/Users/burgerks/Documents/GitHub/motivated_bandit/_task/stimuli/win/sweet/sweet_bandit_024.jpg'
479.5784 	EXP 	unnamed ImageStim: ori = -2
479.5784 	EXP 	unnamed ImageStim: image = '/Users/burgerks/Documents/GitHub/motivated_bandit/_task/stimuli/win/sweet/sweet_bandit_028.jpg'
479.5784 	EXP 	unnamed ImageStim: ori = 2
479.5784 	EXP 	unnamed ImageStim: image = '/Users/burgerks/Documents/GitHub/motivated_bandit/_task/stimuli/win/sweet/sweet_bandit_019.jpg'
479.5785 	EXP 	TRIGGER 20 (bandit_win)
481.7283 	EXP 	unnamed Rect: fillColor = [0.85, 0.85, 0.85]
481.7283 	EXP 	unnamed Rect: fillColor = [0.85, 0.85, 0.85]
481.7283 	EXP 	unnamed Rect: fillColor = [0.85, 0.85, 0.85]
481.7283 	EXP 	unnamed TextStim: text = ''
481.7283 	EXP 	unnamed TextStim: foreColor = 'white'
481.7283 	EXP 	unnamed TextStim: text = 'Score: 230 pts'
481.7283 	EXP 	unnamed TextStim: text = ''
481.7283 	EXP 	TRIGGER 10 (choice_onset)
482.5103 	DATA 	Keypress: down
482.5121 	EXP 	Device response: <KeyPress from None: t=482.5065353328828, value=down, duration=None>
482.5284 	EXP 	TRIGGER 11 (choice_made)
482.9616 	EXP 	TRIGGER 34 (anticipation)
482.9619 	EXP 	Device response: <KeyPress from None: t=482.5065353328828, value=down, duration=0.14029408292844892>
483.7283 	EXP 	unnamed TextStim: height = np.float64(0.035)
483.7283 	EXP 	unnamed TextStim: height = np.float64(0.035)
483.7283 	EXP 	unnamed TextStim: height = np.float64(0.035)
483.7283 	EXP 	unnamed TextStim: text = 'Score: 220 pts'
483.7283 	EXP 	unnamed TextStim: text = ''
483.7283 	EXP 	unnamed TextStim: height = np.float64(0.1)
483.7283 	EXP 	unnamed TextStim: height = np.float64(0.1)
483.7283 	EXP 	unnamed TextStim: height = np.float64(0.1)
483.7283 	EXP 	unnamed TextStim: text = '-10 Points'
483.7283 	EXP 	unnamed TextStim: foreColor = [0.9, 0.2, 0.2]
483.7283 	EXP 	unnamed ImageStim: ori = 1.25
483.7283 	EXP 	unnamed ImageStim: image = '/Users/burgerks/Documents/GitHub/motivated_bandit/_task/stimuli/loss/lose_pic.png'
483.7284 	EXP 	TRIGGER 21 (bandit_loss)
485.9615 	EXP 	unnamed TextStim: text = 'Bonus round!'
485.9615 	EXP 	unnamed TextStim: foreColor = 'white'
485.9615 	EXP 	TRIGGER 30 (bonus_intro)
487.0450 	EXP 	unnamed TextStim: text = '+15 if fast'
487.0450 	EXP 	unnamed ImageStim: image = '/Users/burgerks/Documents/GitHub/motivated_bandit/_task/stimuli/win/sweet/sweet_bandit_054.jpg'
487.0450 	EXP 	TRIGGER 31 (cue_food)
488.5783 	EXP 	TRIGGER 33 (fixation)
490.4616 	EXP 	TRIGGER 35 (target)
490.6953 	EXP 	Device response: <KeyPress from None: t=490.69416108285077, value=right, duration=None>
490.6953 	EXP 	TRIGGER 36 (response)
490.6994 	DATA 	Keypress: right
490.7116 	EXP 	TRIGGER 37 (bonus_feedback)
490.7952 	EXP 	Device response: <KeyPress from None: t=490.69416108285077, value=right, duration=0.09031691704876721>
491.3449 	EXP 	unnamed Rect: fillColor = [0.85, 0.85, 0.85]
491.3449 	EXP 	unnamed Rect: fillColor = [0.85, 0.85, 0.85]
491.3449 	EXP 	unnamed Rect: fillColor = [0.85, 0.85, 0.85]
491.3449 	EXP 	unnamed TextStim: text = ''
491.3449 	EXP 	unnamed TextStim: foreColor = 'white'
491.3449 	EXP 	unnamed TextStim: text = 'Score: 220 pts'
491.3449 	EXP 	unnamed TextStim: text = ''
491.3450 	EXP 	TRIGGER 10 (choice_onset)
491.9935 	DATA 	Keypress: right
491.9952 	EXP 	Device response: <KeyPress from None: t=491.9901242079213, value=right, duration=None>
492.0116 	EXP 	TRIGGER 11 (choice_made)
492.4449 	EXP 	TRIGGER 34 (anticipation)
492.4452 	EXP 	Device response: <KeyPress from None: t=491.9901242079213, value=right, duration=0.10828662500716746>
493.3949 	EXP 	unnamed TextStim: height = np.float64(0.035)
493.3949 	EXP 	unnamed TextStim: height = np.float64(0.035)
493.3949 	EXP 	unnamed TextStim: height = np.float64(0.035)
493.3949 	EXP 	unnamed TextStim: text = 'Score: 230 pts'
493.3949 	EXP 	unnamed TextStim: text = ''
493.3949 	EXP 	unnamed TextStim: height = np.float64(0.1)
493.3949 	EXP 	unnamed TextStim: height = np.float64(0.1)
493.3949 	EXP 	unnamed TextStim: height = np.float64(0.1)
493.3949 	EXP 	unnamed TextStim: text = '+10 Points'
493.3949 	EXP 	unnamed TextStim: foreColor = [0.1, 0.8, 0.3]
493.3949 	EXP 	unnamed ImageStim: ori = 3
493.3949 	EXP 	unnamed ImageStim: image = '/Users/burgerks/Documents/GitHub/motivated_bandit/_task/stimuli/win/sweet/sweet_bandit_160.jpg'
493.3949 	EXP 	unnamed ImageStim: ori = -4
493.3949 	EXP 	unnamed ImageStim: image = '/Users/burgerks/Documents/GitHub/motivated_bandit/_task/stimuli/win/sweet/sweet_bandit_087.jpg'
493.3949 	EXP 	unnamed ImageStim: ori = 1
493.3949 	EXP 	unnamed ImageStim: image = '/Users/burgerks/Documents/GitHub/motivated_bandit/_task/stimuli/win/sweet/sweet_bandit_162.jpg'
493.3949 	EXP 	unnamed ImageStim: ori = -3
493.3949 	EXP 	unnamed ImageStim: image = '/Users/burgerks/Documents/GitHub/motivated_bandit/_task/stimuli/win/sweet/sweet_bandit_091.jpg'
493.3949 	EXP 	TRIGGER 20 (bandit_win)
495.5615 	EXP 	unnamed Rect: fillColor = [0.85, 0.85, 0.85]
495.5615 	EXP 	unnamed Rect: fillColor = [0.85, 0.85, 0.85]
495.5615 	EXP 	unnamed Rect: fillColor = [0.85, 0.85, 0.85]
495.5615 	EXP 	unnamed TextStim: text = ''
495.5615 	EXP 	unnamed TextStim: foreColor = 'white'
495.5615 	EXP 	unnamed TextStim: text = 'Score: 230 pts'
495.5615 	EXP 	unnamed TextStim: text = ''
495.5616 	EXP 	TRIGGER 10 (choice_onset)
496.0552 	DATA 	Keypress: right
496.0619 	EXP 	Device response: <KeyPress from None: t=496.05102904094383, value=right, duration=None>
496.0782 	EXP 	TRIGGER 11 (choice_made)
496.5115 	EXP 	TRIGGER 34 (anticipation)
496.5118 	EXP 	Device response: <KeyPress from None: t=496.05102904094383, value=right, duration=0.13225433393381536>
497.1282 	EXP 	unnamed TextStim: height = np.float64(0.035)
497.1282 	EXP 	unnamed TextStim: height = np.float64(0.035)
497.1282 	EXP 	unnamed TextStim: height = np.float64(0.035)
497.1282 	EXP 	unnamed TextStim: text = 'Score: 220 pts'
497.1282 	EXP 	unnamed TextStim: text = ''
497.1282 	EXP 	unnamed TextStim: height = np.float64(0.1)
497.1282 	EXP 	unnamed TextStim: height = np.float64(0.1)
497.1282 	EXP 	unnamed TextStim: height = np.float64(0.1)
497.1282 	EXP 	unnamed TextStim: text = '-10 Points'
497.1282 	EXP 	unnamed TextStim: foreColor = [0.9, 0.2, 0.2]
497.1282 	EXP 	unnamed ImageStim: ori = -1.0
497.1282 	EXP 	unnamed ImageStim: image = '/Users/burgerks/Documents/GitHub/motivated_bandit/_task/stimuli/loss/lose_pic.png'
497.1282 	EXP 	TRIGGER 21 (bandit_loss)
499.2449 	EXP 	unnamed TextStim: text = 'Bonus round!'
499.2449 	EXP 	unnamed TextStim: foreColor = 'white'
499.2449 	EXP 	TRIGGER 30 (bonus_intro)
500.3449 	EXP 	unnamed TextStim: text = '+15 if fast'
500.3449 	EXP 	unnamed ImageStim: image = '/Users/burgerks/Documents/GitHub/motivated_bandit/_task/stimuli/win/sweet/sweet_bandit_098.jpg'
500.3449 	EXP 	TRIGGER 31 (cue_food)
500.9874 	DATA 	Keypress: right
500.9952 	EXP 	Device response: <KeyPress from None: t=500.9844954579603, value=right, duration=None>
501.0115 	EXP 	unnamed TextStim: height = np.float64(0.07)
501.0115 	EXP 	unnamed TextStim: height = np.float64(0.07)
501.0115 	EXP 	unnamed TextStim: height = np.float64(0.07)
501.0115 	EXP 	unnamed TextStim: text = 'Too soon!'
501.0115 	EXP 	unnamed TextStim: foreColor = [0.95, 0.6, 0.1]
501.0115 	EXP 	unnamed TextStim: text = 'Wait for the white square before you press.'
501.0115 	EXP 	TRIGGER 37 (bonus_feedback)
501.2117 	EXP 	Device response: <KeyPress from None: t=500.9844954579603, value=right, duration=0.22227854188531637>
504.0615 	EXP 	unnamed Rect: fillColor = [0.85, 0.85, 0.85]
504.0615 	EXP 	unnamed Rect: fillColor = [0.85, 0.85, 0.85]
504.0615 	EXP 	unnamed Rect: fillColor = [0.85, 0.85, 0.85]
504.0615 	EXP 	unnamed TextStim: text = ''
504.0615 	EXP 	unnamed TextStim: foreColor = 'white'
504.0615 	EXP 	unnamed TextStim: text = 'Score: 220 pts'
504.0615 	EXP 	unnamed TextStim: text = ''
504.0615 	EXP 	TRIGGER 10 (choice_onset)
504.5951 	EXP 	Device response: <KeyPress from None: t=504.5933669579681, value=right, duration=None>
504.5990 	DATA 	Keypress: right
504.6115 	EXP 	TRIGGER 11 (choice_made)
505.0448 	EXP 	TRIGGER 34 (anticipation)
505.0451 	EXP 	Device response: <KeyPress from None: t=504.5933669579681, value=right, duration=0.10833674995228648>
506.0281 	EXP 	unnamed TextStim: height = np.float64(0.035)
506.0281 	EXP 	unnamed TextStim: height = np.float64(0.035)
506.0281 	EXP 	unnamed TextStim: height = np.float64(0.035)
506.0281 	EXP 	unnamed TextStim: text = 'Score: 230 pts'
506.0281 	EXP 	unnamed TextStim: text = ''
506.0281 	EXP 	unnamed TextStim: height = np.float64(0.1)
506.0281 	EXP 	unnamed TextStim: height = np.float64(0.1)
506.0281 	EXP 	unnamed TextStim: height = np.float64(0.1)
506.0281 	EXP 	unnamed TextStim: text = '+10 Points'
506.0281 	EXP 	unnamed TextStim: foreColor = [0.1, 0.8, 0.3]
506.0281 	EXP 	unnamed ImageStim: ori = 5
506.0281 	EXP 	unnamed ImageStim: image = '/Users/burgerks/Documents/GitHub/motivated_bandit/_task/stimuli/win/sweet/sweet_bandit_065.jpg'
506.0281 	EXP 	unnamed ImageStim: ori = 4
506.0281 	EXP 	unnamed ImageStim: image = '/Users/burgerks/Documents/GitHub/motivated_bandit/_task/stimuli/win/sweet/sweet_bandit_041.jpg'
506.0281 	EXP 	unnamed ImageStim: ori = -2
506.0281 	EXP 	unnamed ImageStim: image = '/Users/burgerks/Documents/GitHub/motivated_bandit/_task/stimuli/win/sweet/sweet_bandit_150.jpg'
506.0281 	EXP 	unnamed ImageStim: ori = 3
506.0281 	EXP 	unnamed ImageStim: image = '/Users/burgerks/Documents/GitHub/motivated_bandit/_task/stimuli/win/sweet/sweet_bandit_090.jpg'
506.0281 	EXP 	TRIGGER 20 (bandit_win)
508.1615 	EXP 	unnamed Rect: fillColor = [0.85, 0.85, 0.85]
508.1615 	EXP 	unnamed Rect: fillColor = [0.85, 0.85, 0.85]
508.1615 	EXP 	unnamed Rect: fillColor = [0.85, 0.85, 0.85]
508.1615 	EXP 	unnamed TextStim: text = ''
508.1615 	EXP 	unnamed TextStim: foreColor = 'white'
508.1615 	EXP 	unnamed TextStim: text = 'Score: 230 pts'
508.1615 	EXP 	unnamed TextStim: text = ''
508.1615 	EXP 	TRIGGER 10 (choice_onset)
508.8544 	DATA 	Keypress: right
508.8618 	EXP 	Device response: <KeyPress from None: t=508.8510954999365, value=right, duration=None>
508.8781 	EXP 	TRIGGER 11 (choice_made)
509.2949 	EXP 	TRIGGER 34 (anticipation)
509.2952 	EXP 	Device response: <KeyPress from None: t=508.8510954999365, value=right, duration=0.10225462494418025>
510.2615 	EXP 	unnamed TextStim: height = np.float64(0.035)
510.2615 	EXP 	unnamed TextStim: height = np.float64(0.035)
510.2615 	EXP 	unnamed TextStim: height = np.float64(0.035)
510.2615 	EXP 	unnamed TextStim: text = 'Score: 240 pts'
510.2615 	EXP 	unnamed TextStim: text = ''
510.2615 	EXP 	unnamed TextStim: text = '+10 Points'
510.2615 	EXP 	unnamed TextStim: foreColor = [0.1, 0.8, 0.3]
510.2615 	EXP 	unnamed ImageStim: ori = 4
510.2615 	EXP 	unnamed ImageStim: image = '/Users/burgerks/Documents/GitHub/motivated_bandit/_task/stimuli/win/sweet/sweet_bandit_112.jpg'
510.2615 	EXP 	unnamed ImageStim: ori = 2
510.2615 	EXP 	unnamed ImageStim: image = '/Users/burgerks/Documents/GitHub/motivated_bandit/_task/stimuli/win/sweet/sweet_bandit_008.jpg'
510.2615 	EXP 	unnamed ImageStim: ori = 4
510.2615 	EXP 	unnamed ImageStim: image = '/Users/burgerks/Documents/GitHub/motivated_bandit/_task/stimuli/win/sweet/sweet_bandit_025.jpg'
510.2615 	EXP 	unnamed ImageStim: ori = 0
510.2615 	EXP 	unnamed ImageStim: image = '/Users/burgerks/Documents/GitHub/motivated_bandit/_task/stimuli/win/sweet/sweet_bandit_111.jpg'
510.2616 	EXP 	TRIGGER 20 (bandit_win)
512.4447 	EXP 	unnamed TextStim: height = np.float64(0.07)
512.4447 	EXP 	unnamed TextStim: height = np.float64(0.07)
512.4447 	EXP 	unnamed TextStim: height = np.float64(0.07)
512.4447 	EXP 	unnamed TextStim: text = 'Bonus round!'
512.4447 	EXP 	unnamed TextStim: foreColor = 'white'
512.4448 	EXP 	TRIGGER 30 (bonus_intro)
513.5282 	EXP 	unnamed TextStim: text = '+15 if fast'
513.5282 	EXP 	unnamed ImageStim: image = '/Users/burgerks/Documents/GitHub/motivated_bandit/_task/stimuli/win/sweet/sweet_bandit_060.jpg'
513.5282 	EXP 	TRIGGER 31 (cue_food)
515.0614 	EXP 	TRIGGER 33 (fixation)
516.5613 	EXP 	TRIGGER 35 (target)
516.8766 	DATA 	Keypress: right
516.8785 	EXP 	Device response: <KeyPress from None: t=516.8730499998201, value=right, duration=None>
516.8785 	EXP 	TRIGGER 36 (response)
516.8948 	EXP 	TRIGGER 37 (bonus_feedback)
516.9617 	EXP 	Device response: <KeyPress from None: t=516.8730499998201, value=right, duration=0.07828612509183586>
517.5281 	EXP 	unnamed Rect: fillColor = [0.85, 0.85, 0.85]
517.5281 	EXP 	unnamed Rect: fillColor = [0.85, 0.85, 0.85]
517.5281 	EXP 	unnamed Rect: fillColor = [0.85, 0.85, 0.85]
517.5281 	EXP 	unnamed TextStim: text = ''
517.5281 	EXP 	unnamed TextStim: foreColor = 'white'
517.5281 	EXP 	unnamed TextStim: text = 'Score: 240 pts'
517.5281 	EXP 	unnamed TextStim: text = ''
517.5282 	EXP 	TRIGGER 10 (choice_onset)
518.0665 	DATA 	Keypress: right
518.0784 	EXP 	Device response: <KeyPress from None: t=518.0629881659988, value=right, duration=None>
518.0948 	EXP 	TRIGGER 11 (choice_made)
518.5281 	EXP 	TRIGGER 34 (anticipation)
518.5283 	EXP 	Device response: <KeyPress from None: t=518.0629881659988, value=right, duration=0.13628424983471632>
519.4781 	EXP 	unnamed TextStim: height = np.float64(0.035)
519.4781 	EXP 	unnamed TextStim: height = np.float64(0.035)
519.4781 	EXP 	unnamed TextStim: height = np.float64(0.035)
519.4781 	EXP 	unnamed TextStim: text = 'Score: 250 pts'
519.4781 	EXP 	unnamed TextStim: text = ''
519.4781 	EXP 	unnamed TextStim: text = '+10 Points'
519.4781 	EXP 	unnamed TextStim: foreColor = [0.1, 0.8, 0.3]
519.4781 	EXP 	unnamed ImageStim: ori = 3
519.4781 	EXP 	unnamed ImageStim: image = '/Users/burgerks/Documents/GitHub/motivated_bandit/_task/stimuli/win/sweet/sweet_bandit_111.jpg'
519.4781 	EXP 	unnamed ImageStim: ori = 1
519.4781 	EXP 	unnamed ImageStim: image = '/Users/burgerks/Documents/GitHub/motivated_bandit/_task/stimuli/win/sweet/sweet_bandit_098.jpg'
519.4781 	EXP 	unnamed ImageStim: ori = -1
519.4781 	EXP 	unnamed ImageStim: image = '/Users/burgerks/Documents/GitHub/motivated_bandit/_task/stimuli/win/sweet/sweet_bandit_135.jpg'
519.4781 	EXP 	unnamed ImageStim: ori = -2
519.4781 	EXP 	unnamed ImageStim: image = '/Users/burgerks/Documents/GitHub/motivated_bandit/_task/stimuli/win/sweet/sweet_bandit_081.jpg'
519.4781 	EXP 	TRIGGER 20 (bandit_win)
521.5114 	EXP 	unnamed Rect: fillColor = [0.85, 0.85, 0.85]
521.5114 	EXP 	unnamed Rect: fillColor = [0.85, 0.85, 0.85]
521.5114 	EXP 	unnamed Rect: fillColor = [0.85, 0.85, 0.85]
521.5114 	EXP 	unnamed TextStim: text = ''
521.5114 	EXP 	unnamed TextStim: foreColor = 'white'
521.5114 	EXP 	unnamed TextStim: text = 'Score: 250 pts'
521.5114 	EXP 	unnamed TextStim: text = ''
521.5115 	EXP 	TRIGGER 10 (choice_onset)
521.9869 	DATA 	Keypress: right
521.9951 	EXP 	Device response: <KeyPress from None: t=521.9839073747862, value=right, duration=None>
522.0114 	EXP 	TRIGGER 11 (choice_made)
522.4448 	EXP 	TRIGGER 34 (anticipation)
522.4450 	EXP 	Device response: <KeyPress from None: t=521.9839073747862, value=right, duration=0.11225441610440612>
523.2613 	EXP 	unnamed TextStim: height = np.float64(0.035)
523.2613 	EXP 	unnamed TextStim: height = np.float64(0.035)
523.2613 	EXP 	unnamed TextStim: height = np.float64(0.035)
523.2613 	EXP 	unnamed TextStim: text = 'Score: 260 pts'
523.2613 	EXP 	unnamed TextStim: text = ''
523.2613 	EXP 	unnamed TextStim: text = '+10 Points'
523.2613 	EXP 	unnamed TextStim: foreColor = [0.1, 0.8, 0.3]
523.2613 	EXP 	unnamed ImageStim: ori = 2
523.2613 	EXP 	unnamed ImageStim: image = '/Users/burgerks/Documents/GitHub/motivated_bandit/_task/stimuli/win/sweet/sweet_bandit_102.jpg'
523.2613 	EXP 	unnamed ImageStim: ori = -5
523.2613 	EXP 	unnamed ImageStim: image = '/Users/burgerks/Documents/GitHub/motivated_bandit/_task/stimuli/win/sweet/sweet_bandit_150.jpg'
523.2613 	EXP 	unnamed ImageStim: ori = 0
523.2613 	EXP 	unnamed ImageStim: image = '/Users/burgerks/Documents/GitHub/motivated_bandit/_task/stimuli/win/sweet/sweet_bandit_117.jpg'
523.2613 	EXP 	unnamed ImageStim: ori = 2
523.2613 	EXP 	unnamed ImageStim: image = '/Users/burgerks/Documents/GitHub/motivated_bandit/_task/stimuli/win/sweet/sweet_bandit_051.jpg'
523.2614 	EXP 	TRIGGER 20 (bandit_win)
525.2781 	EXP 	unnamed Rect: fillColor = [0.85, 0.85, 0.85]
525.2781 	EXP 	unnamed Rect: fillColor = [0.85, 0.85, 0.85]
525.2781 	EXP 	unnamed Rect: fillColor = [0.85, 0.85, 0.85]
525.2781 	EXP 	unnamed TextStim: text = ''
525.2781 	EXP 	unnamed TextStim: foreColor = 'white'
525.2781 	EXP 	unnamed TextStim: text = 'Score: 260 pts'
525.2781 	EXP 	unnamed TextStim: text = ''
525.2781 	EXP 	TRIGGER 10 (choice_onset)
525.7243 	DATA 	Keypress: right
525.7284 	EXP 	Device response: <KeyPress from None: t=525.720790249994, value=right, duration=None>
525.7447 	EXP 	TRIGGER 11 (choice_made)
526.1614 	EXP 	TRIGGER 34 (anticipation)
526.1616 	EXP 	Device response: <KeyPress from None: t=525.720790249994, value=right, duration=0.13626166596077383>
527.0612 	EXP 	unnamed TextStim: height = np.float64(0.035)
527.0612 	EXP 	unnamed TextStim: height = np.float64(0.035)
527.0612 	EXP 	unnamed TextStim: height = np.float64(0.035)
527.0612 	EXP 	unnamed TextStim: text = 'Score: 270 pts'
527.0612 	EXP 	unnamed TextStim: text = ''
527.0612 	EXP 	unnamed TextStim: text = '+10 Points'
527.0612 	EXP 	unnamed TextStim: foreColor = [0.1, 0.8, 0.3]
527.0612 	EXP 	unnamed ImageStim: ori = -1
527.0612 	EXP 	unnamed ImageStim: image = '/Users/burgerks/Documents/GitHub/motivated_bandit/_task/stimuli/win/sweet/sweet_bandit_127.jpg'
527.0612 	EXP 	unnamed ImageStim: ori = 3
527.0612 	EXP 	unnamed ImageStim: image = '/Users/burgerks/Documents/GitHub/motivated_bandit/_task/stimuli/win/sweet/sweet_bandit_098.jpg'
527.0612 	EXP 	unnamed ImageStim: ori = -1
527.0612 	EXP 	unnamed ImageStim: image = '/Users/burgerks/Documents/GitHub/motivated_bandit/_task/stimuli/win/sweet/sweet_bandit_054.jpg'
527.0612 	EXP 	unnamed ImageStim: ori = -3
527.0612 	EXP 	unnamed ImageStim: image = '/Users/burgerks/Documents/GitHub/motivated_bandit/_task/stimuli/win/sweet/sweet_bandit_024.jpg'
527.0613 	EXP 	TRIGGER 20 (bandit_win)
529.1280 	EXP 	unnamed TextStim: text = 'Bonus round!'
529.1280 	EXP 	unnamed TextStim: foreColor = 'white'
529.1281 	EXP 	TRIGGER 30 (bonus_intro)
530.2112 	EXP 	unnamed TextStim: text = '+15 if fast'
530.2112 	EXP 	unnamed ImageStim: image = '/Users/burgerks/Documents/GitHub/motivated_bandit/_task/stimuli/win/sweet/sweet_bandit_008.jpg'
530.2112 	EXP 	TRIGGER 31 (cue_food)
531.7279 	EXP 	TRIGGER 33 (fixation)
533.2780 	EXP 	TRIGGER 35 (target)
533.5116 	EXP 	Device response: <KeyPress from None: t=533.5083577909973, value=right, duration=None>
533.5116 	EXP 	TRIGGER 36 (response)
533.5147 	DATA 	Keypress: right
533.5280 	EXP 	TRIGGER 37 (bonus_feedback)
533.5782 	EXP 	Device response: <KeyPress from None: t=533.5083577909973, value=right, duration=0.06630004197359085>
534.1613 	EXP 	unnamed Rect: fillColor = [0.85, 0.85, 0.85]
534.1613 	EXP 	unnamed Rect: fillColor = [0.85, 0.85, 0.85]
534.1613 	EXP 	unnamed Rect: fillColor = [0.85, 0.85, 0.85]
534.1613 	EXP 	unnamed TextStim: text = ''
534.1613 	EXP 	unnamed TextStim: foreColor = 'white'
534.1613 	EXP 	unnamed TextStim: text = 'Score: 270 pts'
534.1613 	EXP 	unnamed TextStim: text = ''
534.1614 	EXP 	TRIGGER 10 (choice_onset)
534.7565 	DATA 	Keypress: right
534.7616 	EXP 	Device response: <KeyPress from None: t=534.7532939999364, value=right, duration=None>
534.7780 	EXP 	TRIGGER 11 (choice_made)
535.2113 	EXP 	TRIGGER 34 (anticipation)
535.2115 	EXP 	Device response: <KeyPress from None: t=534.7532939999364, value=right, duration=0.12029529106803238>
536.2446 	EXP 	unnamed TextStim: height = np.float64(0.035)
536.2446 	EXP 	unnamed TextStim: height = np.float64(0.035)
536.2446 	EXP 	unnamed TextStim: height = np.float64(0.035)
536.2446 	EXP 	unnamed TextStim: text = 'Score: 280 pts'
536.2446 	EXP 	unnamed TextStim: text = ''
536.2446 	EXP 	unnamed TextStim: text = '+10 Points'
536.2446 	EXP 	unnamed TextStim: foreColor = [0.1, 0.8, 0.3]
536.2446 	EXP 	unnamed ImageStim: ori = -2
536.2446 	EXP 	unnamed ImageStim: image = '/Users/burgerks/Documents/GitHub/motivated_bandit/_task/stimuli/win/sweet/sweet_bandit_108.jpg'
536.2446 	EXP 	unnamed ImageStim: ori = -5
536.2446 	EXP 	unnamed ImageStim: image = '/Users/burgerks/Documents/GitHub/motivated_bandit/_task/stimuli/win/sweet/sweet_bandit_019.jpg'
536.2446 	EXP 	unnamed ImageStim: ori = -3
536.2446 	EXP 	unnamed ImageStim: image = '/Users/burgerks/Documents/GitHub/motivated_bandit/_task/stimuli/win/sweet/sweet_bandit_060.jpg'
536.2446 	EXP 	unnamed ImageStim: ori = 1
536.2446 	EXP 	unnamed ImageStim: image = '/Users/burgerks/Documents/GitHub/motivated_bandit/_task/stimuli/win/sweet/sweet_bandit_126.jpg'
536.2447 	EXP 	TRIGGER 20 (bandit_win)
538.4613 	EXP 	unnamed Rect: fillColor = [0.85, 0.85, 0.85]
538.4613 	EXP 	unnamed Rect: fillColor = [0.85, 0.85, 0.85]
538.4613 	EXP 	unnamed Rect: fillColor = [0.85, 0.85, 0.85]
538.4613 	EXP 	unnamed TextStim: text = ''
538.4613 	EXP 	unnamed TextStim: foreColor = 'white'
538.4613 	EXP 	unnamed TextStim: text = 'Score: 280 pts'
538.4613 	EXP 	unnamed TextStim: text = ''
538.4613 	EXP 	TRIGGER 10 (choice_onset)
538.9782 	EXP 	Device response: <KeyPress from None: t=538.97762362496, value=right, duration=None>
538.9834 	DATA 	Keypress: right
538.9946 	EXP 	TRIGGER 11 (choice_made)
539.4279 	EXP 	TRIGGER 34 (anticipation)
539.4282 	EXP 	Device response: <KeyPress from None: t=538.97762362496, value=right, duration=0.09432529099285603>
540.3281 	EXP 	unnamed TextStim: height = np.float64(0.035)
540.3281 	EXP 	unnamed TextStim: height = np.float64(0.035)
540.3281 	EXP 	unnamed TextStim: height = np.float64(0.035)
540.3281 	EXP 	unnamed TextStim: text = 'Score: 290 pts'
540.3281 	EXP 	unnamed TextStim: text = ''
540.3281 	EXP 	unnamed TextStim: text = '+10 Points'
540.3281 	EXP 	unnamed TextStim: foreColor = [0.1, 0.8, 0.3]
540.3281 	EXP 	unnamed ImageStim: ori = 1
540.3281 	EXP 	unnamed ImageStim: image = '/Users/burgerks/Documents/GitHub/motivated_bandit/_task/stimuli/win/sweet/sweet_bandit_059.jpg'
540.3281 	EXP 	unnamed ImageStim: ori = 3
540.3281 	EXP 	unnamed ImageStim: image = '/Users/burgerks/Documents/GitHub/motivated_bandit/_task/stimuli/win/sweet/sweet_bandit_087.jpg'
540.3281 	EXP 	unnamed ImageStim: ori = -1
540.3281 	EXP 	unnamed ImageStim: image = '/Users/burgerks/Documents/GitHub/motivated_bandit/_task/stimuli/win/sweet/sweet_bandit_107.jpg'
540.3281 	EXP 	unnamed ImageStim: ori = 2
540.3281 	EXP 	unnamed ImageStim: image = '/Users/burgerks/Documents/GitHub/motivated_bandit/_task/stimuli/win/sweet/sweet_bandit_161.jpg'
540.3281 	EXP 	TRIGGER 20 (bandit_win)
542.2945 	EXP 	unnamed Rect: fillColor = [0.85, 0.85, 0.85]
542.2945 	EXP 	unnamed Rect: fillColor = [0.85, 0.85, 0.85]
542.2945 	EXP 	unnamed Rect: fillColor = [0.85, 0.85, 0.85]
542.2945 	EXP 	unnamed TextStim: text = ''
542.2945 	EXP 	unnamed TextStim: foreColor = 'white'
542.2945 	EXP 	unnamed TextStim: text = 'Score: 290 pts'
542.2945 	EXP 	unnamed TextStim: text = ''
542.2946 	EXP 	TRIGGER 10 (choice_onset)
542.7079 	DATA 	Keypress: right
542.7116 	EXP 	Device response: <KeyPress from None: t=542.7044996249024, value=right, duration=None>
542.7279 	EXP 	TRIGGER 11 (choice_made)
543.1446 	EXP 	TRIGGER 34 (anticipation)
543.1448 	EXP 	Device response: <KeyPress from None: t=542.7044996249024, value=right, duration=0.11631137505173683>
544.2112 	EXP 	unnamed TextStim: height = np.float64(0.035)
544.2112 	EXP 	unnamed TextStim: height = np.float64(0.035)
544.2112 	EXP 	unnamed TextStim: height = np.float64(0.035)
544.2112 	EXP 	unnamed TextStim: text = 'Score: 300 pts'
544.2112 	EXP 	unnamed TextStim: text = ''
544.2112 	EXP 	unnamed TextStim: text = '+10 Points'
544.2112 	EXP 	unnamed TextStim: foreColor = [0.1, 0.8, 0.3]
544.2112 	EXP 	unnamed ImageStim: ori = 3
544.2112 	EXP 	unnamed ImageStim: image = '/Users/burgerks/Documents/GitHub/motivated_bandit/_task/stimuli/win/sweet/sweet_bandit_079.jpg'
544.2112 	EXP 	unnamed ImageStim: ori = 2
544.2112 	EXP 	unnamed ImageStim: image = '/Users/burgerks/Documents/GitHub/motivated_bandit/_task/stimuli/win/sweet/sweet_bandit_087.jpg'
544.2112 	EXP 	unnamed ImageStim: ori = 3
544.2112 	EXP 	unnamed ImageStim: image = '/Users/burgerks/Documents/GitHub/motivated_bandit/_task/stimuli/win/sweet/sweet_bandit_028.jpg'
544.2112 	EXP 	unnamed ImageStim: ori = -4
544.2112 	EXP 	unnamed ImageStim: image = '/Users/burgerks/Documents/GitHub/motivated_bandit/_task/stimuli/win/sweet/sweet_bandit_156.jpg'
544.2112 	EXP 	TRIGGER 20 (bandit_win)
546.1779 	EXP 	unnamed TextStim: text = 'Bonus round!'
546.1779 	EXP 	unnamed TextStim: foreColor = 'white'
546.1779 	EXP 	TRIGGER 30 (bonus_intro)
547.2779 	EXP 	unnamed TextStim: text = '+15 if fast'
547.2779 	EXP 	unnamed ImageStim: image = '/Users/burgerks/Documents/GitHub/motivated_bandit/_task/stimuli/neutral/bandit_020.jpg'
547.2779 	EXP 	TRIGGER 32 (cue_neutral)
548.7946 	EXP 	TRIGGER 33 (fixation)
550.5612 	EXP 	TRIGGER 35 (target)
550.9114 	EXP 	Device response: <KeyPress from None: t=550.9079136250075, value=right, duration=None>
550.9114 	EXP 	TRIGGER 36 (response)
550.9120 	DATA 	Keypress: right
550.9278 	EXP 	TRIGGER 37 (bonus_feedback)
550.9781 	EXP 	Device response: <KeyPress from None: t=550.9079136250075, value=right, duration=0.05829808278940618>
551.5612 	EXP 	unnamed Rect: fillColor = [0.85, 0.85, 0.85]
551.5612 	EXP 	unnamed Rect: fillColor = [0.85, 0.85, 0.85]
551.5612 	EXP 	unnamed Rect: fillColor = [0.85, 0.85, 0.85]
551.5612 	EXP 	unnamed TextStim: text = ''
551.5612 	EXP 	unnamed TextStim: foreColor = 'white'
551.5612 	EXP 	unnamed TextStim: text = 'Score: 300 pts'
551.5612 	EXP 	unnamed TextStim: text = ''
551.5612 	EXP 	TRIGGER 10 (choice_onset)
552.1412 	DATA 	Keypress: right
552.1449 	EXP 	Device response: <KeyPress from None: t=552.1378637079615, value=right, duration=None>
552.1612 	EXP 	TRIGGER 11 (choice_made)
552.5779 	EXP 	TRIGGER 34 (anticipation)
552.5782 	EXP 	Device response: <KeyPress from None: t=552.1378637079615, value=right, duration=0.08432583301328123>
553.5612 	EXP 	unnamed TextStim: height = np.float64(0.035)
553.5612 	EXP 	unnamed TextStim: height = np.float64(0.035)
553.5612 	EXP 	unnamed TextStim: height = np.float64(0.035)
553.5612 	EXP 	unnamed TextStim: text = 'Score: 310 pts'
553.5612 	EXP 	unnamed TextStim: text = ''
553.5612 	EXP 	unnamed TextStim: text = '+10 Points'
553.5612 	EXP 	unnamed TextStim: foreColor = [0.1, 0.8, 0.3]
553.5612 	EXP 	unnamed ImageStim: ori = 0
553.5612 	EXP 	unnamed ImageStim: image = '/Users/burgerks/Documents/GitHub/motivated_bandit/_task/stimuli/win/sweet/sweet_bandit_158.jpg'
553.5612 	EXP 	unnamed ImageStim: ori = -5
553.5612 	EXP 	unnamed ImageStim: image = '/Users/burgerks/Documents/GitHub/motivated_bandit/_task/stimuli/win/sweet/sweet_bandit_134.jpg'
553.5612 	EXP 	unnamed ImageStim: ori = 0
553.5612 	EXP 	unnamed ImageStim: image = '/Users/burgerks/Documents/GitHub/motivated_bandit/_task/stimuli/win/sweet/sweet_bandit_015.jpg'
553.5612 	EXP 	unnamed ImageStim: ori = 3
553.5612 	EXP 	unnamed ImageStim: image = '/Users/burgerks/Documents/GitHub/motivated_bandit/_task/stimuli/win/sweet/sweet_bandit_020.jpg'
553.5613 	EXP 	TRIGGER 20 (bandit_win)
555.7112 	EXP 	unnamed Rect: fillColor = [0.85, 0.85, 0.85]
555.7112 	EXP 	unnamed Rect: fillColor = [0.85, 0.85, 0.85]
555.7112 	EXP 	unnamed Rect: fillColor = [0.85, 0.85, 0.85]
555.7112 	EXP 	unnamed TextStim: text = ''
555.7112 	EXP 	unnamed TextStim: foreColor = 'white'
555.7112 	EXP 	unnamed TextStim: text = 'Score: 310 pts'
555.7112 	EXP 	unnamed TextStim: text = ''
555.7113 	EXP 	TRIGGER 10 (choice_onset)
556.1186 	DATA 	Keypress: right
556.1282 	EXP 	Device response: <KeyPress from None: t=556.1157595829573, value=right, duration=None>
556.1446 	EXP 	TRIGGER 11 (choice_made)
556.5778 	EXP 	TRIGGER 34 (anticipation)
556.5781 	EXP 	Device response: <KeyPress from None: t=556.1157595829573, value=right, duration=0.11629795795306563>
557.4445 	EXP 	unnamed TextStim: height = np.float64(0.035)
557.4445 	EXP 	unnamed TextStim: height = np.float64(0.035)
557.4445 	EXP 	unnamed TextStim: height = np.float64(0.035)
557.4445 	EXP 	unnamed TextStim: text = 'Score: 300 pts'
557.4445 	EXP 	unnamed TextStim: text = ''
557.4445 	EXP 	unnamed TextStim: height = np.float64(0.1)
557.4445 	EXP 	unnamed TextStim: height = np.float64(0.1)
557.4445 	EXP 	unnamed TextStim: height = np.float64(0.1)
557.4445 	EXP 	unnamed TextStim: text = '-10 Points'
557.4445 	EXP 	unnamed TextStim: foreColor = [0.9, 0.2, 0.2]
557.4445 	EXP 	unnamed ImageStim: ori = 0.5
557.4445 	EXP 	unnamed ImageStim: image = '/Users/burgerks/Documents/GitHub/motivated_bandit/_task/stimuli/loss/lose_pic.png'
557.4446 	EXP 	TRIGGER 21 (bandit_loss)
559.5279 	EXP 	unnamed TextStim: text = 'Bonus round!'
559.5279 	EXP 	unnamed TextStim: foreColor = 'white'
559.5279 	EXP 	TRIGGER 30 (bonus_intro)
560.6112 	EXP 	unnamed TextStim: text = '+15 if fast'
560.6112 	EXP 	unnamed ImageStim: image = '/Users/burgerks/Documents/GitHub/motivated_bandit/_task/stimuli/win/sweet/sweet_bandit_149.jpeg'
560.6112 	EXP 	TRIGGER 31 (cue_food)
562.1444 	EXP 	TRIGGER 33 (fixation)
563.9612 	EXP 	TRIGGER 35 (target)
564.2328 	DATA 	Keypress: right
564.2449 	EXP 	Device response: <KeyPress from None: t=564.2297043749131, value=right, duration=None>
564.2449 	EXP 	TRIGGER 36 (response)
564.2611 	EXP 	TRIGGER 37 (bonus_feedback)
564.2946 	EXP 	Device response: <KeyPress from None: t=564.2297043749131, value=right, duration=0.062288040993735194>
564.8778 	EXP 	unnamed Rect: fillColor = [0.85, 0.85, 0.85]
564.8778 	EXP 	unnamed Rect: fillColor = [0.85, 0.85, 0.85]
564.8778 	EXP 	unnamed Rect: fillColor = [0.85, 0.85, 0.85]
564.8778 	EXP 	unnamed TextStim: text = ''
564.8778 	EXP 	unnamed TextStim: foreColor = 'white'
564.8778 	EXP 	unnamed TextStim: text = 'Score: 300 pts'
564.8778 	EXP 	unnamed TextStim: text = ''
564.8779 	EXP 	TRIGGER 10 (choice_onset)
565.4506 	DATA 	Keypress: right
565.4614 	EXP 	Device response: <KeyPress from None: t=565.4476618748158, value=right, duration=None>
565.4778 	EXP 	TRIGGER 11 (choice_made)
565.9111 	EXP 	TRIGGER 34 (anticipation)
565.9114 	EXP 	Device response: <KeyPress from None: t=565.4476618748158, value=right, duration=0.10429645818658173>
566.9611 	EXP 	unnamed TextStim: height = np.float64(0.035)
566.9611 	EXP 	unnamed TextStim: height = np.float64(0.035)
566.9611 	EXP 	unnamed TextStim: height = np.float64(0.035)
566.9611 	EXP 	unnamed TextStim: text = 'Score: 310 pts'
566.9611 	EXP 	unnamed TextStim: text = ''
566.9611 	EXP 	unnamed TextStim: height = np.float64(0.1)
566.9611 	EXP 	unnamed TextStim: height = np.float64(0.1)
566.9611 	EXP 	unnamed TextStim: height = np.float64(0.1)
566.9611 	EXP 	unnamed TextStim: text = '+10 Points'
566.9611 	EXP 	unnamed TextStim: foreColor = [0.1, 0.8, 0.3]
566.9611 	EXP 	unnamed ImageStim: ori = -1
566.9611 	EXP 	unnamed ImageStim: image = '/Users/burgerks/Documents/GitHub/motivated_bandit/_task/stimuli/win/sweet/sweet_bandit_152.jpg'
566.9611 	EXP 	unnamed ImageStim: ori = 1
566.9611 	EXP 	unnamed ImageStim: image = '/Users/burgerks/Documents/GitHub/motivated_bandit/_task/stimuli/win/sweet/sweet_bandit_095.jpg'
566.9611 	EXP 	unnamed ImageStim: ori = 0
566.9611 	EXP 	unnamed ImageStim: image = '/Users/burgerks/Documents/GitHub/motivated_bandit/_task/stimuli/win/sweet/sweet_bandit_020.jpg'
566.9611 	EXP 	unnamed ImageStim: ori = -5
566.9611 	EXP 	unnamed ImageStim: image = '/Users/burgerks/Documents/GitHub/motivated_bandit/_task/stimuli/win/sweet/sweet_bandit_024.jpg'
566.9611 	EXP 	TRIGGER 20 (bandit_win)
568.9611 	EXP 	unnamed Rect: fillColor = [0.85, 0.85, 0.85]
568.9611 	EXP 	unnamed Rect: fillColor = [0.85, 0.85, 0.85]
568.9611 	EXP 	unnamed Rect: fillColor = [0.85, 0.85, 0.85]
568.9611 	EXP 	unnamed TextStim: text = ''
568.9611 	EXP 	unnamed TextStim: foreColor = 'white'
568.9611 	EXP 	unnamed TextStim: text = 'Score: 310 pts'
568.9611 	EXP 	unnamed TextStim: text = ''
568.9612 	EXP 	TRIGGER 10 (choice_onset)
569.4280 	EXP 	Device response: <KeyPress from None: t=569.4275287499186, value=right, duration=None>
569.4328 	DATA 	Keypress: right
569.4444 	EXP 	TRIGGER 11 (choice_made)
569.8777 	EXP 	TRIGGER 34 (anticipation)
569.8780 	EXP 	Device response: <KeyPress from None: t=569.4275287499186, value=right, duration=0.09631829103454947>
570.7776 	EXP 	unnamed TextStim: height = np.float64(0.035)
570.7776 	EXP 	unnamed TextStim: height = np.float64(0.035)
570.7776 	EXP 	unnamed TextStim: height = np.float64(0.035)
570.7776 	EXP 	unnamed TextStim: text = 'Score: 320 pts'
570.7776 	EXP 	unnamed TextStim: text = ''
570.7776 	EXP 	unnamed TextStim: text = '+10 Points'
570.7776 	EXP 	unnamed TextStim: foreColor = [0.1, 0.8, 0.3]
570.7776 	EXP 	unnamed ImageStim: ori = -1
570.7776 	EXP 	unnamed ImageStim: image = '/Users/burgerks/Documents/GitHub/motivated_bandit/_task/stimuli/win/sweet/sweet_bandit_019.jpg'
570.7776 	EXP 	unnamed ImageStim: ori = 1
570.7776 	EXP 	unnamed ImageStim: image = '/Users/burgerks/Documents/GitHub/motivated_bandit/_task/stimuli/win/sweet/sweet_bandit_024.jpg'
570.7776 	EXP 	unnamed ImageStim: ori = 5
570.7776 	EXP 	unnamed ImageStim: image = '/Users/burgerks/Documents/GitHub/motivated_bandit/_task/stimuli/win/sweet/sweet_bandit_041.jpg'
570.7776 	EXP 	unnamed ImageStim: ori = 0
570.7776 	EXP 	unnamed ImageStim: image = '/Users/burgerks/Documents/GitHub/motivated_bandit/_task/stimuli/win/sweet/sweet_bandit_040.jpg'
570.7778 	EXP 	TRIGGER 20 (bandit_win)
572.9444 	EXP 	unnamed TextStim: text = 'Bonus round!'
572.9444 	EXP 	unnamed TextStim: foreColor = 'white'
572.9444 	EXP 	TRIGGER 30 (bonus_intro)
574.0444 	EXP 	unnamed TextStim: text = '+15 if fast'
574.0444 	EXP 	unnamed ImageStim: image = '/Users/burgerks/Documents/GitHub/motivated_bandit/_task/stimuli/win/sweet/sweet_bandit_110.jpg'
574.0444 	EXP 	TRIGGER 31 (cue_food)
575.5611 	EXP 	TRIGGER 33 (fixation)
577.0111 	EXP 	TRIGGER 35 (target)
577.5447 	EXP 	Device response: <KeyPress from None: t=577.543581624981, value=right, duration=None>
577.5448 	EXP 	TRIGGER 36 (response)
577.5489 	DATA 	Keypress: right
577.5610 	EXP 	TRIGGER 37 (bonus_feedback)
577.6279 	EXP 	Device response: <KeyPress from None: t=577.543581624981, value=right, duration=0.08229908300563693>
578.1943 	EXP 	unnamed Rect: fillColor = [0.85, 0.85, 0.85]
578.1943 	EXP 	unnamed Rect: fillColor = [0.85, 0.85, 0.85]
578.1943 	EXP 	unnamed Rect: fillColor = [0.85, 0.85, 0.85]
578.1943 	EXP 	unnamed TextStim: text = ''
578.1943 	EXP 	unnamed TextStim: foreColor = 'white'
578.1943 	EXP 	unnamed TextStim: text = 'Score: 320 pts'
578.1943 	EXP 	unnamed TextStim: text = ''
578.1943 	EXP 	TRIGGER 10 (choice_onset)
578.8098 	DATA 	Keypress: right
578.8114 	EXP 	Device response: <KeyPress from None: t=578.8065296658315, value=right, duration=None>
578.8278 	EXP 	TRIGGER 11 (choice_made)
579.2611 	EXP 	TRIGGER 34 (anticipation)
579.2614 	EXP 	Device response: <KeyPress from None: t=578.8065296658315, value=right, duration=0.07229504198767245>
579.9611 	EXP 	unnamed TextStim: height = np.float64(0.035)
579.9611 	EXP 	unnamed TextStim: height = np.float64(0.035)
579.9611 	EXP 	unnamed TextStim: height = np.float64(0.035)
579.9611 	EXP 	unnamed TextStim: text = 'Score: 330 pts'
579.9611 	EXP 	unnamed TextStim: text = ''
579.9611 	EXP 	unnamed TextStim: text = '+10 Points'
579.9611 	EXP 	unnamed TextStim: foreColor = [0.1, 0.8, 0.3]
579.9611 	EXP 	unnamed ImageStim: ori = 0
579.9611 	EXP 	unnamed ImageStim: image = '/Users/burgerks/Documents/GitHub/motivated_bandit/_task/stimuli/win/sweet/sweet_bandit_061.jpg'
579.9611 	EXP 	unnamed ImageStim: ori = 4
579.9611 	EXP 	unnamed ImageStim: image = '/Users/burgerks/Documents/GitHub/motivated_bandit/_task/stimuli/win/sweet/sweet_bandit_020.jpg'
579.9611 	EXP 	unnamed ImageStim: ori = 0
579.9611 	EXP 	unnamed ImageStim: image = '/Users/burgerks/Documents/GitHub/motivated_bandit/_task/stimuli/win/sweet/sweet_bandit_156.jpg'
579.9611 	EXP 	unnamed ImageStim: ori = 5
579.9611 	EXP 	unnamed ImageStim: image = '/Users/burgerks/Documents/GitHub/motivated_bandit/_task/stimuli/win/sweet/sweet_bandit_119.jpg'
579.9611 	EXP 	TRIGGER 20 (bandit_win)
582.1776 	EXP 	unnamed Rect: fillColor = [0.85, 0.85, 0.85]
582.1776 	EXP 	unnamed Rect: fillColor = [0.85, 0.85, 0.85]
582.1776 	EXP 	unnamed Rect: fillColor = [0.85, 0.85, 0.85]
582.1776 	EXP 	unnamed TextStim: text = ''
582.1776 	EXP 	unnamed TextStim: foreColor = 'white'
582.1776 	EXP 	unnamed TextStim: text = 'Score: 330 pts'
582.1776 	EXP 	unnamed TextStim: text = ''
582.1776 	EXP 	TRIGGER 10 (choice_onset)
582.7115 	EXP 	Device response: <KeyPress from None: t=582.7074418328702, value=right, duration=None>
582.7130 	DATA 	Keypress: right
582.7278 	EXP 	TRIGGER 11 (choice_made)
583.1611 	EXP 	TRIGGER 34 (anticipation)
583.1613 	EXP 	Device response: <KeyPress from None: t=582.7074418328702, value=right, duration=0.1002917920704931>
584.0944 	EXP 	unnamed TextStim: height = np.float64(0.035)
584.0944 	EXP 	unnamed TextStim: height = np.float64(0.035)
584.0944 	EXP 	unnamed TextStim: height = np.float64(0.035)
584.0944 	EXP 	unnamed TextStim: text = 'Score: 340 pts'
584.0944 	EXP 	unnamed TextStim: text = ''
584.0944 	EXP 	unnamed TextStim: text = '+10 Points'
584.0944 	EXP 	unnamed TextStim: foreColor = [0.1, 0.8, 0.3]
584.0944 	EXP 	unnamed ImageStim: ori = -4
584.0944 	EXP 	unnamed ImageStim: image = '/Users/burgerks/Documents/GitHub/motivated_bandit/_task/stimuli/win/sweet/sweet_bandit_156.jpg'
584.0944 	EXP 	unnamed ImageStim: ori = 0
584.0944 	EXP 	unnamed ImageStim: image = '/Users/burgerks/Documents/GitHub/motivated_bandit/_task/stimuli/win/sweet/sweet_bandit_160.jpg'
584.0944 	EXP 	unnamed ImageStim: ori = -3
584.0944 	EXP 	unnamed ImageStim: image = '/Users/burgerks/Documents/GitHub/motivated_bandit/_task/stimuli/win/sweet/sweet_bandit_025.jpg'
584.0944 	EXP 	unnamed ImageStim: ori = 4
584.0944 	EXP 	unnamed ImageStim: image = '/Users/burgerks/Documents/GitHub/motivated_bandit/_task/stimuli/win/sweet/sweet_bandit_020.jpg'
584.0944 	EXP 	TRIGGER 20 (bandit_win)
586.1776 	EXP 	unnamed Rect: fillColor = [0.85, 0.85, 0.85]
586.1776 	EXP 	unnamed Rect: fillColor = [0.85, 0.85, 0.85]
586.1776 	EXP 	unnamed Rect: fillColor = [0.85, 0.85, 0.85]
586.1776 	EXP 	unnamed TextStim: text = ''
586.1776 	EXP 	unnamed TextStim: foreColor = 'white'
586.1776 	EXP 	unnamed TextStim: text = 'Score: 340 pts'
586.1776 	EXP 	unnamed TextStim: text = ''
586.1776 	EXP 	TRIGGER 10 (choice_onset)
586.7217 	DATA 	Keypress: right
586.7281 	EXP 	Device response: <KeyPress from None: t=586.7183010408189, value=right, duration=None>
586.7444 	EXP 	TRIGGER 11 (choice_made)
587.1777 	EXP 	TRIGGER 34 (anticipation)
587.1780 	EXP 	Device response: <KeyPress from None: t=586.7183010408189, value=right, duration=0.12028795899823308>
587.9777 	EXP 	unnamed TextStim: height = np.float64(0.035)
587.9777 	EXP 	unnamed TextStim: height = np.float64(0.035)
587.9777 	EXP 	unnamed TextStim: height = np.float64(0.035)
587.9777 	EXP 	unnamed TextStim: text = 'Score: 350 pts'
587.9777 	EXP 	unnamed TextStim: text = ''
587.9777 	EXP 	unnamed TextStim: text = '+10 Points'
587.9777 	EXP 	unnamed TextStim: foreColor = [0.1, 0.8, 0.3]
587.9777 	EXP 	unnamed ImageStim: ori = -4
587.9777 	EXP 	unnamed ImageStim: image = '/Users/burgerks/Documents/GitHub/motivated_bandit/_task/stimuli/win/sweet/sweet_bandit_073.jpg'
587.9777 	EXP 	unnamed ImageStim: ori = 1
587.9777 	EXP 	unnamed ImageStim: image = '/Users/burgerks/Documents/GitHub/motivated_bandit/_task/stimuli/win/sweet/sweet_bandit_120.jpg'
587.9777 	EXP 	unnamed ImageStim: ori = 3
587.9777 	EXP 	unnamed ImageStim: image = '/Users/burgerks/Documents/GitHub/motivated_bandit/_task/stimuli/win/sweet/sweet_bandit_065.jpg'
587.9777 	EXP 	unnamed ImageStim: ori = 5
587.9777 	EXP 	unnamed ImageStim: image = '/Users/burgerks/Documents/GitHub/motivated_bandit/_task/stimuli/win/sweet/sweet_bandit_155.jpg'
587.9778 	EXP 	TRIGGER 20 (bandit_win)
589.9609 	EXP 	unnamed TextStim: text = 'Bonus round!'
589.9609 	EXP 	unnamed TextStim: foreColor = 'white'
589.9609 	EXP 	TRIGGER 30 (bonus_intro)
591.0444 	EXP 	unnamed TextStim: text = '+15 if fast'
591.0444 	EXP 	unnamed ImageStim: image = '/Users/burgerks/Documents/GitHub/motivated_bandit/_task/stimuli/neutral/bandit_016.jpg'
591.0444 	EXP 	TRIGGER 32 (cue_neutral)
592.5776 	EXP 	TRIGGER 33 (fixation)
593.8942 	EXP 	TRIGGER 35 (target)
594.3726 	DATA 	Keypress: right
594.3779 	EXP 	Device response: <KeyPress from None: t=594.369376582792, value=right, duration=None>
594.3780 	EXP 	TRIGGER 36 (response)
594.3943 	EXP 	TRIGGER 37 (bonus_feedback)
594.4446 	EXP 	Device response: <KeyPress from None: t=594.369376582792, value=right, duration=0.0702849579975009>
595.0277 	EXP 	unnamed Rect: fillColor = [0.85, 0.85, 0.85]
595.0277 	EXP 	unnamed Rect: fillColor = [0.85, 0.85, 0.85]
595.0277 	EXP 	unnamed Rect: fillColor = [0.85, 0.85, 0.85]
595.0277 	EXP 	unnamed TextStim: text = ''
595.0277 	EXP 	unnamed TextStim: foreColor = 'white'
595.0277 	EXP 	unnamed TextStim: text = 'Score: 350 pts'
595.0277 	EXP 	unnamed TextStim: text = ''
595.0277 	EXP 	TRIGGER 10 (choice_onset)
595.6717 	DATA 	Keypress: right
595.6779 	EXP 	Device response: <KeyPress from None: t=595.6682933748234, value=right, duration=None>
595.6943 	EXP 	TRIGGER 11 (choice_made)
596.1276 	EXP 	TRIGGER 34 (anticipation)
596.1278 	EXP 	Device response: <KeyPress from None: t=595.6682933748234, value=right, duration=0.08031029114499688>
596.9609 	EXP 	unnamed TextStim: height = np.float64(0.035)
596.9609 	EXP 	unnamed TextStim: height = np.float64(0.035)
596.9609 	EXP 	unnamed TextStim: height = np.float64(0.035)
596.9609 	EXP 	unnamed TextStim: text = 'Score: 340 pts'
596.9609 	EXP 	unnamed TextStim: text = ''
596.9609 	EXP 	unnamed TextStim: height = np.float64(0.1)
596.9609 	EXP 	unnamed TextStim: height = np.float64(0.1)
596.9609 	EXP 	unnamed TextStim: height = np.float64(0.1)
596.9609 	EXP 	unnamed TextStim: text = '-10 Points'
596.9609 	EXP 	unnamed TextStim: foreColor = [0.9, 0.2, 0.2]
596.9609 	EXP 	unnamed ImageStim: ori = -1.0
596.9609 	EXP 	unnamed ImageStim: image = '/Users/burgerks/Documents/GitHub/motivated_bandit/_task/stimuli/loss/lose_pic.png'
596.9610 	EXP 	TRIGGER 21 (bandit_loss)
599.1776 	EXP 	unnamed Rect: fillColor = [0.85, 0.85, 0.85]
599.1776 	EXP 	unnamed Rect: fillColor = [0.85, 0.85, 0.85]
599.1776 	EXP 	unnamed Rect: fillColor = [0.85, 0.85, 0.85]
599.1776 	EXP 	unnamed TextStim: text = ''
599.1776 	EXP 	unnamed TextStim: foreColor = 'white'
599.1776 	EXP 	unnamed TextStim: text = 'Score: 340 pts'
599.1776 	EXP 	unnamed TextStim: text = ''
599.1777 	EXP 	TRIGGER 10 (choice_onset)
599.7112 	EXP 	Device response: <KeyPress from None: t=599.7078297080006, value=right, duration=None>
599.7144 	DATA 	Keypress: right
599.7276 	EXP 	TRIGGER 11 (choice_made)
600.1609 	EXP 	TRIGGER 34 (anticipation)
600.1612 	EXP 	Device response: <KeyPress from None: t=599.7078297080006, value=right, duration=0.11566649982705712>
601.1442 	EXP 	unnamed TextStim: height = np.float64(0.035)
601.1442 	EXP 	unnamed TextStim: height = np.float64(0.035)
601.1442 	EXP 	unnamed TextStim: height = np.float64(0.035)
601.1442 	EXP 	unnamed TextStim: text = 'Score: 350 pts'
601.1442 	EXP 	unnamed TextStim: text = ''
601.1442 	EXP 	unnamed TextStim: height = np.float64(0.1)
601.1442 	EXP 	unnamed TextStim: height = np.float64(0.1)
601.1442 	EXP 	unnamed TextStim: height = np.float64(0.1)
601.1442 	EXP 	unnamed TextStim: text = '+10 Points'
601.1442 	EXP 	unnamed TextStim: foreColor = [0.1, 0.8, 0.3]
601.1442 	EXP 	unnamed ImageStim: ori = 5
601.1442 	EXP 	unnamed ImageStim: image = '/Users/burgerks/Documents/GitHub/motivated_bandit/_task/stimuli/win/sweet/sweet_bandit_150.jpg'
601.1442 	EXP 	unnamed ImageStim: ori = 4
601.1442 	EXP 	unnamed ImageStim: image = '/Users/burgerks/Documents/GitHub/motivated_bandit/_task/stimuli/win/sweet/sweet_bandit_117.jpg'
601.1442 	EXP 	unnamed ImageStim: ori = 4
601.1442 	EXP 	unnamed ImageStim: image = '/Users/burgerks/Documents/GitHub/motivated_bandit/_task/stimuli/win/sweet/sweet_bandit_010.jpg'
601.1442 	EXP 	unnamed ImageStim: ori = 1
601.1442 	EXP 	unnamed ImageStim: image = '/Users/burgerks/Documents/GitHub/motivated_bandit/_task/stimuli/win/sweet/sweet_bandit_059.jpg'
601.1443 	EXP 	TRIGGER 20 (bandit_win)
603.1109 	EXP 	unnamed TextStim: text = 'Bonus round!'
603.1109 	EXP 	unnamed TextStim: foreColor = 'white'
603.1109 	EXP 	TRIGGER 30 (bonus_intro)
604.2109 	EXP 	unnamed TextStim: text = '+15 if fast'
604.2109 	EXP 	unnamed ImageStim: image = '/Users/burgerks/Documents/GitHub/motivated_bandit/_task/stimuli/win/sweet/sweet_bandit_120.jpg'
604.2109 	EXP 	TRIGGER 31 (cue_food)
605.7276 	EXP 	TRIGGER 33 (fixation)
607.0109 	EXP 	TRIGGER 35 (target)
607.3445 	EXP 	Device response: <KeyPress from None: t=607.340805582935, value=right, duration=None>
607.3445 	EXP 	TRIGGER 36 (response)
607.3451 	DATA 	Keypress: right
607.3609 	EXP 	TRIGGER 37 (bonus_feedback)
607.4277 	EXP 	Device response: <KeyPress from None: t=607.340805582935, value=right, duration=0.08229533303529024>
607.9942 	EXP 	unnamed Rect: fillColor = [0.85, 0.85, 0.85]
607.9942 	EXP 	unnamed Rect: fillColor = [0.85, 0.85, 0.85]
607.9942 	EXP 	unnamed Rect: fillColor = [0.85, 0.85, 0.85]
607.9942 	EXP 	unnamed TextStim: text = ''
607.9942 	EXP 	unnamed TextStim: foreColor = 'white'
607.9942 	EXP 	unnamed TextStim: text = 'Score: 350 pts'
607.9942 	EXP 	unnamed TextStim: text = ''
607.9942 	EXP 	TRIGGER 10 (choice_onset)
608.5666 	DATA 	Keypress: right
608.5778 	EXP 	Device response: <KeyPress from None: t=608.5637153747957, value=right, duration=None>
608.5941 	EXP 	TRIGGER 11 (choice_made)
609.0275 	EXP 	TRIGGER 34 (anticipation)
609.0279 	EXP 	Device response: <KeyPress from None: t=608.5637153747957, value=right, duration=0.11632100003771484>
610.0276 	EXP 	unnamed TextStim: height = np.float64(0.035)
610.0276 	EXP 	unnamed TextStim: height = np.float64(0.035)
610.0276 	EXP 	unnamed TextStim: height = np.float64(0.035)
610.0276 	EXP 	unnamed TextStim: text = 'Score: 360 pts'
610.0276 	EXP 	unnamed TextStim: text = ''
610.0276 	EXP 	unnamed TextStim: text = '+10 Points'
610.0276 	EXP 	unnamed TextStim: foreColor = [0.1, 0.8, 0.3]
610.0276 	EXP 	unnamed ImageStim: ori = 4
610.0276 	EXP 	unnamed ImageStim: image = '/Users/burgerks/Documents/GitHub/motivated_bandit/_task/stimuli/win/sweet/sweet_bandit_134.jpg'
610.0276 	EXP 	unnamed ImageStim: ori = 4
610.0276 	EXP 	unnamed ImageStim: image = '/Users/burgerks/Documents/GitHub/motivated_bandit/_task/stimuli/win/sweet/sweet_bandit_081.jpg'
610.0276 	EXP 	unnamed ImageStim: ori = -4
610.0276 	EXP 	unnamed ImageStim: image = '/Users/burgerks/Documents/GitHub/motivated_bandit/_task/stimuli/win/sweet/sweet_bandit_115.jpg'
610.0276 	EXP 	unnamed ImageStim: ori = 3
610.0276 	EXP 	unnamed ImageStim: image = '/Users/burgerks/Documents/GitHub/motivated_bandit/_task/stimuli/win/sweet/sweet_bandit_051.jpg'
610.0276 	EXP 	TRIGGER 20 (bandit_win)
612.0941 	EXP 	unnamed Rect: fillColor = [0.85, 0.85, 0.85]
612.0941 	EXP 	unnamed Rect: fillColor = [0.85, 0.85, 0.85]
612.0941 	EXP 	unnamed Rect: fillColor = [0.85, 0.85, 0.85]
612.0941 	EXP 	unnamed TextStim: text = ''
612.0941 	EXP 	unnamed TextStim: foreColor = 'white'
612.0941 	EXP 	unnamed TextStim: text = 'Score: 360 pts'
612.0941 	EXP 	unnamed TextStim: text = ''
612.0942 	EXP 	TRIGGER 10 (choice_onset)
612.5014 	DATA 	Keypress: right
612.5112 	EXP 	Device response: <KeyPress from None: t=612.4985744999722, value=right, duration=None>
612.5275 	EXP 	TRIGGER 11 (choice_made)
612.9608 	EXP 	TRIGGER 34 (anticipation)
612.9610 	EXP 	Device response: <KeyPress from None: t=612.4985744999722, value=right, duration=0.11634904099628329>
613.9109 	EXP 	unnamed TextStim: height = np.float64(0.035)
613.9109 	EXP 	unnamed TextStim: height = np.float64(0.035)
613.9109 	EXP 	unnamed TextStim: height = np.float64(0.035)
613.9109 	EXP 	unnamed TextStim: text = 'Score: 370 pts'
613.9109 	EXP 	unnamed TextStim: text = ''
613.9109 	EXP 	unnamed TextStim: text = '+10 Points'
613.9109 	EXP 	unnamed TextStim: foreColor = [0.1, 0.8, 0.3]
613.9109 	EXP 	unnamed ImageStim: ori = -3
613.9109 	EXP 	unnamed ImageStim: image = '/Users/burgerks/Documents/GitHub/motivated_bandit/_task/stimuli/win/sweet/sweet_bandit_090.jpg'
613.9109 	EXP 	unnamed ImageStim: ori = 0
613.9109 	EXP 	unnamed ImageStim: image = '/Users/burgerks/Documents/GitHub/motivated_bandit/_task/stimuli/win/sweet/sweet_bandit_127.jpg'
613.9109 	EXP 	unnamed ImageStim: ori = 3
613.9109 	EXP 	unnamed ImageStim: image = '/Users/burgerks/Documents/GitHub/motivated_bandit/_task/stimuli/win/sweet/sweet_bandit_124.jpg'
613.9109 	EXP 	unnamed ImageStim: ori = 0
613.9109 	EXP 	unnamed ImageStim: image = '/Users/burgerks/Documents/GitHub/motivated_bandit/_task/stimuli/win/sweet/sweet_bandit_130.jpg'
613.9110 	EXP 	TRIGGER 20 (bandit_win)
616.1441 	EXP 	unnamed Rect: fillColor = [0.85, 0.85, 0.85]
616.1441 	EXP 	unnamed Rect: fillColor = [0.85, 0.85, 0.85]
616.1441 	EXP 	unnamed Rect: fillColor = [0.85, 0.85, 0.85]
616.1441 	EXP 	unnamed TextStim: text = ''
616.1441 	EXP 	unnamed TextStim: foreColor = 'white'
616.1441 	EXP 	unnamed TextStim: text = 'Score: 370 pts'
616.1441 	EXP 	unnamed TextStim: text = ''
616.1442 	EXP 	TRIGGER 10 (choice_onset)
616.6111 	EXP 	Device response: <KeyPress from None: t=616.6104950828012, value=right, duration=None>
616.6161 	DATA 	Keypress: right
616.6274 	EXP 	TRIGGER 11 (choice_made)
617.0608 	EXP 	TRIGGER 34 (anticipation)
617.0610 	EXP 	Device response: <KeyPress from None: t=616.6104950828012, value=right, duration=0.11628341698087752>
617.8609 	EXP 	unnamed TextStim: height = np.float64(0.035)
617.8609 	EXP 	unnamed TextStim: height = np.float64(0.035)
617.8609 	EXP 	unnamed TextStim: height = np.float64(0.035)
617.8609 	EXP 	unnamed TextStim: text = 'Score: 380 pts'
617.8609 	EXP 	unnamed TextStim: text = ''
617.8609 	EXP 	unnamed TextStim: text = '+10 Points'
617.8609 	EXP 	unnamed TextStim: foreColor = [0.1, 0.8, 0.3]
617.8609 	EXP 	unnamed ImageStim: ori = -2
617.8609 	EXP 	unnamed ImageStim: image = '/Users/burgerks/Documents/GitHub/motivated_bandit/_task/stimuli/win/sweet/sweet_bandit_029.jpg'
617.8609 	EXP 	unnamed ImageStim: ori = -1
617.8609 	EXP 	unnamed ImageStim: image = '/Users/burgerks/Documents/GitHub/motivated_bandit/_task/stimuli/win/sweet/sweet_bandit_024.jpg'
617.8609 	EXP 	unnamed ImageStim: ori = 3
617.8609 	EXP 	unnamed ImageStim: image = '/Users/burgerks/Documents/GitHub/motivated_bandit/_task/stimuli/win/sweet/sweet_bandit_040.jpg'
617.8609 	EXP 	unnamed ImageStim: ori = -1
617.8609 	EXP 	unnamed ImageStim: image = '/Users/burgerks/Documents/GitHub/motivated_bandit/_task/stimuli/win/sweet/sweet_bandit_077.jpg'
617.8609 	EXP 	TRIGGER 20 (bandit_win)
620.0441 	EXP 	unnamed TextStim: text = 'Bonus round!'
620.0441 	EXP 	unnamed TextStim: foreColor = 'white'
620.0441 	EXP 	TRIGGER 30 (bonus_intro)
621.1275 	EXP 	unnamed TextStim: text = '+15 if fast'
621.1275 	EXP 	unnamed ImageStim: image = '/Users/burgerks/Documents/GitHub/motivated_bandit/_task/stimuli/neutral/bandit_009.jpg'
621.1276 	EXP 	TRIGGER 32 (cue_neutral)
622.6608 	EXP 	TRIGGER 33 (fixation)
624.4440 	EXP 	TRIGGER 35 (target)
625.2663 	DATA 	Keypress: down
625.2779 	EXP 	Device response: <KeyPress from None: t=625.263339290861, value=down, duration=None>
625.2779 	EXP 	TRIGGER 36 (response)
625.2941 	EXP 	TRIGGER 37 (bonus_feedback)
625.4610 	EXP 	Device response: <KeyPress from None: t=625.263339290861, value=down, duration=0.18225366692058742>
625.9275 	EXP 	unnamed Rect: fillColor = [0.85, 0.85, 0.85]
625.9275 	EXP 	unnamed Rect: fillColor = [0.85, 0.85, 0.85]
625.9275 	EXP 	unnamed Rect: fillColor = [0.85, 0.85, 0.85]
625.9275 	EXP 	unnamed TextStim: text = ''
625.9275 	EXP 	unnamed TextStim: foreColor = 'white'
625.9275 	EXP 	unnamed TextStim: text = 'Score: 380 pts'
625.9275 	EXP 	unnamed TextStim: text = ''
625.9275 	EXP 	TRIGGER 10 (choice_onset)
626.5331 	DATA 	Keypress: right
626.5444 	EXP 	Device response: <KeyPress from None: t=626.5302475409117, value=right, duration=None>
626.5608 	EXP 	TRIGGER 11 (choice_made)
626.9941 	EXP 	TRIGGER 34 (anticipation)
626.9943 	EXP 	Device response: <KeyPress from None: t=626.5302475409117, value=right, duration=0.12033170904032886>
628.0272 	EXP 	unnamed TextStim: height = np.float64(0.035)
628.0272 	EXP 	unnamed TextStim: height = np.float64(0.035)
628.0272 	EXP 	unnamed TextStim: height = np.float64(0.035)
628.0272 	EXP 	unnamed TextStim: text = 'Score: 390 pts'
628.0272 	EXP 	unnamed TextStim: text = ''
628.0272 	EXP 	unnamed TextStim: text = '+10 Points'
628.0272 	EXP 	unnamed TextStim: foreColor = [0.1, 0.8, 0.3]
628.0272 	EXP 	unnamed ImageStim: ori = 0
628.0272 	EXP 	unnamed ImageStim: image = '/Users/burgerks/Documents/GitHub/motivated_bandit/_task/stimuli/win/sweet/sweet_bandit_028.jpg'
628.0272 	EXP 	unnamed ImageStim: ori = -5
628.0272 	EXP 	unnamed ImageStim: image = '/Users/burgerks/Documents/GitHub/motivated_bandit/_task/stimuli/win/sweet/sweet_bandit_079.jpg'
628.0272 	EXP 	unnamed ImageStim: ori = 1
628.0272 	EXP 	unnamed ImageStim: image = '/Users/burgerks/Documents/GitHub/motivated_bandit/_task/stimuli/win/sweet/sweet_bandit_010.jpg'
628.0272 	EXP 	unnamed ImageStim: ori = -1
628.0272 	EXP 	unnamed ImageStim: image = '/Users/burgerks/Documents/GitHub/motivated_bandit/_task/stimuli/win/sweet/sweet_bandit_099.jpg'
628.0273 	EXP 	TRIGGER 20 (bandit_win)
630.2607 	EXP 	unnamed Rect: fillColor = [0.85, 0.85, 0.85]
630.2607 	EXP 	unnamed Rect: fillColor = [0.85, 0.85, 0.85]
630.2607 	EXP 	unnamed Rect: fillColor = [0.85, 0.85, 0.85]
630.2607 	EXP 	unnamed TextStim: text = ''
630.2607 	EXP 	unnamed TextStim: foreColor = 'white'
630.2607 	EXP 	unnamed TextStim: text = 'Score: 390 pts'
630.2607 	EXP 	unnamed TextStim: text = ''
630.2608 	EXP 	TRIGGER 10 (choice_onset)
630.6837 	DATA 	Keypress: right
630.6944 	EXP 	Device response: <KeyPress from None: t=630.6808053329587, value=right, duration=None>
630.7108 	EXP 	TRIGGER 11 (choice_made)
631.1441 	EXP 	TRIGGER 34 (anticipation)
631.1443 	EXP 	Device response: <KeyPress from None: t=630.6808053329587, value=right, duration=0.11801824998110533>
631.8607 	EXP 	unnamed TextStim: height = np.float64(0.035)
631.8607 	EXP 	unnamed TextStim: height = np.float64(0.035)
631.8607 	EXP 	unnamed TextStim: height = np.float64(0.035)
631.8607 	EXP 	unnamed TextStim: text = 'Score: 400 pts'
631.8607 	EXP 	unnamed TextStim: text = ''
631.8607 	EXP 	unnamed TextStim: text = '+10 Points'
631.8607 	EXP 	unnamed TextStim: foreColor = [0.1, 0.8, 0.3]
631.8607 	EXP 	unnamed ImageStim: ori = -3
631.8607 	EXP 	unnamed ImageStim: image = '/Users/burgerks/Documents/GitHub/motivated_bandit/_task/stimuli/win/sweet/sweet_bandit_059.jpg'
631.8607 	EXP 	unnamed ImageStim: ori = -4
631.8607 	EXP 	unnamed ImageStim: image = '/Users/burgerks/Documents/GitHub/motivated_bandit/_task/stimuli/win/sweet/sweet_bandit_149.jpeg'
631.8607 	EXP 	unnamed ImageStim: ori = -1
631.8607 	EXP 	unnamed ImageStim: image = '/Users/burgerks/Documents/GitHub/motivated_bandit/_task/stimuli/win/sweet/sweet_bandit_108.jpg'
631.8607 	EXP 	unnamed ImageStim: ori = -2
631.8607 	EXP 	unnamed ImageStim: image = '/Users/burgerks/Documents/GitHub/motivated_bandit/_task/stimuli/win/sweet/sweet_bandit_022.jpg'
631.8608 	EXP 	TRIGGER 20 (bandit_win)
632.8723 	DATA 	Keypress: right
632.8778 	EXP 	Device response: <KeyPress from None: t=632.869471832877, value=right, duration=None>
633.0443 	EXP 	Device response: <KeyPress from None: t=632.869471832877, value=right, duration=0.1643291669897735>
633.8364 	EXP 	Created unnamed TextStim = TextStim(__class__=<class 'psychopy.visual.text.TextStim'>, alignHoriz=method-wrapper(...), alignText='center', alignVert=method-wrapper(...), anchorHoriz='center', anchorVert='center', antialias=True, autoDraw=False, autoLog=True, bold=False, color=array([1., 1., 1.]), colorSpace='rgb', contrast=1.0, depth=0, draggable=False, flipHoriz=False, flipVert=False, font='', fontFiles=[], height=np.float64(0.045), italic=False, languageStyle='LTR', name='unnamed TextStim', opacity=1.0, ori=0.0, pos=array([0., 0.]), rgb=UNKNOWN, text=str(...), units='height', win=Window(...), wrapWidth=1.2)
935.1826 	EXP 	Device response: <KeyPress from None: t=935.182077499805, value=space, duration=None>
935.2725 	EXP 	Device response: <KeyPress from None: t=935.182077499805, value=space, duration=0.09031733311712742>
935.2773 	DATA 	Keypress: space
935.2942 	EXP 	unnamed Rect: fillColor = [0.85, 0.85, 0.85]
935.2942 	EXP 	unnamed Rect: fillColor = [0.85, 0.85, 0.85]
935.2942 	EXP 	unnamed Rect: fillColor = [0.85, 0.85, 0.85]
935.2942 	EXP 	unnamed TextStim: text = ''
935.2942 	EXP 	unnamed TextStim: foreColor = 'white'
935.2942 	EXP 	unnamed TextStim: text = 'Score: 400 pts'
935.2942 	EXP 	unnamed TextStim: text = ''
935.2944 	EXP 	TRIGGER 10 (choice_onset)
936.7207 	DATA 	Keypress: right
936.7258 	EXP 	Device response: <KeyPress from None: t=936.7180254578125, value=right, duration=None>
936.7421 	EXP 	TRIGGER 11 (choice_made)
937.1754 	EXP 	TRIGGER 34 (anticipation)
937.1758 	EXP 	Device response: <KeyPress from None: t=936.7180254578125, value=right, duration=0.1323117921128869>
938.1421 	EXP 	unnamed TextStim: height = np.float64(0.035)
938.1421 	EXP 	unnamed TextStim: height = np.float64(0.035)
938.1421 	EXP 	unnamed TextStim: height = np.float64(0.035)
938.1421 	EXP 	unnamed TextStim: text = 'Score: 410 pts'
938.1421 	EXP 	unnamed TextStim: text = ''
938.1421 	EXP 	unnamed TextStim: text = '+10 Points'
938.1421 	EXP 	unnamed TextStim: foreColor = [0.1, 0.8, 0.3]
938.1421 	EXP 	unnamed ImageStim: ori = 2
938.1421 	EXP 	unnamed ImageStim: image = '/Users/burgerks/Documents/GitHub/motivated_bandit/_task/stimuli/win/sweet/sweet_bandit_119.jpg'
938.1421 	EXP 	unnamed ImageStim: ori = 3
938.1421 	EXP 	unnamed ImageStim: image = '/Users/burgerks/Documents/GitHub/motivated_bandit/_task/stimuli/win/sweet/sweet_bandit_102.jpg'
938.1421 	EXP 	unnamed ImageStim: ori = 0
938.1421 	EXP 	unnamed ImageStim: image = '/Users/burgerks/Documents/GitHub/motivated_bandit/_task/stimuli/win/sweet/sweet_bandit_048.jpg'
938.1421 	EXP 	unnamed ImageStim: ori = 3
938.1421 	EXP 	unnamed ImageStim: image = '/Users/burgerks/Documents/GitHub/motivated_bandit/_task/stimuli/win/sweet/sweet_bandit_017.jpg'
938.1422 	EXP 	TRIGGER 20 (bandit_win)
940.2588 	EXP 	unnamed Rect: fillColor = [0.85, 0.85, 0.85]
940.2588 	EXP 	unnamed Rect: fillColor = [0.85, 0.85, 0.85]
940.2588 	EXP 	unnamed Rect: fillColor = [0.85, 0.85, 0.85]
940.2588 	EXP 	unnamed TextStim: text = ''
940.2588 	EXP 	unnamed TextStim: foreColor = 'white'
940.2588 	EXP 	unnamed TextStim: text = 'Score: 410 pts'
940.2588 	EXP 	unnamed TextStim: text = ''
940.2588 	EXP 	TRIGGER 10 (choice_onset)
940.8179 	DATA 	Keypress: right
940.8258 	EXP 	Device response: <KeyPress from None: t=940.8149224999361, value=right, duration=None>
940.8421 	EXP 	TRIGGER 11 (choice_made)
941.2754 	EXP 	TRIGGER 34 (anticipation)
941.2757 	EXP 	Device response: <KeyPress from None: t=940.8149224999361, value=right, duration=0.12030637497082353>
942.2255 	EXP 	unnamed TextStim: height = np.float64(0.035)
942.2255 	EXP 	unnamed TextStim: height = np.float64(0.035)
942.2255 	EXP 	unnamed TextStim: height = np.float64(0.035)
942.2255 	EXP 	unnamed TextStim: text = 'Score: 420 pts'
942.2255 	EXP 	unnamed TextStim: text = ''
942.2255 	EXP 	unnamed TextStim: text = '+10 Points'
942.2255 	EXP 	unnamed TextStim: foreColor = [0.1, 0.8, 0.3]
942.2255 	EXP 	unnamed ImageStim: ori = 4
942.2255 	EXP 	unnamed ImageStim: image = '/Users/burgerks/Documents/GitHub/motivated_bandit/_task/stimuli/win/sweet/sweet_bandit_048.jpg'
942.2255 	EXP 	unnamed ImageStim: ori = 3
942.2255 	EXP 	unnamed ImageStim: image = '/Users/burgerks/Documents/GitHub/motivated_bandit/_task/stimuli/win/sweet/sweet_bandit_152.jpg'
942.2255 	EXP 	unnamed ImageStim: ori = -2
942.2255 	EXP 	unnamed ImageStim: image = '/Users/burgerks/Documents/GitHub/motivated_bandit/_task/stimuli/win/sweet/sweet_bandit_110.jpg'
942.2255 	EXP 	unnamed ImageStim: ori = -3
942.2255 	EXP 	unnamed ImageStim: image = '/Users/burgerks/Documents/GitHub/motivated_bandit/_task/stimuli/win/sweet/sweet_bandit_040.jpg'
942.2256 	EXP 	TRIGGER 20 (bandit_win)
944.3088 	EXP 	unnamed Rect: fillColor = [0.85, 0.85, 0.85]
944.3088 	EXP 	unnamed Rect: fillColor = [0.85, 0.85, 0.85]
944.3088 	EXP 	unnamed Rect: fillColor = [0.85, 0.85, 0.85]
944.3088 	EXP 	unnamed TextStim: text = ''
944.3088 	EXP 	unnamed TextStim: foreColor = 'white'
944.3088 	EXP 	unnamed TextStim: text = 'Score: 420 pts'
944.3088 	EXP 	unnamed TextStim: text = ''
944.3088 	EXP 	TRIGGER 10 (choice_onset)
945.5136 	DATA 	Keypress: down
945.5257 	EXP 	Device response: <KeyPress from None: t=945.5104029998183, value=down, duration=None>
945.5420 	EXP 	TRIGGER 11 (choice_made)
945.9753 	EXP 	TRIGGER 34 (anticipation)
945.9757 	EXP 	Device response: <KeyPress from None: t=945.5104029998183, value=down, duration=0.14234066614881158>
946.7919 	EXP 	unnamed TextStim: height = np.float64(0.035)
946.7919 	EXP 	unnamed TextStim: height = np.float64(0.035)
946.7919 	EXP 	unnamed TextStim: height = np.float64(0.035)
946.7919 	EXP 	unnamed TextStim: text = 'Score: 430 pts'
946.7919 	EXP 	unnamed TextStim: text = ''
946.7919 	EXP 	unnamed TextStim: text = '+10 Points'
946.7919 	EXP 	unnamed TextStim: foreColor = [0.1, 0.8, 0.3]
946.7919 	EXP 	unnamed ImageStim: ori = -3
946.7919 	EXP 	unnamed ImageStim: image = '/Users/burgerks/Documents/GitHub/motivated_bandit/_task/stimuli/win/sweet/sweet_bandit_115.jpg'
946.7919 	EXP 	unnamed ImageStim: ori = 1
946.7919 	EXP 	unnamed ImageStim: image = '/Users/burgerks/Documents/GitHub/motivated_bandit/_task/stimuli/win/sweet/sweet_bandit_070.jpg'
946.7919 	EXP 	unnamed ImageStim: ori = -4
946.7919 	EXP 	unnamed ImageStim: image = '/Users/burgerks/Documents/GitHub/motivated_bandit/_task/stimuli/win/sweet/sweet_bandit_119.jpg'
946.7919 	EXP 	unnamed ImageStim: ori = 2
946.7919 	EXP 	unnamed ImageStim: image = '/Users/burgerks/Documents/GitHub/motivated_bandit/_task/stimuli/win/sweet/sweet_bandit_098.jpg'
946.7919 	EXP 	TRIGGER 20 (bandit_win)
948.9587 	EXP 	unnamed Rect: fillColor = [0.85, 0.85, 0.85]
948.9587 	EXP 	unnamed Rect: fillColor = [0.85, 0.85, 0.85]
948.9587 	EXP 	unnamed Rect: fillColor = [0.85, 0.85, 0.85]
948.9587 	EXP 	unnamed TextStim: text = ''
948.9587 	EXP 	unnamed TextStim: foreColor = 'white'
948.9587 	EXP 	unnamed TextStim: text = 'Score: 430 pts'
948.9587 	EXP 	unnamed TextStim: text = ''
948.9588 	EXP 	TRIGGER 10 (choice_onset)
950.4924 	EXP 	Device response: <KeyPress from None: t=950.489885665942, value=down, duration=None>
950.4975 	DATA 	Keypress: down
950.5086 	EXP 	TRIGGER 11 (choice_made)
950.9255 	EXP 	TRIGGER 34 (anticipation)
950.9257 	EXP 	Device response: <KeyPress from None: t=950.489885665942, value=down, duration=0.1302889168728143>
951.8087 	EXP 	unnamed TextStim: height = np.float64(0.035)
951.8087 	EXP 	unnamed TextStim: height = np.float64(0.035)
951.8087 	EXP 	unnamed TextStim: height = np.float64(0.035)
951.8087 	EXP 	unnamed TextStim: text = 'Score: 440 pts'
951.8087 	EXP 	unnamed TextStim: text = ''
951.8087 	EXP 	unnamed TextStim: text = '+10 Points'
951.8087 	EXP 	unnamed TextStim: foreColor = [0.1, 0.8, 0.3]
951.8087 	EXP 	unnamed ImageStim: ori = -2
951.8087 	EXP 	unnamed ImageStim: image = '/Users/burgerks/Documents/GitHub/motivated_bandit/_task/stimuli/win/sweet/sweet_bandit_099.jpg'
951.8087 	EXP 	unnamed ImageStim: ori = 4
951.8087 	EXP 	unnamed ImageStim: image = '/Users/burgerks/Documents/GitHub/motivated_bandit/_task/stimuli/win/sweet/sweet_bandit_061.jpg'
951.8087 	EXP 	unnamed ImageStim: ori = -5
951.8087 	EXP 	unnamed ImageStim: image = '/Users/burgerks/Documents/GitHub/motivated_bandit/_task/stimuli/win/sweet/sweet_bandit_135.jpg'
951.8087 	EXP 	unnamed ImageStim: ori = 4
951.8087 	EXP 	unnamed ImageStim: image = '/Users/burgerks/Documents/GitHub/motivated_bandit/_task/stimuli/win/sweet/sweet_bandit_151.jpg'
951.8087 	EXP 	TRIGGER 20 (bandit_win)
953.8753 	EXP 	unnamed Rect: fillColor = [0.85, 0.85, 0.85]
953.8753 	EXP 	unnamed Rect: fillColor = [0.85, 0.85, 0.85]
953.8753 	EXP 	unnamed Rect: fillColor = [0.85, 0.85, 0.85]
953.8753 	EXP 	unnamed TextStim: text = ''
953.8753 	EXP 	unnamed TextStim: foreColor = 'white'
953.8753 	EXP 	unnamed TextStim: text = 'Score: 440 pts'
953.8753 	EXP 	unnamed TextStim: text = ''
953.8753 	EXP 	TRIGGER 10 (choice_onset)
954.5068 	DATA 	Keypress: left
954.5090 	EXP 	Device response: <KeyPress from None: t=954.5037524579093, value=left, duration=None>
954.5253 	EXP 	TRIGGER 11 (choice_made)
954.9421 	EXP 	TRIGGER 34 (anticipation)
954.9423 	EXP 	Device response: <KeyPress from None: t=954.5037524579093, value=left, duration=0.08428629208356142>
955.7920 	EXP 	unnamed TextStim: height = np.float64(0.035)
955.7920 	EXP 	unnamed TextStim: height = np.float64(0.035)
955.7920 	EXP 	unnamed TextStim: height = np.float64(0.035)
955.7920 	EXP 	unnamed TextStim: text = 'Score: 430 pts'
955.7920 	EXP 	unnamed TextStim: text = ''
955.7920 	EXP 	unnamed TextStim: height = np.float64(0.1)
955.7920 	EXP 	unnamed TextStim: height = np.float64(0.1)
955.7920 	EXP 	unnamed TextStim: height = np.float64(0.1)
955.7920 	EXP 	unnamed TextStim: text = '-10 Points'
955.7920 	EXP 	unnamed TextStim: foreColor = [0.9, 0.2, 0.2]
955.7920 	EXP 	unnamed ImageStim: ori = -1.0
955.7920 	EXP 	unnamed ImageStim: image = '/Users/burgerks/Documents/GitHub/motivated_bandit/_task/stimuli/loss/lose_pic.png'
955.7921 	EXP 	TRIGGER 21 (bandit_loss)
957.8752 	EXP 	unnamed Rect: fillColor = [0.85, 0.85, 0.85]
957.8752 	EXP 	unnamed Rect: fillColor = [0.85, 0.85, 0.85]
957.8752 	EXP 	unnamed Rect: fillColor = [0.85, 0.85, 0.85]
957.8752 	EXP 	unnamed TextStim: text = ''
957.8752 	EXP 	unnamed TextStim: foreColor = 'white'
957.8752 	EXP 	unnamed TextStim: text = 'Score: 430 pts'
957.8752 	EXP 	unnamed TextStim: text = ''
957.8752 	EXP 	TRIGGER 10 (choice_onset)
958.9657 	DATA 	Keypress: down
958.9757 	EXP 	Device response: <KeyPress from None: t=958.9627418748569, value=down, duration=None>
958.9920 	EXP 	TRIGGER 11 (choice_made)
959.4253 	EXP 	TRIGGER 34 (anticipation)
959.4256 	EXP 	Device response: <KeyPress from None: t=958.9627418748569, value=down, duration=0.11030695796944201>
960.2587 	EXP 	unnamed TextStim: height = np.float64(0.035)
960.2587 	EXP 	unnamed TextStim: height = np.float64(0.035)
960.2587 	EXP 	unnamed TextStim: height = np.float64(0.035)
960.2587 	EXP 	unnamed TextStim: text = 'Score: 420 pts'
960.2587 	EXP 	unnamed TextStim: text = ''
960.2587 	EXP 	unnamed TextStim: text = '-10 Points'
960.2587 	EXP 	unnamed TextStim: foreColor = [0.9, 0.2, 0.2]
960.2587 	EXP 	unnamed ImageStim: ori = -0.25
960.2587 	EXP 	unnamed ImageStim: image = '/Users/burgerks/Documents/GitHub/motivated_bandit/_task/stimuli/loss/lose_pic.png'
960.2587 	EXP 	TRIGGER 21 (bandit_loss)
962.3752 	EXP 	unnamed Rect: fillColor = [0.85, 0.85, 0.85]
962.3752 	EXP 	unnamed Rect: fillColor = [0.85, 0.85, 0.85]
962.3752 	EXP 	unnamed Rect: fillColor = [0.85, 0.85, 0.85]
962.3752 	EXP 	unnamed TextStim: text = ''
962.3752 	EXP 	unnamed TextStim: foreColor = 'white'
962.3752 	EXP 	unnamed TextStim: text = 'Score: 420 pts'
962.3752 	EXP 	unnamed TextStim: text = ''
962.3752 	EXP 	TRIGGER 10 (choice_onset)
962.8090 	EXP 	Device response: <KeyPress from None: t=962.8076333748177, value=right, duration=None>
962.8150 	DATA 	Keypress: right
962.8254 	EXP 	TRIGGER 11 (choice_made)
963.2586 	EXP 	TRIGGER 34 (anticipation)
963.2589 	EXP 	Device response: <KeyPress from None: t=962.8076333748177, value=right, duration=0.10830362513661385>
964.0253 	EXP 	unnamed TextStim: height = np.float64(0.035)
964.0253 	EXP 	unnamed TextStim: height = np.float64(0.035)
964.0253 	EXP 	unnamed TextStim: height = np.float64(0.035)
964.0253 	EXP 	unnamed TextStim: text = 'Score: 430 pts'
964.0253 	EXP 	unnamed TextStim: text = ''
964.0253 	EXP 	unnamed TextStim: height = np.float64(0.1)
964.0253 	EXP 	unnamed TextStim: height = np.float64(0.1)
964.0253 	EXP 	unnamed TextStim: height = np.float64(0.1)
964.0253 	EXP 	unnamed TextStim: text = '+10 Points'
964.0253 	EXP 	unnamed TextStim: foreColor = [0.1, 0.8, 0.3]
964.0253 	EXP 	unnamed ImageStim: ori = -4
964.0253 	EXP 	unnamed ImageStim: image = '/Users/burgerks/Documents/GitHub/motivated_bandit/_task/stimuli/win/sweet/sweet_bandit_067.jpg'
964.0253 	EXP 	unnamed ImageStim: ori = -3
964.0253 	EXP 	unnamed ImageStim: image = '/Users/burgerks/Documents/GitHub/motivated_bandit/_task/stimuli/win/sweet/sweet_bandit_158.jpg'
964.0253 	EXP 	unnamed ImageStim: ori = -2
964.0253 	EXP 	unnamed ImageStim: image = '/Users/burgerks/Documents/GitHub/motivated_bandit/_task/stimuli/win/sweet/sweet_bandit_160.jpg'
964.0253 	EXP 	unnamed ImageStim: ori = -5
964.0253 	EXP 	unnamed ImageStim: image = '/Users/burgerks/Documents/GitHub/motivated_bandit/_task/stimuli/win/sweet/sweet_bandit_097.jpg'
964.0253 	EXP 	TRIGGER 20 (bandit_win)
966.2418 	EXP 	unnamed Rect: fillColor = [0.85, 0.85, 0.85]
966.2418 	EXP 	unnamed Rect: fillColor = [0.85, 0.85, 0.85]
966.2418 	EXP 	unnamed Rect: fillColor = [0.85, 0.85, 0.85]
966.2418 	EXP 	unnamed TextStim: text = ''
966.2418 	EXP 	unnamed TextStim: foreColor = 'white'
966.2418 	EXP 	unnamed TextStim: text = 'Score: 430 pts'
966.2418 	EXP 	unnamed TextStim: text = ''
966.2419 	EXP 	TRIGGER 10 (choice_onset)
966.6923 	EXP 	Device response: <KeyPress from None: t=966.6905139998998, value=down, duration=None>
966.6983 	DATA 	Keypress: down
966.7087 	EXP 	TRIGGER 11 (choice_made)
967.1420 	EXP 	TRIGGER 34 (anticipation)
967.1422 	EXP 	Device response: <KeyPress from None: t=966.6905139998998, value=down, duration=0.12429187493398786>
967.9253 	EXP 	unnamed TextStim: height = np.float64(0.035)
967.9253 	EXP 	unnamed TextStim: height = np.float64(0.035)
967.9253 	EXP 	unnamed TextStim: height = np.float64(0.035)
967.9253 	EXP 	unnamed TextStim: text = 'Score: 440 pts'
967.9253 	EXP 	unnamed TextStim: text = ''
967.9253 	EXP 	unnamed TextStim: text = '+10 Points'
967.9253 	EXP 	unnamed TextStim: foreColor = [0.1, 0.8, 0.3]
967.9253 	EXP 	unnamed ImageStim: ori = 4
967.9253 	EXP 	unnamed ImageStim: image = '/Users/burgerks/Documents/GitHub/motivated_bandit/_task/stimuli/win/sweet/sweet_bandit_050.jpg'
967.9253 	EXP 	unnamed ImageStim: ori = 5
967.9253 	EXP 	unnamed ImageStim: image = '/Users/burgerks/Documents/GitHub/motivated_bandit/_task/stimuli/win/sweet/sweet_bandit_025.jpg'
967.9253 	EXP 	unnamed ImageStim: ori = -2
967.9253 	EXP 	unnamed ImageStim: image = '/Users/burgerks/Documents/GitHub/motivated_bandit/_task/stimuli/win/sweet/sweet_bandit_098.jpg'
967.9253 	EXP 	unnamed ImageStim: ori = -5
967.9253 	EXP 	unnamed ImageStim: image = '/Users/burgerks/Documents/GitHub/motivated_bandit/_task/stimuli/win/sweet/sweet_bandit_111.jpg'
967.9253 	EXP 	TRIGGER 20 (bandit_win)
969.9085 	EXP 	unnamed TextStim: text = 'Bonus round!'
969.9085 	EXP 	unnamed TextStim: foreColor = 'white'
969.9085 	EXP 	TRIGGER 30 (bonus_intro)
970.9920 	EXP 	unnamed TextStim: text = '+15 if fast'
970.9920 	EXP 	unnamed ImageStim: image = '/Users/burgerks/Documents/GitHub/motivated_bandit/_task/stimuli/win/sweet/sweet_bandit_008.jpg'
970.9920 	EXP 	TRIGGER 31 (cue_food)
972.5252 	EXP 	TRIGGER 33 (fixation)
974.4586 	EXP 	TRIGGER 35 (target)
974.8146 	DATA 	Keypress: down
974.8256 	EXP 	Device response: <KeyPress from None: t=974.8096796248574, value=down, duration=None>
974.8256 	EXP 	TRIGGER 36 (response)
974.8419 	EXP 	TRIGGER 37 (bonus_feedback)
974.9088 	EXP 	Device response: <KeyPress from None: t=974.8096796248574, value=down, duration=0.09435033309273422>
975.4751 	EXP 	unnamed Rect: fillColor = [0.85, 0.85, 0.85]
975.4751 	EXP 	unnamed Rect: fillColor = [0.85, 0.85, 0.85]
975.4751 	EXP 	unnamed Rect: fillColor = [0.85, 0.85, 0.85]
975.4751 	EXP 	unnamed TextStim: text = ''
975.4751 	EXP 	unnamed TextStim: foreColor = 'white'
975.4751 	EXP 	unnamed TextStim: text = 'Score: 440 pts'
975.4751 	EXP 	unnamed TextStim: text = ''
975.4752 	EXP 	TRIGGER 10 (choice_onset)
976.3894 	DATA 	Keypress: down
976.3922 	EXP 	Device response: <KeyPress from None: t=976.3866398329847, value=down, duration=None>
976.4085 	EXP 	TRIGGER 11 (choice_made)
976.8419 	EXP 	TRIGGER 34 (anticipation)
976.8421 	EXP 	Device response: <KeyPress from None: t=976.3866398329847, value=down, duration=0.10431679198518395>
977.4418 	EXP 	unnamed TextStim: height = np.float64(0.035)
977.4418 	EXP 	unnamed TextStim: height = np.float64(0.035)
977.4418 	EXP 	unnamed TextStim: height = np.float64(0.035)
977.4418 	EXP 	unnamed TextStim: text = 'Score: 430 pts'
977.4418 	EXP 	unnamed TextStim: text = ''
977.4418 	EXP 	unnamed TextStim: height = np.float64(0.1)
977.4418 	EXP 	unnamed TextStim: height = np.float64(0.1)
977.4418 	EXP 	unnamed TextStim: height = np.float64(0.1)
977.4418 	EXP 	unnamed TextStim: text = '-10 Points'
977.4418 	EXP 	unnamed TextStim: foreColor = [0.9, 0.2, 0.2]
977.4418 	EXP 	unnamed ImageStim: ori = 0.75
977.4418 	EXP 	unnamed ImageStim: image = '/Users/burgerks/Documents/GitHub/motivated_bandit/_task/stimuli/loss/lose_pic.png'
977.4418 	EXP 	TRIGGER 21 (bandit_loss)
979.6752 	EXP 	unnamed Rect: fillColor = [0.85, 0.85, 0.85]
979.6752 	EXP 	unnamed Rect: fillColor = [0.85, 0.85, 0.85]
979.6752 	EXP 	unnamed Rect: fillColor = [0.85, 0.85, 0.85]
979.6752 	EXP 	unnamed TextStim: text = ''
979.6752 	EXP 	unnamed TextStim: foreColor = 'white'
979.6752 	EXP 	unnamed TextStim: text = 'Score: 430 pts'
979.6752 	EXP 	unnamed TextStim: text = ''
979.6752 	EXP 	TRIGGER 10 (choice_onset)
980.1318 	DATA 	Keypress: left
980.1422 	EXP 	Device response: <KeyPress from None: t=980.1255410409067, value=left, duration=None>
980.1585 	EXP 	TRIGGER 11 (choice_made)
980.5918 	EXP 	TRIGGER 34 (anticipation)
980.5921 	EXP 	Device response: <KeyPress from None: t=980.1255410409067, value=left, duration=0.0682796249166131>
981.2751 	EXP 	unnamed TextStim: height = np.float64(0.035)
981.2751 	EXP 	unnamed TextStim: height = np.float64(0.035)
981.2751 	EXP 	unnamed TextStim: height = np.float64(0.035)
981.2751 	EXP 	unnamed TextStim: text = 'Score: 420 pts'
981.2751 	EXP 	unnamed TextStim: text = ''
981.2751 	EXP 	unnamed TextStim: text = '-10 Points'
981.2751 	EXP 	unnamed TextStim: foreColor = [0.9, 0.2, 0.2]
981.2751 	EXP 	unnamed ImageStim: ori = 1.25
981.2751 	EXP 	unnamed ImageStim: image = '/Users/burgerks/Documents/GitHub/motivated_bandit/_task/stimuli/loss/lose_pic.png'
981.2752 	EXP 	TRIGGER 21 (bandit_loss)
983.3918 	EXP 	unnamed TextStim: text = 'Bonus round!'
983.3918 	EXP 	unnamed TextStim: foreColor = 'white'
983.3919 	EXP 	TRIGGER 30 (bonus_intro)
984.4918 	EXP 	unnamed TextStim: text = '+15 if fast'
984.4918 	EXP 	unnamed ImageStim: image = '/Users/burgerks/Documents/GitHub/motivated_bandit/_task/stimuli/win/sweet/sweet_bandit_087.jpg'
984.4918 	EXP 	TRIGGER 31 (cue_food)
986.0085 	EXP 	TRIGGER 33 (fixation)
987.3085 	EXP 	TRIGGER 35 (target)
987.7988 	DATA 	Keypress: right
987.8088 	EXP 	Device response: <KeyPress from None: t=987.7958807498217, value=right, duration=None>
987.8088 	EXP 	TRIGGER 36 (response)
987.8251 	EXP 	TRIGGER 37 (bonus_feedback)
987.8920 	EXP 	Device response: <KeyPress from None: t=987.7958807498217, value=right, duration=0.0862741251476109>
988.4584 	EXP 	unnamed Rect: fillColor = [0.85, 0.85, 0.85]
988.4584 	EXP 	unnamed Rect: fillColor = [0.85, 0.85, 0.85]
988.4584 	EXP 	unnamed Rect: fillColor = [0.85, 0.85, 0.85]
988.4584 	EXP 	unnamed TextStim: text = ''
988.4584 	EXP 	unnamed TextStim: foreColor = 'white'
988.4584 	EXP 	unnamed TextStim: text = 'Score: 420 pts'
988.4584 	EXP 	unnamed TextStim: text = ''
988.4584 	EXP 	TRIGGER 10 (choice_onset)
989.1207 	DATA 	Keypress: right
989.1254 	EXP 	Device response: <KeyPress from None: t=989.1178103329148, value=right, duration=None>
989.1417 	EXP 	TRIGGER 11 (choice_made)
989.5750 	EXP 	TRIGGER 34 (anticipation)
989.5753 	EXP 	Device response: <KeyPress from None: t=989.1178103329148, value=right, duration=0.05629854206927121>
990.3252 	EXP 	unnamed TextStim: height = np.float64(0.035)
990.3252 	EXP 	unnamed TextStim: height = np.float64(0.035)
990.3252 	EXP 	unnamed TextStim: height = np.float64(0.035)
990.3252 	EXP 	unnamed TextStim: text = 'Score: 430 pts'
990.3252 	EXP 	unnamed TextStim: text = ''
990.3252 	EXP 	unnamed TextStim: height = np.float64(0.1)
990.3252 	EXP 	unnamed TextStim: height = np.float64(0.1)
990.3252 	EXP 	unnamed TextStim: height = np.float64(0.1)
990.3252 	EXP 	unnamed TextStim: text = '+10 Points'
990.3252 	EXP 	unnamed TextStim: foreColor = [0.1, 0.8, 0.3]
990.3252 	EXP 	unnamed ImageStim: ori = 2
990.3252 	EXP 	unnamed ImageStim: image = '/Users/burgerks/Documents/GitHub/motivated_bandit/_task/stimuli/win/sweet/sweet_bandit_135.jpg'
990.3252 	EXP 	unnamed ImageStim: ori = 4
990.3252 	EXP 	unnamed ImageStim: image = '/Users/burgerks/Documents/GitHub/motivated_bandit/_task/stimuli/win/sweet/sweet_bandit_084.jpg'
990.3252 	EXP 	unnamed ImageStim: ori = 5
990.3252 	EXP 	unnamed ImageStim: image = '/Users/burgerks/Documents/GitHub/motivated_bandit/_task/stimuli/win/sweet/sweet_bandit_048.jpg'
990.3252 	EXP 	unnamed ImageStim: ori = -3
990.3252 	EXP 	unnamed ImageStim: image = '/Users/burgerks/Documents/GitHub/motivated_bandit/_task/stimuli/win/sweet/sweet_bandit_150.jpg'
990.3252 	EXP 	TRIGGER 20 (bandit_win)
992.2917 	EXP 	unnamed Rect: fillColor = [0.85, 0.85, 0.85]
992.2917 	EXP 	unnamed Rect: fillColor = [0.85, 0.85, 0.85]
992.2917 	EXP 	unnamed Rect: fillColor = [0.85, 0.85, 0.85]
992.2917 	EXP 	unnamed TextStim: text = ''
992.2917 	EXP 	unnamed TextStim: foreColor = 'white'
992.2917 	EXP 	unnamed TextStim: text = 'Score: 430 pts'
992.2917 	EXP 	unnamed TextStim: text = ''
992.2918 	EXP 	TRIGGER 10 (choice_onset)
992.6907 	DATA 	Keypress: right
992.6922 	EXP 	Device response: <KeyPress from None: t=992.687699874863, value=right, duration=None>
992.7084 	EXP 	TRIGGER 11 (choice_made)
993.1417 	EXP 	TRIGGER 34 (anticipation)
993.1420 	EXP 	Device response: <KeyPress from None: t=992.687699874863, value=right, duration=0.10430379095487297>
994.1752 	EXP 	unnamed TextStim: height = np.float64(0.035)
994.1752 	EXP 	unnamed TextStim: height = np.float64(0.035)
994.1752 	EXP 	unnamed TextStim: height = np.float64(0.035)
994.1752 	EXP 	unnamed TextStim: text = 'Score: 440 pts'
994.1752 	EXP 	unnamed TextStim: text = ''
994.1752 	EXP 	unnamed TextStim: text = '+10 Points'
994.1752 	EXP 	unnamed TextStim: foreColor = [0.1, 0.8, 0.3]
994.1752 	EXP 	unnamed ImageStim: ori = -5
994.1752 	EXP 	unnamed ImageStim: image = '/Users/burgerks/Documents/GitHub/motivated_bandit/_task/stimuli/win/sweet/sweet_bandit_149.jpeg'
994.1752 	EXP 	unnamed ImageStim: ori = 3
994.1752 	EXP 	unnamed ImageStim: image = '/Users/burgerks/Documents/GitHub/motivated_bandit/_task/stimuli/win/sweet/sweet_bandit_074.jpg'
994.1752 	EXP 	unnamed ImageStim: ori = 1
994.1752 	EXP 	unnamed ImageStim: image = '/Users/burgerks/Documents/GitHub/motivated_bandit/_task/stimuli/win/sweet/sweet_bandit_098.jpg'
994.1752 	EXP 	unnamed ImageStim: ori = -4
994.1752 	EXP 	unnamed ImageStim: image = '/Users/burgerks/Documents/GitHub/motivated_bandit/_task/stimuli/win/sweet/sweet_bandit_020.jpg'
994.1752 	EXP 	TRIGGER 20 (bandit_win)
996.1583 	EXP 	unnamed TextStim: text = 'Bonus round!'
996.1583 	EXP 	unnamed TextStim: foreColor = 'white'
996.1584 	EXP 	TRIGGER 30 (bonus_intro)
997.2584 	EXP 	unnamed TextStim: text = '+15 if fast'
997.2584 	EXP 	unnamed ImageStim: image = '/Users/burgerks/Documents/GitHub/motivated_bandit/_task/stimuli/win/sweet/sweet_bandit_160.jpg'
997.2584 	EXP 	TRIGGER 31 (cue_food)
998.7751 	EXP 	TRIGGER 33 (fixation)
1000.4750 	EXP 	TRIGGER 35 (target)
1000.7366 	DATA 	Keypress: right
1000.7420 	EXP 	Device response: <KeyPress from None: t=1000.7336950828321, value=right, duration=None>
1000.7420 	EXP 	TRIGGER 36 (response)
1000.7583 	EXP 	TRIGGER 37 (bonus_feedback)
1000.8252 	EXP 	Device response: <KeyPress from None: t=1000.7336950828321, value=right, duration=0.08224941696971655>
1001.3751 	EXP 	unnamed Rect: fillColor = [0.85, 0.85, 0.85]
1001.3751 	EXP 	unnamed Rect: fillColor = [0.85, 0.85, 0.85]
1001.3751 	EXP 	unnamed Rect: fillColor = [0.85, 0.85, 0.85]
1001.3751 	EXP 	unnamed TextStim: text = ''
1001.3751 	EXP 	unnamed TextStim: foreColor = 'white'
1001.3751 	EXP 	unnamed TextStim: text = 'Score: 440 pts'
1001.3751 	EXP 	unnamed TextStim: text = ''
1001.3752 	EXP 	TRIGGER 10 (choice_onset)
1001.9159 	DATA 	Keypress: right
1001.9254 	EXP 	Device response: <KeyPress from None: t=1001.910607624799, value=right, duration=None>
1001.9417 	EXP 	TRIGGER 11 (choice_made)
1002.3751 	EXP 	TRIGGER 34 (anticipation)
1002.3753 	EXP 	Device response: <KeyPress from None: t=1001.910607624799, value=right, duration=0.09230125020258129>
1003.0917 	EXP 	unnamed TextStim: height = np.float64(0.035)
1003.0917 	EXP 	unnamed TextStim: height = np.float64(0.035)
1003.0917 	EXP 	unnamed TextStim: height = np.float64(0.035)
1003.0917 	EXP 	unnamed TextStim: text = 'Score: 450 pts'
1003.0917 	EXP 	unnamed TextStim: text = ''
1003.0917 	EXP 	unnamed TextStim: text = '+10 Points'
1003.0917 	EXP 	unnamed TextStim: foreColor = [0.1, 0.8, 0.3]
1003.0917 	EXP 	unnamed ImageStim: ori = -1
1003.0917 	EXP 	unnamed ImageStim: image = '/Users/burgerks/Documents/GitHub/motivated_bandit/_task/stimuli/win/sweet/sweet_bandit_081.jpg'
1003.0917 	EXP 	unnamed ImageStim: ori = -5
1003.0917 	EXP 	unnamed ImageStim: image = '/Users/burgerks/Documents/GitHub/motivated_bandit/_task/stimuli/win/sweet/sweet_bandit_166.jpg'
1003.0917 	EXP 	unnamed ImageStim: ori = 4
1003.0917 	EXP 	unnamed ImageStim: image = '/Users/burgerks/Documents/GitHub/motivated_bandit/_task/stimuli/win/sweet/sweet_bandit_060.jpg'
1003.0917 	EXP 	unnamed ImageStim: ori = 2
1003.0917 	EXP 	unnamed ImageStim: image = '/Users/burgerks/Documents/GitHub/motivated_bandit/_task/stimuli/win/sweet/sweet_bandit_110.jpg'
1003.0918 	EXP 	TRIGGER 20 (bandit_win)
1005.2251 	EXP 	unnamed Rect: fillColor = [0.85, 0.85, 0.85]
1005.2251 	EXP 	unnamed Rect: fillColor = [0.85, 0.85, 0.85]
1005.2251 	EXP 	unnamed Rect: fillColor = [0.85, 0.85, 0.85]
1005.2251 	EXP 	unnamed TextStim: text = ''
1005.2251 	EXP 	unnamed TextStim: foreColor = 'white'
1005.2251 	EXP 	unnamed TextStim: text = 'Score: 450 pts'
1005.2251 	EXP 	unnamed TextStim: text = ''
1005.2251 	EXP 	TRIGGER 10 (choice_onset)
1005.6755 	EXP 	Device response: <KeyPress from None: t=1005.6744922499638, value=right, duration=None>
1005.6818 	DATA 	Keypress: right
1005.6918 	EXP 	TRIGGER 11 (choice_made)
1006.1250 	EXP 	TRIGGER 34 (anticipation)
1006.1253 	EXP 	Device response: <KeyPress from None: t=1005.6744922499638, value=right, duration=0.10830129100941122>
1006.8250 	EXP 	unnamed TextStim: height = np.float64(0.035)
1006.8250 	EXP 	unnamed TextStim: height = np.float64(0.035)
1006.8250 	EXP 	unnamed TextStim: height = np.float64(0.035)
1006.8250 	EXP 	unnamed TextStim: text = 'Score: 460 pts'
1006.8250 	EXP 	unnamed TextStim: text = ''
1006.8250 	EXP 	unnamed TextStim: text = '+10 Points'
1006.8250 	EXP 	unnamed TextStim: foreColor = [0.1, 0.8, 0.3]
1006.8250 	EXP 	unnamed ImageStim: ori = 1
1006.8250 	EXP 	unnamed ImageStim: image = '/Users/burgerks/Documents/GitHub/motivated_bandit/_task/stimuli/win/sweet/sweet_bandit_079.jpg'
1006.8250 	EXP 	unnamed ImageStim: ori = 1
1006.8250 	EXP 	unnamed ImageStim: image = '/Users/burgerks/Documents/GitHub/motivated_bandit/_task/stimuli/win/sweet/sweet_bandit_074.jpg'
1006.8250 	EXP 	unnamed ImageStim: ori = 3
1006.8250 	EXP 	unnamed ImageStim: image = '/Users/burgerks/Documents/GitHub/motivated_bandit/_task/stimuli/win/sweet/sweet_bandit_124.jpg'
1006.8250 	EXP 	unnamed ImageStim: ori = 0
1006.8250 	EXP 	unnamed ImageStim: image = '/Users/burgerks/Documents/GitHub/motivated_bandit/_task/stimuli/win/sweet/sweet_bandit_149.jpeg'
1006.8251 	EXP 	TRIGGER 20 (bandit_win)
1008.8583 	EXP 	unnamed TextStim: text = 'Bonus round!'
1008.8583 	EXP 	unnamed TextStim: foreColor = 'white'
1008.8583 	EXP 	TRIGGER 30 (bonus_intro)
1009.9416 	EXP 	unnamed TextStim: text = '+15 if fast'
1009.9416 	EXP 	unnamed ImageStim: image = '/Users/burgerks/Documents/GitHub/motivated_bandit/_task/stimuli/win/sweet/sweet_bandit_117.jpg'
1009.9417 	EXP 	TRIGGER 31 (cue_food)
1011.4749 	EXP 	TRIGGER 33 (fixation)
1013.3417 	EXP 	TRIGGER 35 (target)
1013.6019 	DATA 	Keypress: right
1013.6087 	EXP 	Device response: <KeyPress from None: t=1013.5989949158393, value=right, duration=None>
1013.6087 	EXP 	TRIGGER 36 (response)
1013.6250 	EXP 	TRIGGER 37 (bonus_feedback)
1013.6585 	EXP 	Device response: <KeyPress from None: t=1013.5989949158393, value=right, duration=0.05829833401367068>
1014.2583 	EXP 	unnamed Rect: fillColor = [0.85, 0.85, 0.85]
1014.2583 	EXP 	unnamed Rect: fillColor = [0.85, 0.85, 0.85]
1014.2583 	EXP 	unnamed Rect: fillColor = [0.85, 0.85, 0.85]
1014.2583 	EXP 	unnamed TextStim: text = ''
1014.2583 	EXP 	unnamed TextStim: foreColor = 'white'
1014.2583 	EXP 	unnamed TextStim: text = 'Score: 460 pts'
1014.2583 	EXP 	unnamed TextStim: text = ''
1014.2584 	EXP 	TRIGGER 10 (choice_onset)
1014.8477 	DATA 	Keypress: right
1014.8586 	EXP 	Device response: <KeyPress from None: t=1014.8429449577816, value=right, duration=None>
1014.8749 	EXP 	TRIGGER 11 (choice_made)
1015.3083 	EXP 	TRIGGER 34 (anticipation)
1015.3085 	EXP 	Device response: <KeyPress from None: t=1014.8429449577816, value=right, duration=0.12029658304527402>
1016.0583 	EXP 	unnamed TextStim: height = np.float64(0.035)
1016.0583 	EXP 	unnamed TextStim: height = np.float64(0.035)
1016.0583 	EXP 	unnamed TextStim: height = np.float64(0.035)
1016.0583 	EXP 	unnamed TextStim: text = 'Score: 470 pts'
1016.0583 	EXP 	unnamed TextStim: text = ''
1016.0583 	EXP 	unnamed TextStim: text = '+10 Points'
1016.0583 	EXP 	unnamed TextStim: foreColor = [0.1, 0.8, 0.3]
1016.0583 	EXP 	unnamed ImageStim: ori = -1
1016.0583 	EXP 	unnamed ImageStim: image = '/Users/burgerks/Documents/GitHub/motivated_bandit/_task/stimuli/win/sweet/sweet_bandit_024.jpg'
1016.0583 	EXP 	unnamed ImageStim: ori = 1
1016.0583 	EXP 	unnamed ImageStim: image = '/Users/burgerks/Documents/GitHub/motivated_bandit/_task/stimuli/win/sweet/sweet_bandit_022.jpg'
1016.0583 	EXP 	unnamed ImageStim: ori = 3
1016.0583 	EXP 	unnamed ImageStim: image = '/Users/burgerks/Documents/GitHub/motivated_bandit/_task/stimuli/win/sweet/sweet_bandit_158.jpg'
1016.0583 	EXP 	unnamed ImageStim: ori = 5
1016.0583 	EXP 	unnamed ImageStim: image = '/Users/burgerks/Documents/GitHub/motivated_bandit/_task/stimuli/win/sweet/sweet_bandit_079.jpg'
1016.0584 	EXP 	TRIGGER 20 (bandit_win)
1016.5178 	DATA 	Keypress: right
1016.5252 	EXP 	Device response: <KeyPress from None: t=1016.5148898749612, value=right, duration=None>
1016.6084 	EXP 	Device response: <KeyPress from None: t=1016.5148898749612, value=right, duration=0.08427099999971688>
1018.2416 	EXP 	unnamed Rect: fillColor = [0.85, 0.85, 0.85]
1018.2416 	EXP 	unnamed Rect: fillColor = [0.85, 0.85, 0.85]
1018.2416 	EXP 	unnamed Rect: fillColor = [0.85, 0.85, 0.85]
1018.2416 	EXP 	unnamed TextStim: text = ''
1018.2416 	EXP 	unnamed TextStim: foreColor = 'white'
1018.2416 	EXP 	unnamed TextStim: text = 'Score: 470 pts'
1018.2416 	EXP 	unnamed TextStim: text = ''
1018.2417 	EXP 	TRIGGER 10 (choice_onset)
1018.6877 	DATA 	Keypress: right
1018.6919 	EXP 	Device response: <KeyPress from None: t=1018.6848479998298, value=right, duration=None>
1018.7083 	EXP 	TRIGGER 11 (choice_made)
1019.1416 	EXP 	TRIGGER 34 (anticipation)
1019.1420 	EXP 	Device response: <KeyPress from None: t=1018.6848479998298, value=right, duration=0.1082928329706192>
1019.8916 	EXP 	unnamed TextStim: height = np.float64(0.035)
1019.8916 	EXP 	unnamed TextStim: height = np.float64(0.035)
1019.8916 	EXP 	unnamed TextStim: height = np.float64(0.035)
1019.8916 	EXP 	unnamed TextStim: text = 'Score: 480 pts'
1019.8916 	EXP 	unnamed TextStim: text = ''
1019.8916 	EXP 	unnamed TextStim: text = '+10 Points'
1019.8916 	EXP 	unnamed TextStim: foreColor = [0.1, 0.8, 0.3]
1019.8916 	EXP 	unnamed ImageStim: ori = -3
1019.8916 	EXP 	unnamed ImageStim: image = '/Users/burgerks/Documents/GitHub/motivated_bandit/_task/stimuli/win/sweet/sweet_bandit_119.jpg'
1019.8916 	EXP 	unnamed ImageStim: ori = 5
1019.8916 	EXP 	unnamed ImageStim: image = '/Users/burgerks/Documents/GitHub/motivated_bandit/_task/stimuli/win/sweet/sweet_bandit_067.jpg'
1019.8916 	EXP 	unnamed ImageStim: ori = 1
1019.8916 	EXP 	unnamed ImageStim: image = '/Users/burgerks/Documents/GitHub/motivated_bandit/_task/stimuli/win/sweet/sweet_bandit_090.jpg'
1019.8916 	EXP 	unnamed ImageStim: ori = -4
1019.8916 	EXP 	unnamed ImageStim: image = '/Users/burgerks/Documents/GitHub/motivated_bandit/_task/stimuli/win/sweet/sweet_bandit_124.jpg'
1019.8917 	EXP 	TRIGGER 20 (bandit_win)
1022.1249 	EXP 	unnamed TextStim: text = 'Bonus round!'
1022.1249 	EXP 	unnamed TextStim: foreColor = 'white'
1022.1249 	EXP 	TRIGGER 30 (bonus_intro)
1023.2249 	EXP 	unnamed TextStim: text = '+15 if fast'
1023.2249 	EXP 	unnamed ImageStim: image = '/Users/burgerks/Documents/GitHub/motivated_bandit/_task/stimuli/win/sweet/sweet_bandit_087.jpg'
1023.2249 	EXP 	TRIGGER 31 (cue_food)
1024.7416 	EXP 	TRIGGER 33 (fixation)
1026.5416 	EXP 	TRIGGER 35 (target)
1026.9230 	DATA 	Keypress: right
1026.9252 	EXP 	Device response: <KeyPress from None: t=1026.9200671659783, value=right, duration=None>
1026.9252 	EXP 	TRIGGER 36 (response)
1026.9415 	EXP 	TRIGGER 37 (bonus_feedback)
1027.0084 	EXP 	Device response: <KeyPress from None: t=1026.9200671659783, value=right, duration=0.07826020894572139>
1027.5748 	EXP 	unnamed Rect: fillColor = [0.85, 0.85, 0.85]
1027.5748 	EXP 	unnamed Rect: fillColor = [0.85, 0.85, 0.85]
1027.5748 	EXP 	unnamed Rect: fillColor = [0.85, 0.85, 0.85]
1027.5748 	EXP 	unnamed TextStim: text = ''
1027.5748 	EXP 	unnamed TextStim: foreColor = 'white'
1027.5748 	EXP 	unnamed TextStim: text = 'Score: 480 pts'
1027.5748 	EXP 	unnamed TextStim: text = ''
1027.5749 	EXP 	TRIGGER 10 (choice_onset)
1028.1367 	DATA 	Keypress: right
1028.1418 	EXP 	Device response: <KeyPress from None: t=1028.133999624988, value=right, duration=None>
1028.1581 	EXP 	TRIGGER 11 (choice_made)
1028.5749 	EXP 	TRIGGER 34 (anticipation)
1028.5752 	EXP 	Device response: <KeyPress from None: t=1028.133999624988, value=right, duration=0.12426845799200237>
1029.3749 	EXP 	unnamed TextStim: height = np.float64(0.035)
1029.3749 	EXP 	unnamed TextStim: height = np.float64(0.035)
1029.3749 	EXP 	unnamed TextStim: height = np.float64(0.035)
1029.3749 	EXP 	unnamed TextStim: text = 'Score: 490 pts'
1029.3749 	EXP 	unnamed TextStim: text = ''
1029.3749 	EXP 	unnamed TextStim: text = '+10 Points'
1029.3749 	EXP 	unnamed TextStim: foreColor = [0.1, 0.8, 0.3]
1029.3749 	EXP 	unnamed ImageStim: ori = 2
1029.3749 	EXP 	unnamed ImageStim: image = '/Users/burgerks/Documents/GitHub/motivated_bandit/_task/stimuli/win/sweet/sweet_bandit_067.jpg'
1029.3749 	EXP 	unnamed ImageStim: ori = -3
1029.3749 	EXP 	unnamed ImageStim: image = '/Users/burgerks/Documents/GitHub/motivated_bandit/_task/stimuli/win/sweet/sweet_bandit_022.jpg'
1029.3749 	EXP 	unnamed ImageStim: ori = 1
1029.3749 	EXP 	unnamed ImageStim: image = '/Users/burgerks/Documents/GitHub/motivated_bandit/_task/stimuli/win/sweet/sweet_bandit_019.jpg'
1029.3749 	EXP 	unnamed ImageStim: ori = -1
1029.3749 	EXP 	unnamed ImageStim: image = '/Users/burgerks/Documents/GitHub/motivated_bandit/_task/stimuli/win/sweet/sweet_bandit_017.jpg'
1029.3750 	EXP 	TRIGGER 20 (bandit_win)
1031.4415 	EXP 	unnamed Rect: fillColor = [0.85, 0.85, 0.85]
1031.4415 	EXP 	unnamed Rect: fillColor = [0.85, 0.85, 0.85]
1031.4415 	EXP 	unnamed Rect: fillColor = [0.85, 0.85, 0.85]
1031.4415 	EXP 	unnamed TextStim: text = ''
1031.4415 	EXP 	unnamed TextStim: foreColor = 'white'
1031.4415 	EXP 	unnamed TextStim: text = 'Score: 490 pts'
1031.4415 	EXP 	unnamed TextStim: text = ''
1031.4415 	EXP 	TRIGGER 10 (choice_onset)
1031.9707 	DATA 	Keypress: right
1031.9752 	EXP 	Device response: <KeyPress from None: t=1031.9678719157819, value=right, duration=None>
1031.9914 	EXP 	TRIGGER 11 (choice_made)
1032.4081 	EXP 	TRIGGER 34 (anticipation)
1032.4084 	EXP 	Device response: <KeyPress from None: t=1031.9678719157819, value=right, duration=0.1203265842050314>
1033.4416 	EXP 	unnamed TextStim: height = np.float64(0.035)
1033.4416 	EXP 	unnamed TextStim: height = np.float64(0.035)
1033.4416 	EXP 	unnamed TextStim: height = np.float64(0.035)
1033.4416 	EXP 	unnamed TextStim: text = 'Score: 500 pts'
1033.4416 	EXP 	unnamed TextStim: text = ''
1033.4416 	EXP 	unnamed TextStim: text = '+10 Points'
1033.4416 	EXP 	unnamed TextStim: foreColor = [0.1, 0.8, 0.3]
1033.4416 	EXP 	unnamed ImageStim: ori = -2
1033.4416 	EXP 	unnamed ImageStim: image = '/Users/burgerks/Documents/GitHub/motivated_bandit/_task/stimuli/win/sweet/sweet_bandit_008.jpg'
1033.4416 	EXP 	unnamed ImageStim: ori = -2
1033.4416 	EXP 	unnamed ImageStim: image = '/Users/burgerks/Documents/GitHub/motivated_bandit/_task/stimuli/win/sweet/sweet_bandit_074.jpg'
1033.4416 	EXP 	unnamed ImageStim: ori = -1
1033.4416 	EXP 	unnamed ImageStim: image = '/Users/burgerks/Documents/GitHub/motivated_bandit/_task/stimuli/win/sweet/sweet_bandit_098.jpg'
1033.4416 	EXP 	unnamed ImageStim: ori = 3
1033.4416 	EXP 	unnamed ImageStim: image = '/Users/burgerks/Documents/GitHub/motivated_bandit/_task/stimuli/win/sweet/sweet_bandit_111.jpg'
1033.4416 	EXP 	TRIGGER 20 (bandit_win)
1035.4081 	EXP 	unnamed TextStim: text = 'Bonus round!'
1035.4081 	EXP 	unnamed TextStim: foreColor = 'white'
1035.4081 	EXP 	TRIGGER 30 (bonus_intro)
1036.4916 	EXP 	unnamed TextStim: text = '+15 if fast'
1036.4916 	EXP 	unnamed ImageStim: image = '/Users/burgerks/Documents/GitHub/motivated_bandit/_task/stimuli/win/sweet/sweet_bandit_110.jpg'
1036.4916 	EXP 	TRIGGER 31 (cue_food)
1038.0248 	EXP 	TRIGGER 33 (fixation)
1039.4915 	EXP 	TRIGGER 35 (target)
1039.9556 	DATA 	Keypress: right
1039.9584 	EXP 	Device response: <KeyPress from None: t=1039.9527187498752, value=right, duration=None>
1039.9584 	EXP 	TRIGGER 36 (response)
1039.9747 	EXP 	TRIGGER 37 (bonus_feedback)
1040.0249 	EXP 	Device response: <KeyPress from None: t=1039.9527187498752, value=right, duration=0.07027812511660159>
1040.5915 	EXP 	unnamed Rect: fillColor = [0.85, 0.85, 0.85]
1040.5915 	EXP 	unnamed Rect: fillColor = [0.85, 0.85, 0.85]
1040.5915 	EXP 	unnamed Rect: fillColor = [0.85, 0.85, 0.85]
1040.5915 	EXP 	unnamed TextStim: text = ''
1040.5915 	EXP 	unnamed TextStim: foreColor = 'white'
1040.5915 	EXP 	unnamed TextStim: text = 'Score: 500 pts'
1040.5915 	EXP 	unnamed TextStim: text = ''
1040.5915 	EXP 	TRIGGER 10 (choice_onset)
1041.3544 	DATA 	Keypress: right
1041.3584 	EXP 	Device response: <KeyPress from None: t=1041.351647665957, value=right, duration=None>
1041.3747 	EXP 	TRIGGER 11 (choice_made)
1041.7914 	EXP 	TRIGGER 34 (anticipation)
1041.7917 	EXP 	Device response: <KeyPress from None: t=1041.351647665957, value=right, duration=0.10027987486682832>
1042.6415 	EXP 	unnamed TextStim: height = np.float64(0.035)
1042.6415 	EXP 	unnamed TextStim: height = np.float64(0.035)
1042.6415 	EXP 	unnamed TextStim: height = np.float64(0.035)
1042.6415 	EXP 	unnamed TextStim: text = 'Score: 510 pts'
1042.6415 	EXP 	unnamed TextStim: text = ''
1042.6415 	EXP 	unnamed TextStim: text = '+10 Points'
1042.6415 	EXP 	unnamed TextStim: foreColor = [0.1, 0.8, 0.3]
1042.6415 	EXP 	unnamed ImageStim: ori = -5
1042.6415 	EXP 	unnamed ImageStim: image = '/Users/burgerks/Documents/GitHub/motivated_bandit/_task/stimuli/win/sweet/sweet_bandit_098.jpg'
1042.6415 	EXP 	unnamed ImageStim: ori = 4
1042.6415 	EXP 	unnamed ImageStim: image = '/Users/burgerks/Documents/GitHub/motivated_bandit/_task/stimuli/win/sweet/sweet_bandit_067.jpg'
1042.6415 	EXP 	unnamed ImageStim: ori = -2
1042.6415 	EXP 	unnamed ImageStim: image = '/Users/burgerks/Documents/GitHub/motivated_bandit/_task/stimuli/win/sweet/sweet_bandit_130.jpg'
1042.6415 	EXP 	unnamed ImageStim: ori = 0
1042.6415 	EXP 	unnamed ImageStim: image = '/Users/burgerks/Documents/GitHub/motivated_bandit/_task/stimuli/win/sweet/sweet_bandit_073.jpg'
1042.6415 	EXP 	TRIGGER 20 (bandit_win)
1044.8248 	EXP 	unnamed Rect: fillColor = [0.85, 0.85, 0.85]
1044.8248 	EXP 	unnamed Rect: fillColor = [0.85, 0.85, 0.85]
1044.8248 	EXP 	unnamed Rect: fillColor = [0.85, 0.85, 0.85]
1044.8248 	EXP 	unnamed TextStim: text = ''
1044.8248 	EXP 	unnamed TextStim: foreColor = 'white'
1044.8248 	EXP 	unnamed TextStim: text = 'Score: 510 pts'
1044.8248 	EXP 	unnamed TextStim: text = ''
1044.8248 	EXP 	TRIGGER 10 (choice_onset)
1045.3665 	DATA 	Keypress: right
1045.3751 	EXP 	Device response: <KeyPress from None: t=1045.3635269999504, value=right, duration=None>
1045.3915 	EXP 	TRIGGER 11 (choice_made)
1045.8247 	EXP 	TRIGGER 34 (anticipation)
1045.8250 	EXP 	Device response: <KeyPress from None: t=1045.3635269999504, value=right, duration=0.17230712505988777>
1046.4748 	EXP 	unnamed TextStim: height = np.float64(0.035)
1046.4748 	EXP 	unnamed TextStim: height = np.float64(0.035)
1046.4748 	EXP 	unnamed TextStim: height = np.float64(0.035)
1046.4748 	EXP 	unnamed TextStim: text = 'Score: 520 pts'
1046.4748 	EXP 	unnamed TextStim: text = ''
1046.4748 	EXP 	unnamed TextStim: text = '+10 Points'
1046.4748 	EXP 	unnamed TextStim: foreColor = [0.1, 0.8, 0.3]
1046.4748 	EXP 	unnamed ImageStim: ori = -2
1046.4748 	EXP 	unnamed ImageStim: image = '/Users/burgerks/Documents/GitHub/motivated_bandit/_task/stimuli/win/sweet/sweet_bandit_008.jpg'
1046.4748 	EXP 	unnamed ImageStim: ori = -2
1046.4748 	EXP 	unnamed ImageStim: image = '/Users/burgerks/Documents/GitHub/motivated_bandit/_task/stimuli/win/sweet/sweet_bandit_107.jpg'
1046.4748 	EXP 	unnamed ImageStim: ori = -4
1046.4748 	EXP 	unnamed ImageStim: image = '/Users/burgerks/Documents/GitHub/motivated_bandit/_task/stimuli/win/sweet/sweet_bandit_055.jpg'
1046.4748 	EXP 	unnamed ImageStim: ori = -5
1046.4748 	EXP 	unnamed ImageStim: image = '/Users/burgerks/Documents/GitHub/motivated_bandit/_task/stimuli/win/sweet/sweet_bandit_024.jpg'
1046.4748 	EXP 	TRIGGER 20 (bandit_win)
1048.6248 	EXP 	unnamed TextStim: text = 'Bonus round!'
1048.6248 	EXP 	unnamed TextStim: foreColor = 'white'
1048.6248 	EXP 	TRIGGER 30 (bonus_intro)
1049.7080 	EXP 	unnamed TextStim: text = '+15 if fast'
1049.7080 	EXP 	unnamed ImageStim: image = '/Users/burgerks/Documents/GitHub/motivated_bandit/_task/stimuli/neutral/bandit_024.jpg'
1049.7081 	EXP 	TRIGGER 32 (cue_neutral)
1051.2413 	EXP 	TRIGGER 33 (fixation)
1052.7914 	EXP 	TRIGGER 35 (target)
1053.0561 	DATA 	Keypress: right
1053.0584 	EXP 	Device response: <KeyPress from None: t=1053.0529738748446, value=right, duration=None>
1053.0584 	EXP 	TRIGGER 36 (response)
1053.0747 	EXP 	TRIGGER 37 (bonus_feedback)
1053.1582 	EXP 	Device response: <KeyPress from None: t=1053.0529738748446, value=right, duration=0.09428979107178748>
1053.7080 	EXP 	unnamed Rect: fillColor = [0.85, 0.85, 0.85]
1053.7080 	EXP 	unnamed Rect: fillColor = [0.85, 0.85, 0.85]
1053.7080 	EXP 	unnamed Rect: fillColor = [0.85, 0.85, 0.85]
1053.7080 	EXP 	unnamed TextStim: text = ''
1053.7080 	EXP 	unnamed TextStim: foreColor = 'white'
1053.7080 	EXP 	unnamed TextStim: text = 'Score: 520 pts'
1053.7080 	EXP 	unnamed TextStim: text = ''
1053.7081 	EXP 	TRIGGER 10 (choice_onset)
1054.2317 	DATA 	Keypress: right
1054.2417 	EXP 	Device response: <KeyPress from None: t=1054.2288784577977, value=right, duration=None>
1054.2580 	EXP 	TRIGGER 11 (choice_made)
1054.6913 	EXP 	TRIGGER 34 (anticipation)
1054.6916 	EXP 	Device response: <KeyPress from None: t=1054.2288784577977, value=right, duration=0.10834750020876527>
1055.6747 	EXP 	unnamed TextStim: height = np.float64(0.035)
1055.6747 	EXP 	unnamed TextStim: height = np.float64(0.035)
1055.6747 	EXP 	unnamed TextStim: height = np.float64(0.035)
1055.6747 	EXP 	unnamed TextStim: text = 'Score: 530 pts'
1055.6747 	EXP 	unnamed TextStim: text = ''
1055.6747 	EXP 	unnamed TextStim: text = '+10 Points'
1055.6747 	EXP 	unnamed TextStim: foreColor = [0.1, 0.8, 0.3]
1055.6747 	EXP 	unnamed ImageStim: ori = -2
1055.6747 	EXP 	unnamed ImageStim: image = '/Users/burgerks/Documents/GitHub/motivated_bandit/_task/stimuli/win/sweet/sweet_bandit_152.jpg'
1055.6747 	EXP 	unnamed ImageStim: ori = -2
1055.6747 	EXP 	unnamed ImageStim: image = '/Users/burgerks/Documents/GitHub/motivated_bandit/_task/stimuli/win/sweet/sweet_bandit_130.jpg'
1055.6747 	EXP 	unnamed ImageStim: ori = 5
1055.6747 	EXP 	unnamed ImageStim: image = '/Users/burgerks/Documents/GitHub/motivated_bandit/_task/stimuli/win/sweet/sweet_bandit_003.jpg'
1055.6747 	EXP 	unnamed ImageStim: ori = 1
1055.6747 	EXP 	unnamed ImageStim: image = '/Users/burgerks/Documents/GitHub/motivated_bandit/_task/stimuli/win/sweet/sweet_bandit_166.jpg'
1055.6747 	EXP 	TRIGGER 20 (bandit_win)
1057.6580 	EXP 	unnamed Rect: fillColor = [0.85, 0.85, 0.85]
1057.6580 	EXP 	unnamed Rect: fillColor = [0.85, 0.85, 0.85]
1057.6580 	EXP 	unnamed Rect: fillColor = [0.85, 0.85, 0.85]
1057.6580 	EXP 	unnamed TextStim: text = ''
1057.6580 	EXP 	unnamed TextStim: foreColor = 'white'
1057.6580 	EXP 	unnamed TextStim: text = 'Score: 530 pts'
1057.6580 	EXP 	unnamed TextStim: text = ''
1057.6580 	EXP 	TRIGGER 10 (choice_onset)
1058.1416 	EXP 	Device response: <KeyPress from None: t=1058.138786957832, value=right, duration=None>
1058.1466 	DATA 	Keypress: right
1058.1580 	EXP 	TRIGGER 11 (choice_made)
1058.5913 	EXP 	TRIGGER 34 (anticipation)
1058.5916 	EXP 	Device response: <KeyPress from None: t=1058.138786957832, value=right, duration=0.11232912517152727>
1059.5413 	EXP 	unnamed TextStim: height = np.float64(0.035)
1059.5413 	EXP 	unnamed TextStim: height = np.float64(0.035)
1059.5413 	EXP 	unnamed TextStim: height = np.float64(0.035)
1059.5413 	EXP 	unnamed TextStim: text = 'Score: 540 pts'
1059.5413 	EXP 	unnamed TextStim: text = ''
1059.5413 	EXP 	unnamed TextStim: text = '+10 Points'
1059.5413 	EXP 	unnamed TextStim: foreColor = [0.1, 0.8, 0.3]
1059.5413 	EXP 	unnamed ImageStim: ori = 5
1059.5413 	EXP 	unnamed ImageStim: image = '/Users/burgerks/Documents/GitHub/motivated_bandit/_task/stimuli/win/sweet/sweet_bandit_127.jpg'
1059.5413 	EXP 	unnamed ImageStim: ori = 3
1059.5413 	EXP 	unnamed ImageStim: image = '/Users/burgerks/Documents/GitHub/motivated_bandit/_task/stimuli/win/sweet/sweet_bandit_115.jpg'
1059.5413 	EXP 	unnamed ImageStim: ori = 2
1059.5413 	EXP 	unnamed ImageStim: image = '/Users/burgerks/Documents/GitHub/motivated_bandit/_task/stimuli/win/sweet/sweet_bandit_074.jpg'
1059.5413 	EXP 	unnamed ImageStim: ori = -2
1059.5413 	EXP 	unnamed ImageStim: image = '/Users/burgerks/Documents/GitHub/motivated_bandit/_task/stimuli/win/sweet/sweet_bandit_162.jpg'
1059.5414 	EXP 	TRIGGER 20 (bandit_win)
1061.6080 	EXP 	unnamed TextStim: text = 'Bonus round!'
1061.6080 	EXP 	unnamed TextStim: foreColor = 'white'
1061.6080 	EXP 	TRIGGER 30 (bonus_intro)
1062.7079 	EXP 	unnamed TextStim: text = '+15 if fast'
1062.7079 	EXP 	unnamed ImageStim: image = '/Users/burgerks/Documents/GitHub/motivated_bandit/_task/stimuli/neutral/bandit_020.jpg'
1062.7079 	EXP 	TRIGGER 32 (cue_neutral)
1064.2247 	EXP 	TRIGGER 33 (fixation)
1065.6080 	EXP 	TRIGGER 35 (target)
1065.9165 	DATA 	Keypress: right
1065.9250 	EXP 	Device response: <KeyPress from None: t=1065.9136096248403, value=right, duration=None>
1065.9250 	EXP 	TRIGGER 36 (response)
1065.9413 	EXP 	TRIGGER 37 (bonus_feedback)
1066.0248 	EXP 	Device response: <KeyPress from None: t=1065.9136096248403, value=right, duration=0.10233829100616276>
1066.5745 	EXP 	unnamed Rect: fillColor = [0.85, 0.85, 0.85]
1066.5745 	EXP 	unnamed Rect: fillColor = [0.85, 0.85, 0.85]
1066.5745 	EXP 	unnamed Rect: fillColor = [0.85, 0.85, 0.85]
1066.5745 	EXP 	unnamed TextStim: text = ''
1066.5745 	EXP 	unnamed TextStim: foreColor = 'white'
1066.5745 	EXP 	unnamed TextStim: text = 'Score: 540 pts'
1066.5745 	EXP 	unnamed TextStim: text = ''
1066.5745 	EXP 	TRIGGER 10 (choice_onset)
1067.2485 	DATA 	Keypress: right
1067.2582 	EXP 	Device response: <KeyPress from None: t=1067.2456087910105, value=right, duration=None>
1067.2745 	EXP 	TRIGGER 11 (choice_made)
1067.6913 	EXP 	TRIGGER 34 (anticipation)
1067.6916 	EXP 	Device response: <KeyPress from None: t=1067.2456087910105, value=right, duration=0.11228829179890454>
1068.1913 	EXP 	unnamed TextStim: height = np.float64(0.035)
1068.1913 	EXP 	unnamed TextStim: height = np.float64(0.035)
1068.1913 	EXP 	unnamed TextStim: height = np.float64(0.035)
1068.1913 	EXP 	unnamed TextStim: text = 'Score: 530 pts'
1068.1913 	EXP 	unnamed TextStim: text = ''
1068.1913 	EXP 	unnamed TextStim: height = np.float64(0.1)
1068.1913 	EXP 	unnamed TextStim: height = np.float64(0.1)
1068.1913 	EXP 	unnamed TextStim: height = np.float64(0.1)
1068.1913 	EXP 	unnamed TextStim: text = '-10 Points'
1068.1913 	EXP 	unnamed TextStim: foreColor = [0.9, 0.2, 0.2]
1068.1913 	EXP 	unnamed ImageStim: ori = -0.5
1068.1913 	EXP 	unnamed ImageStim: image = '/Users/burgerks/Documents/GitHub/motivated_bandit/_task/stimuli/loss/lose_pic.png'
1068.1914 	EXP 	TRIGGER 21 (bandit_loss)
1070.3579 	EXP 	unnamed Rect: fillColor = [0.85, 0.85, 0.85]
1070.3579 	EXP 	unnamed Rect: fillColor = [0.85, 0.85, 0.85]
1070.3579 	EXP 	unnamed Rect: fillColor = [0.85, 0.85, 0.85]
1070.3579 	EXP 	unnamed TextStim: text = ''
1070.3579 	EXP 	unnamed TextStim: foreColor = 'white'
1070.3579 	EXP 	unnamed TextStim: text = 'Score: 530 pts'
1070.3579 	EXP 	unnamed TextStim: text = ''
1070.3579 	EXP 	TRIGGER 10 (choice_onset)
1071.0163 	DATA 	Keypress: down
1071.0249 	EXP 	Device response: <KeyPress from None: t=1071.0134931658395, value=down, duration=None>
1071.0412 	EXP 	TRIGGER 11 (choice_made)
1071.4580 	EXP 	TRIGGER 34 (anticipation)
1071.4582 	EXP 	Device response: <KeyPress from None: t=1071.0134931658395, value=down, duration=0.10432100016623735>
1072.1413 	EXP 	unnamed TextStim: height = np.float64(0.035)
1072.1413 	EXP 	unnamed TextStim: height = np.float64(0.035)
1072.1413 	EXP 	unnamed TextStim: height = np.float64(0.035)
1072.1413 	EXP 	unnamed TextStim: text = 'Score: 540 pts'
1072.1413 	EXP 	unnamed TextStim: text = ''
1072.1413 	EXP 	unnamed TextStim: height = np.float64(0.1)
1072.1413 	EXP 	unnamed TextStim: height = np.float64(0.1)
1072.1413 	EXP 	unnamed TextStim: height = np.float64(0.1)
1072.1413 	EXP 	unnamed TextStim: text = '+10 Points'
1072.1413 	EXP 	unnamed TextStim: foreColor = [0.1, 0.8, 0.3]
1072.1413 	EXP 	unnamed ImageStim: ori = -2
1072.1413 	EXP 	unnamed ImageStim: image = '/Users/burgerks/Documents/GitHub/motivated_bandit/_task/stimuli/win/sweet/sweet_bandit_135.jpg'
1072.1413 	EXP 	unnamed ImageStim: ori = 3
1072.1413 	EXP 	unnamed ImageStim: image = '/Users/burgerks/Documents/GitHub/motivated_bandit/_task/stimuli/win/sweet/sweet_bandit_061.jpg'
1072.1413 	EXP 	unnamed ImageStim: ori = 0
1072.1413 	EXP 	unnamed ImageStim: image = '/Users/burgerks/Documents/GitHub/motivated_bandit/_task/stimuli/win/sweet/sweet_bandit_115.jpg'
1072.1413 	EXP 	unnamed ImageStim: ori = -1
1072.1413 	EXP 	unnamed ImageStim: image = '/Users/burgerks/Documents/GitHub/motivated_bandit/_task/stimuli/win/sweet/sweet_bandit_091.jpg'
1072.1414 	EXP 	TRIGGER 20 (bandit_win)
1074.3412 	EXP 	unnamed TextStim: text = 'Bonus round!'
1074.3412 	EXP 	unnamed TextStim: foreColor = 'white'
1074.3412 	EXP 	TRIGGER 30 (bonus_intro)
1074.8543 	DATA 	Keypress: down
1074.8582 	EXP 	Device response: <KeyPress from None: t=1074.8514055409469, value=down, duration=None>
1075.0080 	EXP 	Device response: <KeyPress from None: t=1074.8514055409469, value=down, duration=0.14427200006321073>
1075.4246 	EXP 	unnamed TextStim: text = '+15 if fast'
1075.4246 	EXP 	unnamed ImageStim: image = '/Users/burgerks/Documents/GitHub/motivated_bandit/_task/stimuli/neutral/bandit_010.jpg'
1075.4247 	EXP 	TRIGGER 32 (cue_neutral)
1076.9579 	EXP 	TRIGGER 33 (fixation)
1078.6411 	EXP 	TRIGGER 35 (target)
1079.1250 	EXP 	Device response: <KeyPress from None: t=1079.1233707079664, value=down, duration=None>
1079.1250 	EXP 	TRIGGER 36 (response)
1079.1304 	DATA 	Keypress: down
1079.1413 	EXP 	TRIGGER 37 (bonus_feedback)
1079.2248 	EXP 	Device response: <KeyPress from None: t=1079.1233707079664, value=down, duration=0.08577966690063477>
1079.7746 	EXP 	unnamed Rect: fillColor = [0.85, 0.85, 0.85]
1079.7746 	EXP 	unnamed Rect: fillColor = [0.85, 0.85, 0.85]
1079.7746 	EXP 	unnamed Rect: fillColor = [0.85, 0.85, 0.85]
1079.7746 	EXP 	unnamed TextStim: text = ''
1079.7746 	EXP 	unnamed TextStim: foreColor = 'white'
1079.7746 	EXP 	unnamed TextStim: text = 'Score: 540 pts'
1079.7746 	EXP 	unnamed TextStim: text = ''
1079.7746 	EXP 	TRIGGER 10 (choice_onset)
1080.3309 	DATA 	Keypress: down
1080.3416 	EXP 	Device response: <KeyPress from None: t=1080.3277779580094, value=down, duration=None>
1080.3579 	EXP 	TRIGGER 11 (choice_made)
1080.7912 	EXP 	TRIGGER 34 (anticipation)
1080.7915 	EXP 	Device response: <KeyPress from None: t=1080.3277779580094, value=down, duration=0.0963172079063952>
1081.3245 	EXP 	unnamed TextStim: height = np.float64(0.035)
1081.3245 	EXP 	unnamed TextStim: height = np.float64(0.035)
1081.3245 	EXP 	unnamed TextStim: height = np.float64(0.035)
1081.3245 	EXP 	unnamed TextStim: text = 'Score: 530 pts'
1081.3245 	EXP 	unnamed TextStim: text = ''
1081.3245 	EXP 	unnamed TextStim: height = np.float64(0.1)
1081.3245 	EXP 	unnamed TextStim: height = np.float64(0.1)
1081.3245 	EXP 	unnamed TextStim: height = np.float64(0.1)
1081.3245 	EXP 	unnamed TextStim: text = '-10 Points'
1081.3245 	EXP 	unnamed TextStim: foreColor = [0.9, 0.2, 0.2]
1081.3245 	EXP 	unnamed ImageStim: ori = 0.25
1081.3245 	EXP 	unnamed ImageStim: image = '/Users/burgerks/Documents/GitHub/motivated_bandit/_task/stimuli/loss/lose_pic.png'
1081.3246 	EXP 	TRIGGER 21 (bandit_loss)
1083.5078 	EXP 	unnamed Rect: fillColor = [0.85, 0.85, 0.85]
1083.5078 	EXP 	unnamed Rect: fillColor = [0.85, 0.85, 0.85]
1083.5078 	EXP 	unnamed Rect: fillColor = [0.85, 0.85, 0.85]
1083.5078 	EXP 	unnamed TextStim: text = ''
1083.5078 	EXP 	unnamed TextStim: foreColor = 'white'
1083.5078 	EXP 	unnamed TextStim: text = 'Score: 530 pts'
1083.5078 	EXP 	unnamed TextStim: text = ''
1083.5078 	EXP 	TRIGGER 10 (choice_onset)
1084.1546 	DATA 	Keypress: down
1084.1582 	EXP 	Device response: <KeyPress from None: t=1084.1517119579948, value=down, duration=None>
1084.1746 	EXP 	TRIGGER 11 (choice_made)
1084.6078 	EXP 	TRIGGER 34 (anticipation)
1084.6081 	EXP 	Device response: <KeyPress from None: t=1084.1517119579948, value=down, duration=0.11627770797349513>
1085.2578 	EXP 	unnamed TextStim: height = np.float64(0.035)
1085.2578 	EXP 	unnamed TextStim: height = np.float64(0.035)
1085.2578 	EXP 	unnamed TextStim: height = np.float64(0.035)
1085.2578 	EXP 	unnamed TextStim: text = 'Score: 520 pts'
1085.2578 	EXP 	unnamed TextStim: text = ''
1085.2578 	EXP 	unnamed TextStim: text = '-10 Points'
1085.2578 	EXP 	unnamed TextStim: foreColor = [0.9, 0.2, 0.2]
1085.2578 	EXP 	unnamed ImageStim: ori = -1.25
1085.2578 	EXP 	unnamed ImageStim: image = '/Users/burgerks/Documents/GitHub/motivated_bandit/_task/stimuli/loss/lose_pic.png'
1085.2579 	EXP 	TRIGGER 21 (bandit_loss)
1087.3578 	EXP 	unnamed TextStim: text = 'Bonus round!'
1087.3578 	EXP 	unnamed TextStim: foreColor = 'white'
1087.3579 	EXP 	TRIGGER 30 (bonus_intro)
1088.4578 	EXP 	unnamed TextStim: text = '+15 if fast'
1088.4578 	EXP 	unnamed ImageStim: image = '/Users/burgerks/Documents/GitHub/motivated_bandit/_task/stimuli/win/sweet/sweet_bandit_120.jpg'
1088.4579 	EXP 	TRIGGER 31 (cue_food)
1089.9911 	EXP 	TRIGGER 33 (fixation)
1091.9078 	EXP 	TRIGGER 35 (target)
1092.1889 	DATA 	Keypress: right
1092.1915 	EXP 	Device response: <KeyPress from None: t=1092.186034457991, value=right, duration=None>
1092.1915 	EXP 	TRIGGER 36 (response)
1092.2078 	EXP 	TRIGGER 37 (bonus_feedback)
1092.2747 	EXP 	Device response: <KeyPress from None: t=1092.186034457991, value=right, duration=0.07830883283168077>
1092.8411 	EXP 	unnamed Rect: fillColor = [0.85, 0.85, 0.85]
1092.8411 	EXP 	unnamed Rect: fillColor = [0.85, 0.85, 0.85]
1092.8411 	EXP 	unnamed Rect: fillColor = [0.85, 0.85, 0.85]
1092.8411 	EXP 	unnamed TextStim: text = ''
1092.8411 	EXP 	unnamed TextStim: foreColor = 'white'
1092.8411 	EXP 	unnamed TextStim: text = 'Score: 520 pts'
1092.8411 	EXP 	unnamed TextStim: text = ''
1092.8412 	EXP 	TRIGGER 10 (choice_onset)
1093.3977 	DATA 	Keypress: right
1093.4080 	EXP 	Device response: <KeyPress from None: t=1093.3929795830045, value=right, duration=None>
1093.4244 	EXP 	TRIGGER 11 (choice_made)
1093.8577 	EXP 	TRIGGER 34 (anticipation)
1093.8580 	EXP 	Device response: <KeyPress from None: t=1093.3929795830045, value=right, duration=0.0923268748447299>
1094.6577 	EXP 	unnamed TextStim: height = np.float64(0.035)
1094.6577 	EXP 	unnamed TextStim: height = np.float64(0.035)
1094.6577 	EXP 	unnamed TextStim: height = np.float64(0.035)
1094.6577 	EXP 	unnamed TextStim: text = 'Score: 530 pts'
1094.6577 	EXP 	unnamed TextStim: text = ''
1094.6577 	EXP 	unnamed TextStim: height = np.float64(0.1)
1094.6577 	EXP 	unnamed TextStim: height = np.float64(0.1)
1094.6577 	EXP 	unnamed TextStim: height = np.float64(0.1)
1094.6577 	EXP 	unnamed TextStim: text = '+10 Points'
1094.6577 	EXP 	unnamed TextStim: foreColor = [0.1, 0.8, 0.3]
1094.6577 	EXP 	unnamed ImageStim: ori = 2
1094.6577 	EXP 	unnamed ImageStim: image = '/Users/burgerks/Documents/GitHub/motivated_bandit/_task/stimuli/win/sweet/sweet_bandit_003.jpg'
1094.6577 	EXP 	unnamed ImageStim: ori = 1
1094.6577 	EXP 	unnamed ImageStim: image = '/Users/burgerks/Documents/GitHub/motivated_bandit/_task/stimuli/win/sweet/sweet_bandit_059.jpg'
1094.6577 	EXP 	unnamed ImageStim: ori = 3
1094.6577 	EXP 	unnamed ImageStim: image = '/Users/burgerks/Documents/GitHub/motivated_bandit/_task/stimuli/win/sweet/sweet_bandit_113.jpg'
1094.6577 	EXP 	unnamed ImageStim: ori = 4
1094.6577 	EXP 	unnamed ImageStim: image = '/Users/burgerks/Documents/GitHub/motivated_bandit/_task/stimuli/win/sweet/sweet_bandit_065.jpg'
1094.6580 	EXP 	TRIGGER 20 (bandit_win)
1096.7244 	EXP 	unnamed Rect: fillColor = [0.85, 0.85, 0.85]
1096.7244 	EXP 	unnamed Rect: fillColor = [0.85, 0.85, 0.85]
1096.7244 	EXP 	unnamed Rect: fillColor = [0.85, 0.85, 0.85]
1096.7244 	EXP 	unnamed TextStim: text = ''
1096.7244 	EXP 	unnamed TextStim: foreColor = 'white'
1096.7244 	EXP 	unnamed TextStim: text = 'Score: 530 pts'
1096.7244 	EXP 	unnamed TextStim: text = ''
1096.7244 	EXP 	TRIGGER 10 (choice_onset)
1097.1808 	DATA 	Keypress: right
1097.1914 	EXP 	Device response: <KeyPress from None: t=1097.1768522909842, value=right, duration=None>
1097.2077 	EXP 	TRIGGER 11 (choice_made)
1097.6410 	EXP 	TRIGGER 34 (anticipation)
1097.6413 	EXP 	Device response: <KeyPress from None: t=1097.1768522909842, value=right, duration=0.11633170885033906>
1098.6077 	EXP 	unnamed TextStim: height = np.float64(0.035)
1098.6077 	EXP 	unnamed TextStim: height = np.float64(0.035)
1098.6077 	EXP 	unnamed TextStim: height = np.float64(0.035)
1098.6077 	EXP 	unnamed TextStim: text = 'Score: 540 pts'
1098.6077 	EXP 	unnamed TextStim: text = ''
1098.6077 	EXP 	unnamed TextStim: text = '+10 Points'
1098.6077 	EXP 	unnamed TextStim: foreColor = [0.1, 0.8, 0.3]
1098.6077 	EXP 	unnamed ImageStim: ori = -3
1098.6077 	EXP 	unnamed ImageStim: image = '/Users/burgerks/Documents/GitHub/motivated_bandit/_task/stimuli/win/sweet/sweet_bandit_160.jpg'
1098.6077 	EXP 	unnamed ImageStim: ori = -2
1098.6077 	EXP 	unnamed ImageStim: image = '/Users/burgerks/Documents/GitHub/motivated_bandit/_task/stimuli/win/sweet/sweet_bandit_107.jpg'
1098.6077 	EXP 	unnamed ImageStim: ori = 0
1098.6077 	EXP 	unnamed ImageStim: image = '/Users/burgerks/Documents/GitHub/motivated_bandit/_task/stimuli/win/sweet/sweet_bandit_162.jpg'
1098.6077 	EXP 	unnamed ImageStim: ori = 3
1098.6077 	EXP 	unnamed ImageStim: image = '/Users/burgerks/Documents/GitHub/motivated_bandit/_task/stimuli/win/sweet/sweet_bandit_077.jpg'
1098.6078 	EXP 	TRIGGER 20 (bandit_win)
1100.7577 	EXP 	unnamed TextStim: text = 'Bonus round!'
1100.7577 	EXP 	unnamed TextStim: foreColor = 'white'
1100.7577 	EXP 	TRIGGER 30 (bonus_intro)
1101.8410 	EXP 	unnamed TextStim: text = '+15 if fast'
1101.8410 	EXP 	unnamed ImageStim: image = '/Users/burgerks/Documents/GitHub/motivated_bandit/_task/stimuli/neutral/bandit_003.jpg'
1101.8411 	EXP 	TRIGGER 32 (cue_neutral)
1103.3578 	EXP 	TRIGGER 33 (fixation)
1104.9910 	EXP 	TRIGGER 35 (target)
1105.3413 	EXP 	Device response: <KeyPress from None: t=1105.3392004577909, value=right, duration=None>
1105.3413 	EXP 	TRIGGER 36 (response)
1105.3458 	DATA 	Keypress: right
1105.3577 	EXP 	TRIGGER 37 (bonus_feedback)
1105.4246 	EXP 	Device response: <KeyPress from None: t=1105.3392004577909, value=right, duration=0.07825837517157197>
1105.9910 	EXP 	unnamed Rect: fillColor = [0.85, 0.85, 0.85]
1105.9910 	EXP 	unnamed Rect: fillColor = [0.85, 0.85, 0.85]
1105.9910 	EXP 	unnamed Rect: fillColor = [0.85, 0.85, 0.85]
1105.9910 	EXP 	unnamed TextStim: text = ''
1105.9910 	EXP 	unnamed TextStim: foreColor = 'white'
1105.9910 	EXP 	unnamed TextStim: text = 'Score: 540 pts'
1105.9910 	EXP 	unnamed TextStim: text = ''
1105.9910 	EXP 	TRIGGER 10 (choice_onset)
1106.6359 	DATA 	Keypress: right
1106.6414 	EXP 	Device response: <KeyPress from None: t=1106.6331209579948, value=right, duration=None>
1106.6577 	EXP 	TRIGGER 11 (choice_made)
1107.0744 	EXP 	TRIGGER 34 (anticipation)
1107.0746 	EXP 	Device response: <KeyPress from None: t=1106.6331209579948, value=right, duration=0.08830399997532368>
1107.8577 	EXP 	unnamed TextStim: height = np.float64(0.035)
1107.8577 	EXP 	unnamed TextStim: height = np.float64(0.035)
1107.8577 	EXP 	unnamed TextStim: height = np.float64(0.035)
1107.8577 	EXP 	unnamed TextStim: text = 'Score: 550 pts'
1107.8577 	EXP 	unnamed TextStim: text = ''
1107.8577 	EXP 	unnamed TextStim: text = '+10 Points'
1107.8577 	EXP 	unnamed TextStim: foreColor = [0.1, 0.8, 0.3]
1107.8577 	EXP 	unnamed ImageStim: ori = 0
1107.8577 	EXP 	unnamed ImageStim: image = '/Users/burgerks/Documents/GitHub/motivated_bandit/_task/stimuli/win/sweet/sweet_bandit_161.jpg'
1107.8577 	EXP 	unnamed ImageStim: ori = 2
1107.8577 	EXP 	unnamed ImageStim: image = '/Users/burgerks/Documents/GitHub/motivated_bandit/_task/stimuli/win/sweet/sweet_bandit_010.jpg'
1107.8577 	EXP 	unnamed ImageStim: ori = 4
1107.8577 	EXP 	unnamed ImageStim: image = '/Users/burgerks/Documents/GitHub/motivated_bandit/_task/stimuli/win/sweet/sweet_bandit_166.jpg'
1107.8577 	EXP 	unnamed ImageStim: ori = -1
1107.8577 	EXP 	unnamed ImageStim: image = '/Users/burgerks/Documents/GitHub/motivated_bandit/_task/stimuli/win/sweet/sweet_bandit_102.jpg'
1107.8578 	EXP 	TRIGGER 20 (bandit_win)
1109.9409 	EXP 	unnamed Rect: fillColor = [0.85, 0.85, 0.85]
1109.9409 	EXP 	unnamed Rect: fillColor = [0.85, 0.85, 0.85]
1109.9409 	EXP 	unnamed Rect: fillColor = [0.85, 0.85, 0.85]
1109.9409 	EXP 	unnamed TextStim: text = ''
1109.9409 	EXP 	unnamed TextStim: foreColor = 'white'
1109.9409 	EXP 	unnamed TextStim: text = 'Score: 550 pts'
1109.9409 	EXP 	unnamed TextStim: text = ''
1109.9410 	EXP 	TRIGGER 10 (choice_onset)
1110.4296 	DATA 	Keypress: right
1110.4414 	EXP 	Device response: <KeyPress from None: t=1110.4259733329527, value=right, duration=None>
1110.4577 	EXP 	TRIGGER 11 (choice_made)
1110.8910 	EXP 	TRIGGER 34 (anticipation)
1110.8913 	EXP 	Device response: <KeyPress from None: t=1110.4259733329527, value=right, duration=0.10832554195076227>
1111.5911 	EXP 	unnamed TextStim: height = np.float64(0.035)
1111.5911 	EXP 	unnamed TextStim: height = np.float64(0.035)
1111.5911 	EXP 	unnamed TextStim: height = np.float64(0.035)
1111.5911 	EXP 	unnamed TextStim: text = 'Score: 560 pts'
1111.5911 	EXP 	unnamed TextStim: text = ''
1111.5911 	EXP 	unnamed TextStim: text = '+10 Points'
1111.5911 	EXP 	unnamed TextStim: foreColor = [0.1, 0.8, 0.3]
1111.5911 	EXP 	unnamed ImageStim: ori = -5
1111.5911 	EXP 	unnamed ImageStim: image = '/Users/burgerks/Documents/GitHub/motivated_bandit/_task/stimuli/win/sweet/sweet_bandit_155.jpg'
1111.5911 	EXP 	unnamed ImageStim: ori = -5
1111.5911 	EXP 	unnamed ImageStim: image = '/Users/burgerks/Documents/GitHub/motivated_bandit/_task/stimuli/win/sweet/sweet_bandit_048.jpg'
1111.5911 	EXP 	unnamed ImageStim: ori = 3
1111.5911 	EXP 	unnamed ImageStim: image = '/Users/burgerks/Documents/GitHub/motivated_bandit/_task/stimuli/win/sweet/sweet_bandit_134.jpg'
1111.5911 	EXP 	unnamed ImageStim: ori = 3
1111.5911 	EXP 	unnamed ImageStim: image = '/Users/burgerks/Documents/GitHub/motivated_bandit/_task/stimuli/win/sweet/sweet_bandit_010.jpg'
1111.5911 	EXP 	TRIGGER 20 (bandit_win)
1113.7076 	EXP 	unnamed TextStim: text = 'Bonus round!'
1113.7076 	EXP 	unnamed TextStim: foreColor = 'white'
1113.7076 	EXP 	TRIGGER 30 (bonus_intro)
1114.7910 	EXP 	unnamed TextStim: text = '+15 if fast'
1114.7910 	EXP 	unnamed ImageStim: image = '/Users/burgerks/Documents/GitHub/motivated_bandit/_task/stimuli/win/sweet/sweet_bandit_081.jpg'
1114.7911 	EXP 	TRIGGER 31 (cue_food)
1116.3243 	EXP 	TRIGGER 33 (fixation)
1117.9575 	EXP 	TRIGGER 35 (target)
1118.2882 	DATA 	Keypress: down
1118.2914 	EXP 	Device response: <KeyPress from None: t=1118.2857445830014, value=down, duration=None>
1118.2914 	EXP 	TRIGGER 36 (response)
1118.3077 	EXP 	TRIGGER 37 (bonus_feedback)
1118.3913 	EXP 	Device response: <KeyPress from None: t=1118.2857445830014, value=down, duration=0.09028887492604554>
1118.9409 	EXP 	unnamed Rect: fillColor = [0.85, 0.85, 0.85]
1118.9409 	EXP 	unnamed Rect: fillColor = [0.85, 0.85, 0.85]
1118.9409 	EXP 	unnamed Rect: fillColor = [0.85, 0.85, 0.85]
1118.9409 	EXP 	unnamed TextStim: text = ''
1118.9409 	EXP 	unnamed TextStim: foreColor = 'white'
1118.9409 	EXP 	unnamed TextStim: text = 'Score: 560 pts'
1118.9409 	EXP 	unnamed TextStim: text = ''
1118.9409 	EXP 	TRIGGER 10 (choice_onset)
1119.6016 	DATA 	Keypress: right
1119.6080 	EXP 	Device response: <KeyPress from None: t=1119.598685124889, value=right, duration=None>
1119.6243 	EXP 	TRIGGER 11 (choice_made)
1120.0576 	EXP 	TRIGGER 34 (anticipation)
1120.0579 	EXP 	Device response: <KeyPress from None: t=1119.598685124889, value=right, duration=0.12829833291471004>
1121.0909 	EXP 	unnamed TextStim: height = np.float64(0.035)
1121.0909 	EXP 	unnamed TextStim: height = np.float64(0.035)
1121.0909 	EXP 	unnamed TextStim: height = np.float64(0.035)
1121.0909 	EXP 	unnamed TextStim: text = 'Score: 570 pts'
1121.0909 	EXP 	unnamed TextStim: text = ''
1121.0909 	EXP 	unnamed TextStim: text = '+10 Points'
1121.0909 	EXP 	unnamed TextStim: foreColor = [0.1, 0.8, 0.3]
1121.0909 	EXP 	unnamed ImageStim: ori = 0
1121.0909 	EXP 	unnamed ImageStim: image = '/Users/burgerks/Documents/GitHub/motivated_bandit/_task/stimuli/win/sweet/sweet_bandit_127.jpg'
1121.0909 	EXP 	unnamed ImageStim: ori = -1
1121.0909 	EXP 	unnamed ImageStim: image = '/Users/burgerks/Documents/GitHub/motivated_bandit/_task/stimuli/win/sweet/sweet_bandit_029.jpg'
1121.0909 	EXP 	unnamed ImageStim: ori = 4
1121.0909 	EXP 	unnamed ImageStim: image = '/Users/burgerks/Documents/GitHub/motivated_bandit/_task/stimuli/win/sweet/sweet_bandit_077.jpg'
1121.0909 	EXP 	unnamed ImageStim: ori = -5
1121.0909 	EXP 	unnamed ImageStim: image = '/Users/burgerks/Documents/GitHub/motivated_bandit/_task/stimuli/win/sweet/sweet_bandit_126.jpg'
1121.0910 	EXP 	TRIGGER 20 (bandit_win)
1123.1409 	EXP 	unnamed Rect: fillColor = [0.85, 0.85, 0.85]
1123.1409 	EXP 	unnamed Rect: fillColor = [0.85, 0.85, 0.85]
1123.1409 	EXP 	unnamed Rect: fillColor = [0.85, 0.85, 0.85]
1123.1409 	EXP 	unnamed TextStim: text = ''
1123.1409 	EXP 	unnamed TextStim: foreColor = 'white'
1123.1409 	EXP 	unnamed TextStim: text = 'Score: 570 pts'
1123.1409 	EXP 	unnamed TextStim: text = ''
1123.1410 	EXP 	TRIGGER 10 (choice_onset)
1123.7138 	DATA 	Keypress: right
1123.7246 	EXP 	Device response: <KeyPress from None: t=1123.7085634157993, value=right, duration=None>
1123.7409 	EXP 	TRIGGER 11 (choice_made)
1124.1742 	EXP 	TRIGGER 34 (anticipation)
1124.1745 	EXP 	Device response: <KeyPress from None: t=1123.7085634157993, value=right, duration=0.10029708407819271>
1125.1909 	EXP 	unnamed TextStim: height = np.float64(0.035)
1125.1909 	EXP 	unnamed TextStim: height = np.float64(0.035)
1125.1909 	EXP 	unnamed TextStim: height = np.float64(0.035)
1125.1909 	EXP 	unnamed TextStim: text = 'Score: 580 pts'
1125.1909 	EXP 	unnamed TextStim: text = ''
1125.1909 	EXP 	unnamed TextStim: text = '+10 Points'
1125.1909 	EXP 	unnamed TextStim: foreColor = [0.1, 0.8, 0.3]
1125.1909 	EXP 	unnamed ImageStim: ori = -3
1125.1909 	EXP 	unnamed ImageStim: image = '/Users/burgerks/Documents/GitHub/motivated_bandit/_task/stimuli/win/sweet/sweet_bandit_099.jpg'
1125.1909 	EXP 	unnamed ImageStim: ori = -2
1125.1909 	EXP 	unnamed ImageStim: image = '/Users/burgerks/Documents/GitHub/motivated_bandit/_task/stimuli/win/sweet/sweet_bandit_059.jpg'
1125.1909 	EXP 	unnamed ImageStim: ori = -5
1125.1909 	EXP 	unnamed ImageStim: image = '/Users/burgerks/Documents/GitHub/motivated_bandit/_task/stimuli/win/sweet/sweet_bandit_095.jpg'
1125.1909 	EXP 	unnamed ImageStim: ori = -1
1125.1909 	EXP 	unnamed ImageStim: image = '/Users/burgerks/Documents/GitHub/motivated_bandit/_task/stimuli/win/sweet/sweet_bandit_097.jpg'
1125.1909 	EXP 	TRIGGER 20 (bandit_win)
1127.1742 	EXP 	unnamed TextStim: text = 'Bonus round!'
1127.1742 	EXP 	unnamed TextStim: foreColor = 'white'
1127.1742 	EXP 	TRIGGER 30 (bonus_intro)
1128.2742 	EXP 	unnamed TextStim: text = '+15 if fast'
1128.2742 	EXP 	unnamed ImageStim: image = '/Users/burgerks/Documents/GitHub/motivated_bandit/_task/stimuli/win/sweet/sweet_bandit_124.jpg'
1128.2742 	EXP 	TRIGGER 31 (cue_food)
1129.7909 	EXP 	TRIGGER 33 (fixation)
1131.7242 	EXP 	TRIGGER 35 (target)
1132.0362 	DATA 	Keypress: right
1132.0412 	EXP 	Device response: <KeyPress from None: t=1132.033311124891, value=right, duration=None>
1132.0412 	EXP 	TRIGGER 36 (response)
1132.0575 	EXP 	TRIGGER 37 (bonus_feedback)
1132.1244 	EXP 	Device response: <KeyPress from None: t=1132.033311124891, value=right, duration=0.08226370811462402>
1132.6908 	EXP 	unnamed Rect: fillColor = [0.85, 0.85, 0.85]
1132.6908 	EXP 	unnamed Rect: fillColor = [0.85, 0.85, 0.85]
1132.6908 	EXP 	unnamed Rect: fillColor = [0.85, 0.85, 0.85]
1132.6908 	EXP 	unnamed TextStim: text = ''
1132.6908 	EXP 	unnamed TextStim: foreColor = 'white'
1132.6908 	EXP 	unnamed TextStim: text = 'Score: 580 pts'
1132.6908 	EXP 	unnamed TextStim: text = ''
1132.6908 	EXP 	TRIGGER 10 (choice_onset)
1133.2805 	DATA 	Keypress: right
1133.2911 	EXP 	Device response: <KeyPress from None: t=1133.2742244158871, value=right, duration=None>
1133.3075 	EXP 	TRIGGER 11 (choice_made)
1133.7242 	EXP 	TRIGGER 34 (anticipation)
1133.7245 	EXP 	Device response: <KeyPress from None: t=1133.2742244158871, value=right, duration=0.060315625043585896>
1134.4242 	EXP 	unnamed TextStim: height = np.float64(0.035)
1134.4242 	EXP 	unnamed TextStim: height = np.float64(0.035)
1134.4242 	EXP 	unnamed TextStim: height = np.float64(0.035)
1134.4242 	EXP 	unnamed TextStim: text = 'Score: 590 pts'
1134.4242 	EXP 	unnamed TextStim: text = ''
1134.4242 	EXP 	unnamed TextStim: text = '+10 Points'
1134.4242 	EXP 	unnamed TextStim: foreColor = [0.1, 0.8, 0.3]
1134.4242 	EXP 	unnamed ImageStim: ori = -1
1134.4242 	EXP 	unnamed ImageStim: image = '/Users/burgerks/Documents/GitHub/motivated_bandit/_task/stimuli/win/sweet/sweet_bandit_050.jpg'
1134.4242 	EXP 	unnamed ImageStim: ori = -3
1134.4242 	EXP 	unnamed ImageStim: image = '/Users/burgerks/Documents/GitHub/motivated_bandit/_task/stimuli/win/sweet/sweet_bandit_156.jpg'
1134.4242 	EXP 	unnamed ImageStim: ori = 3
1134.4242 	EXP 	unnamed ImageStim: image = '/Users/burgerks/Documents/GitHub/motivated_bandit/_task/stimuli/win/sweet/sweet_bandit_067.jpg'
1134.4242 	EXP 	unnamed ImageStim: ori = -3
1134.4242 	EXP 	unnamed ImageStim: image = '/Users/burgerks/Documents/GitHub/motivated_bandit/_task/stimuli/win/sweet/sweet_bandit_065.jpg'
1134.4243 	EXP 	TRIGGER 20 (bandit_win)
1136.5575 	EXP 	unnamed Rect: fillColor = [0.85, 0.85, 0.85]
1136.5575 	EXP 	unnamed Rect: fillColor = [0.85, 0.85, 0.85]
1136.5575 	EXP 	unnamed Rect: fillColor = [0.85, 0.85, 0.85]
1136.5575 	EXP 	unnamed TextStim: text = ''
1136.5575 	EXP 	unnamed TextStim: foreColor = 'white'
1136.5575 	EXP 	unnamed TextStim: text = 'Score: 590 pts'
1136.5575 	EXP 	unnamed TextStim: text = ''
1136.5575 	EXP 	TRIGGER 10 (choice_onset)
1138.0844 	DATA 	Keypress: right
1138.0912 	EXP 	Device response: <KeyPress from None: t=1138.0815873749088, value=right, duration=None>
1138.1076 	EXP 	TRIGGER 11 (choice_made)
1138.5408 	EXP 	TRIGGER 34 (anticipation)
1138.5411 	EXP 	Device response: <KeyPress from None: t=1138.0815873749088, value=right, duration=0.09823591588065028>
1139.2075 	EXP 	unnamed TextStim: height = np.float64(0.035)
1139.2075 	EXP 	unnamed TextStim: height = np.float64(0.035)
1139.2075 	EXP 	unnamed TextStim: height = np.float64(0.035)
1139.2075 	EXP 	unnamed TextStim: text = 'Score: 580 pts'
1139.2075 	EXP 	unnamed TextStim: text = ''
1139.2075 	EXP 	unnamed TextStim: height = np.float64(0.1)
1139.2075 	EXP 	unnamed TextStim: height = np.float64(0.1)
1139.2075 	EXP 	unnamed TextStim: height = np.float64(0.1)
1139.2075 	EXP 	unnamed TextStim: text = '-10 Points'
1139.2075 	EXP 	unnamed TextStim: foreColor = [0.9, 0.2, 0.2]
1139.2075 	EXP 	unnamed ImageStim: ori = -1.0
1139.2075 	EXP 	unnamed ImageStim: image = '/Users/burgerks/Documents/GitHub/motivated_bandit/_task/stimuli/loss/lose_pic.png'
1139.2076 	EXP 	TRIGGER 21 (bandit_loss)
1141.3409 	EXP 	unnamed TextStim: text = 'Bonus round!'
1141.3409 	EXP 	unnamed TextStim: foreColor = 'white'
1141.3409 	EXP 	TRIGGER 30 (bonus_intro)
1142.4242 	EXP 	unnamed TextStim: text = '+15 if fast'
1142.4242 	EXP 	unnamed ImageStim: image = '/Users/burgerks/Documents/GitHub/motivated_bandit/_task/stimuli/win/sweet/sweet_bandit_102.jpg'
1142.4242 	EXP 	TRIGGER 31 (cue_food)
1143.9574 	EXP 	TRIGGER 33 (fixation)
1145.2409 	EXP 	TRIGGER 35 (target)
1145.4347 	DATA 	Keypress: right
1145.4412 	EXP 	Device response: <KeyPress from None: t=1145.4318066658452, value=right, duration=None>
1145.4412 	EXP 	TRIGGER 36 (response)
1145.4575 	EXP 	TRIGGER 37 (bonus_feedback)
1145.5244 	EXP 	Device response: <KeyPress from None: t=1145.4318066658452, value=right, duration=0.09031595895066857>
1146.0908 	EXP 	unnamed Rect: fillColor = [0.85, 0.85, 0.85]
1146.0908 	EXP 	unnamed Rect: fillColor = [0.85, 0.85, 0.85]
1146.0908 	EXP 	unnamed Rect: fillColor = [0.85, 0.85, 0.85]
1146.0908 	EXP 	unnamed TextStim: text = ''
1146.0908 	EXP 	unnamed TextStim: foreColor = 'white'
1146.0908 	EXP 	unnamed TextStim: text = 'Score: 580 pts'
1146.0908 	EXP 	unnamed TextStim: text = ''
1146.0908 	EXP 	TRIGGER 10 (choice_onset)
1146.6391 	DATA 	Keypress: right
1146.6411 	EXP 	Device response: <KeyPress from None: t=1146.6357677909546, value=right, duration=None>
1146.6575 	EXP 	TRIGGER 11 (choice_made)
1147.0908 	EXP 	TRIGGER 34 (anticipation)
1147.0910 	EXP 	Device response: <KeyPress from None: t=1146.6357677909546, value=right, duration=0.08429795899428427>
1147.8741 	EXP 	unnamed TextStim: height = np.float64(0.035)
1147.8741 	EXP 	unnamed TextStim: height = np.float64(0.035)
1147.8741 	EXP 	unnamed TextStim: height = np.float64(0.035)
1147.8741 	EXP 	unnamed TextStim: text = 'Score: 590 pts'
1147.8741 	EXP 	unnamed TextStim: text = ''
1147.8741 	EXP 	unnamed TextStim: height = np.float64(0.1)
1147.8741 	EXP 	unnamed TextStim: height = np.float64(0.1)
1147.8741 	EXP 	unnamed TextStim: height = np.float64(0.1)
1147.8741 	EXP 	unnamed TextStim: text = '+10 Points'
1147.8741 	EXP 	unnamed TextStim: foreColor = [0.1, 0.8, 0.3]
1147.8741 	EXP 	unnamed ImageStim: ori = 5
1147.8741 	EXP 	unnamed ImageStim: image = '/Users/burgerks/Documents/GitHub/motivated_bandit/_task/stimuli/win/sweet/sweet_bandit_150.jpg'
1147.8741 	EXP 	unnamed ImageStim: ori = -3
1147.8741 	EXP 	unnamed ImageStim: image = '/Users/burgerks/Documents/GitHub/motivated_bandit/_task/stimuli/win/sweet/sweet_bandit_127.jpg'
1147.8741 	EXP 	unnamed ImageStim: ori = 1
1147.8741 	EXP 	unnamed ImageStim: image = '/Users/burgerks/Documents/GitHub/motivated_bandit/_task/stimuli/win/sweet/sweet_bandit_028.jpg'
1147.8741 	EXP 	unnamed ImageStim: ori = -4
1147.8741 	EXP 	unnamed ImageStim: image = '/Users/burgerks/Documents/GitHub/motivated_bandit/_task/stimuli/win/sweet/sweet_bandit_059.jpg'
1147.8742 	EXP 	TRIGGER 20 (bandit_win)
1149.9741 	EXP 	unnamed Rect: fillColor = [0.85, 0.85, 0.85]
1149.9741 	EXP 	unnamed Rect: fillColor = [0.85, 0.85, 0.85]
1149.9741 	EXP 	unnamed Rect: fillColor = [0.85, 0.85, 0.85]
1149.9741 	EXP 	unnamed TextStim: text = ''
1149.9741 	EXP 	unnamed TextStim: foreColor = 'white'
1149.9741 	EXP 	unnamed TextStim: text = 'Score: 590 pts'
1149.9741 	EXP 	unnamed TextStim: text = ''
1149.9742 	EXP 	TRIGGER 10 (choice_onset)
1150.4675 	DATA 	Keypress: right
1150.4745 	EXP 	Device response: <KeyPress from None: t=1150.4644811658654, value=right, duration=None>
1150.4908 	EXP 	TRIGGER 11 (choice_made)
1150.9241 	EXP 	TRIGGER 34 (anticipation)
1150.9243 	EXP 	Device response: <KeyPress from None: t=1150.4644811658654, value=right, duration=0.09146279213018715>
1151.4407 	EXP 	unnamed TextStim: height = np.float64(0.035)
1151.4407 	EXP 	unnamed TextStim: height = np.float64(0.035)
1151.4407 	EXP 	unnamed TextStim: height = np.float64(0.035)
1151.4407 	EXP 	unnamed TextStim: text = 'Score: 580 pts'
1151.4407 	EXP 	unnamed TextStim: text = ''
1151.4407 	EXP 	unnamed TextStim: height = np.float64(0.1)
1151.4407 	EXP 	unnamed TextStim: height = np.float64(0.1)
1151.4407 	EXP 	unnamed TextStim: height = np.float64(0.1)
1151.4407 	EXP 	unnamed TextStim: text = '-10 Points'
1151.4407 	EXP 	unnamed TextStim: foreColor = [0.9, 0.2, 0.2]
1151.4407 	EXP 	unnamed ImageStim: ori = 1.25
1151.4407 	EXP 	unnamed ImageStim: image = '/Users/burgerks/Documents/GitHub/motivated_bandit/_task/stimuli/loss/lose_pic.png'
1151.4408 	EXP 	TRIGGER 21 (bandit_loss)
1153.6407 	EXP 	unnamed TextStim: text = 'Bonus round!'
1153.6407 	EXP 	unnamed TextStim: foreColor = 'white'
1153.6407 	EXP 	TRIGGER 30 (bonus_intro)
1154.7408 	EXP 	unnamed TextStim: text = '+15 if fast'
1154.7408 	EXP 	unnamed ImageStim: image = '/Users/burgerks/Documents/GitHub/motivated_bandit/_task/stimuli/win/sweet/sweet_bandit_119.jpg'
1154.7408 	EXP 	TRIGGER 31 (cue_food)
1156.2740 	EXP 	TRIGGER 33 (fixation)
1158.2074 	EXP 	TRIGGER 35 (target)
1158.5972 	DATA 	Keypress: right
1158.6078 	EXP 	Device response: <KeyPress from None: t=1158.5942992907949, value=right, duration=None>
1158.6078 	EXP 	TRIGGER 36 (response)
1158.6240 	EXP 	TRIGGER 37 (bonus_feedback)
1158.6909 	EXP 	Device response: <KeyPress from None: t=1158.5942992907949, value=right, duration=0.08227745909243822>
1159.2574 	EXP 	unnamed Rect: fillColor = [0.85, 0.85, 0.85]
1159.2574 	EXP 	unnamed Rect: fillColor = [0.85, 0.85, 0.85]
1159.2574 	EXP 	unnamed Rect: fillColor = [0.85, 0.85, 0.85]
1159.2574 	EXP 	unnamed TextStim: text = ''
1159.2574 	EXP 	unnamed TextStim: foreColor = 'white'
1159.2574 	EXP 	unnamed TextStim: text = 'Score: 580 pts'
1159.2574 	EXP 	unnamed TextStim: text = ''
1159.2574 	EXP 	TRIGGER 10 (choice_onset)
1159.7633 	DATA 	Keypress: right
1159.7744 	EXP 	Device response: <KeyPress from None: t=1159.7582369579468, value=right, duration=None>
1159.7906 	EXP 	TRIGGER 11 (choice_made)
1160.2240 	EXP 	TRIGGER 34 (anticipation)
1160.2242 	EXP 	Device response: <KeyPress from None: t=1159.7582369579468, value=right, duration=0.10832187486812472>
1161.0741 	EXP 	unnamed TextStim: height = np.float64(0.035)
1161.0741 	EXP 	unnamed TextStim: height = np.float64(0.035)
1161.0741 	EXP 	unnamed TextStim: height = np.float64(0.035)
1161.0741 	EXP 	unnamed TextStim: text = 'Score: 570 pts'
1161.0741 	EXP 	unnamed TextStim: text = ''
1161.0741 	EXP 	unnamed TextStim: text = '-10 Points'
1161.0741 	EXP 	unnamed TextStim: foreColor = [0.9, 0.2, 0.2]
1161.0741 	EXP 	unnamed ImageStim: ori = -0.25
1161.0741 	EXP 	unnamed ImageStim: image = '/Users/burgerks/Documents/GitHub/motivated_bandit/_task/stimuli/loss/lose_pic.png'
1161.0741 	EXP 	TRIGGER 21 (bandit_loss)
1163.1073 	EXP 	unnamed Rect: fillColor = [0.85, 0.85, 0.85]
1163.1073 	EXP 	unnamed Rect: fillColor = [0.85, 0.85, 0.85]
1163.1073 	EXP 	unnamed Rect: fillColor = [0.85, 0.85, 0.85]
1163.1073 	EXP 	unnamed TextStim: text = ''
1163.1073 	EXP 	unnamed TextStim: foreColor = 'white'
1163.1073 	EXP 	unnamed TextStim: text = 'Score: 570 pts'
1163.1073 	EXP 	unnamed TextStim: text = ''
1163.1074 	EXP 	TRIGGER 10 (choice_onset)
1163.6386 	DATA 	Keypress: right
1163.6410 	EXP 	Device response: <KeyPress from None: t=1163.6351362499408, value=right, duration=None>
1163.6573 	EXP 	TRIGGER 11 (choice_made)
1164.0906 	EXP 	TRIGGER 34 (anticipation)
1164.0909 	EXP 	Device response: <KeyPress from None: t=1163.6351362499408, value=right, duration=0.12429849989712238>
1164.7574 	EXP 	unnamed TextStim: height = np.float64(0.035)
1164.7574 	EXP 	unnamed TextStim: height = np.float64(0.035)
1164.7574 	EXP 	unnamed TextStim: height = np.float64(0.035)
1164.7574 	EXP 	unnamed TextStim: text = 'Score: 560 pts'
1164.7574 	EXP 	unnamed TextStim: text = ''
1164.7574 	EXP 	unnamed TextStim: text = '-10 Points'
1164.7574 	EXP 	unnamed TextStim: foreColor = [0.9, 0.2, 0.2]
1164.7574 	EXP 	unnamed ImageStim: ori = 0.25
1164.7574 	EXP 	unnamed ImageStim: image = '/Users/burgerks/Documents/GitHub/motivated_bandit/_task/stimuli/loss/lose_pic.png'
1164.7574 	EXP 	TRIGGER 21 (bandit_loss)
1166.8073 	EXP 	unnamed TextStim: text = 'Bonus round!'
1166.8073 	EXP 	unnamed TextStim: foreColor = 'white'
1166.8073 	EXP 	TRIGGER 30 (bonus_intro)
1167.8906 	EXP 	unnamed TextStim: text = '+15 if fast'
1167.8906 	EXP 	unnamed ImageStim: image = '/Users/burgerks/Documents/GitHub/motivated_bandit/_task/stimuli/neutral/bandit_006.jpg'
1167.8906 	EXP 	TRIGGER 32 (cue_neutral)
1169.4074 	EXP 	TRIGGER 33 (fixation)
1170.7739 	EXP 	TRIGGER 35 (target)
1171.0677 	DATA 	Keypress: right
1171.0743 	EXP 	Device response: <KeyPress from None: t=1171.0648025409319, value=right, duration=None>
1171.0743 	EXP 	TRIGGER 36 (response)
1171.0906 	EXP 	TRIGGER 37 (bonus_feedback)
1171.1908 	EXP 	Device response: <KeyPress from None: t=1171.0648025409319, value=right, duration=0.11425108392722905>
1171.7239 	EXP 	unnamed Rect: fillColor = [0.85, 0.85, 0.85]
1171.7239 	EXP 	unnamed Rect: fillColor = [0.85, 0.85, 0.85]
1171.7239 	EXP 	unnamed Rect: fillColor = [0.85, 0.85, 0.85]
1171.7239 	EXP 	unnamed TextStim: text = ''
1171.7239 	EXP 	unnamed TextStim: foreColor = 'white'
1171.7239 	EXP 	unnamed TextStim: text = 'Score: 560 pts'
1171.7239 	EXP 	unnamed TextStim: text = ''
1171.7239 	EXP 	TRIGGER 10 (choice_onset)
1172.2134 	DATA 	Keypress: right
1172.2242 	EXP 	Device response: <KeyPress from None: t=1172.2097388328984, value=right, duration=None>
1172.2405 	EXP 	TRIGGER 11 (choice_made)
1172.6573 	EXP 	TRIGGER 34 (anticipation)
1172.6576 	EXP 	Device response: <KeyPress from None: t=1172.2097388328984, value=right, duration=0.11629824992269278>
1173.4739 	EXP 	unnamed TextStim: height = np.float64(0.035)
1173.4739 	EXP 	unnamed TextStim: height = np.float64(0.035)
1173.4739 	EXP 	unnamed TextStim: height = np.float64(0.035)
1173.4739 	EXP 	unnamed TextStim: text = 'Score: 570 pts'
1173.4739 	EXP 	unnamed TextStim: text = ''
1173.4739 	EXP 	unnamed TextStim: height = np.float64(0.1)
1173.4739 	EXP 	unnamed TextStim: height = np.float64(0.1)
1173.4739 	EXP 	unnamed TextStim: height = np.float64(0.1)
1173.4739 	EXP 	unnamed TextStim: text = '+10 Points'
1173.4739 	EXP 	unnamed TextStim: foreColor = [0.1, 0.8, 0.3]
1173.4739 	EXP 	unnamed ImageStim: ori = 0
1173.4739 	EXP 	unnamed ImageStim: image = '/Users/burgerks/Documents/GitHub/motivated_bandit/_task/stimuli/win/sweet/sweet_bandit_111.jpg'
1173.4739 	EXP 	unnamed ImageStim: ori = 3
1173.4739 	EXP 	unnamed ImageStim: image = '/Users/burgerks/Documents/GitHub/motivated_bandit/_task/stimuli/win/sweet/sweet_bandit_022.jpg'
1173.4739 	EXP 	unnamed ImageStim: ori = -3
1173.4739 	EXP 	unnamed ImageStim: image = '/Users/burgerks/Documents/GitHub/motivated_bandit/_task/stimuli/win/sweet/sweet_bandit_073.jpg'
1173.4739 	EXP 	unnamed ImageStim: ori = -3
1173.4739 	EXP 	unnamed ImageStim: image = '/Users/burgerks/Documents/GitHub/motivated_bandit/_task/stimuli/win/sweet/sweet_bandit_160.jpg'
1173.4740 	EXP 	TRIGGER 20 (bandit_win)
1175.6905 	EXP 	unnamed Rect: fillColor = [0.85, 0.85, 0.85]
1175.6905 	EXP 	unnamed Rect: fillColor = [0.85, 0.85, 0.85]
1175.6905 	EXP 	unnamed Rect: fillColor = [0.85, 0.85, 0.85]
1175.6905 	EXP 	unnamed TextStim: text = ''
1175.6905 	EXP 	unnamed TextStim: foreColor = 'white'
1175.6905 	EXP 	unnamed TextStim: text = 'Score: 570 pts'
1175.6905 	EXP 	unnamed TextStim: text = ''
1175.6906 	EXP 	TRIGGER 10 (choice_onset)
1176.2698 	DATA 	Keypress: right
1176.2744 	EXP 	Device response: <KeyPress from None: t=1176.2669041659683, value=right, duration=None>
1176.2906 	EXP 	TRIGGER 11 (choice_made)
1176.7240 	EXP 	TRIGGER 34 (anticipation)
1176.7242 	EXP 	Device response: <KeyPress from None: t=1176.2669041659683, value=right, duration=0.14000612497329712>
1177.4573 	EXP 	unnamed TextStim: height = np.float64(0.035)
1177.4573 	EXP 	unnamed TextStim: height = np.float64(0.035)
1177.4573 	EXP 	unnamed TextStim: height = np.float64(0.035)
1177.4573 	EXP 	unnamed TextStim: text = 'Score: 560 pts'
1177.4573 	EXP 	unnamed TextStim: text = ''
1177.4573 	EXP 	unnamed TextStim: height = np.float64(0.1)
1177.4573 	EXP 	unnamed TextStim: height = np.float64(0.1)
1177.4573 	EXP 	unnamed TextStim: height = np.float64(0.1)
1177.4573 	EXP 	unnamed TextStim: text = '-10 Points'
1177.4573 	EXP 	unnamed TextStim: foreColor = [0.9, 0.2, 0.2]
1177.4573 	EXP 	unnamed ImageStim: ori = -0.75
1177.4573 	EXP 	unnamed ImageStim: image = '/Users/burgerks/Documents/GitHub/motivated_bandit/_task/stimuli/loss/lose_pic.png'
1177.4573 	EXP 	TRIGGER 21 (bandit_loss)
1179.6405 	EXP 	unnamed TextStim: text = 'Bonus round!'
1179.6405 	EXP 	unnamed TextStim: foreColor = 'white'
1179.6405 	EXP 	TRIGGER 30 (bonus_intro)
1180.7073 	EXP 	unnamed TextStim: text = '+15 if fast'
1180.7073 	EXP 	unnamed ImageStim: image = '/Users/burgerks/Documents/GitHub/motivated_bandit/_task/stimuli/win/sweet/sweet_bandit_162.jpg'
1180.7073 	EXP 	TRIGGER 31 (cue_food)
1182.2405 	EXP 	TRIGGER 33 (fixation)
1184.1906 	EXP 	TRIGGER 35 (target)
1184.4631 	DATA 	Keypress: down
1184.4743 	EXP 	Device response: <KeyPress from None: t=1184.4595589998644, value=down, duration=None>
1184.4743 	EXP 	TRIGGER 36 (response)
1184.4905 	EXP 	TRIGGER 37 (bonus_feedback)
1184.5741 	EXP 	Device response: <KeyPress from None: t=1184.4595589998644, value=down, duration=0.10629808297380805>
1185.1072 	EXP 	unnamed Rect: fillColor = [0.85, 0.85, 0.85]
1185.1072 	EXP 	unnamed Rect: fillColor = [0.85, 0.85, 0.85]
1185.1072 	EXP 	unnamed Rect: fillColor = [0.85, 0.85, 0.85]
1185.1072 	EXP 	unnamed TextStim: text = ''
1185.1072 	EXP 	unnamed TextStim: foreColor = 'white'
1185.1072 	EXP 	unnamed TextStim: text = 'Score: 560 pts'
1185.1072 	EXP 	unnamed TextStim: text = ''
1185.1073 	EXP 	TRIGGER 10 (choice_onset)
1185.6303 	DATA 	Keypress: right
1185.6409 	EXP 	Device response: <KeyPress from None: t=1185.625493499916, value=right, duration=None>
1185.6573 	EXP 	TRIGGER 11 (choice_made)
1186.0905 	EXP 	TRIGGER 34 (anticipation)
1186.0908 	EXP 	Device response: <KeyPress from None: t=1185.625493499916, value=right, duration=0.15231616608798504>
1186.7072 	EXP 	unnamed TextStim: height = np.float64(0.035)
1186.7072 	EXP 	unnamed TextStim: height = np.float64(0.035)
1186.7072 	EXP 	unnamed TextStim: height = np.float64(0.035)
1186.7072 	EXP 	unnamed TextStim: text = 'Score: 550 pts'
1186.7072 	EXP 	unnamed TextStim: text = ''
1186.7072 	EXP 	unnamed TextStim: text = '-10 Points'
1186.7072 	EXP 	unnamed TextStim: foreColor = [0.9, 0.2, 0.2]
1186.7072 	EXP 	unnamed ImageStim: ori = -1.25
1186.7072 	EXP 	unnamed ImageStim: image = '/Users/burgerks/Documents/GitHub/motivated_bandit/_task/stimuli/loss/lose_pic.png'
1186.7072 	EXP 	TRIGGER 21 (bandit_loss)
1188.9238 	EXP 	unnamed Rect: fillColor = [0.85, 0.85, 0.85]
1188.9238 	EXP 	unnamed Rect: fillColor = [0.85, 0.85, 0.85]
1188.9238 	EXP 	unnamed Rect: fillColor = [0.85, 0.85, 0.85]
1188.9238 	EXP 	unnamed TextStim: text = ''
1188.9238 	EXP 	unnamed TextStim: foreColor = 'white'
1188.9238 	EXP 	unnamed TextStim: text = 'Score: 550 pts'
1188.9238 	EXP 	unnamed TextStim: text = ''
1188.9239 	EXP 	TRIGGER 10 (choice_onset)
1189.3033 	DATA 	Keypress: right
1189.3076 	EXP 	Device response: <KeyPress from None: t=1189.300432749791, value=right, duration=None>
1189.3239 	EXP 	TRIGGER 11 (choice_made)
1189.7572 	EXP 	TRIGGER 34 (anticipation)
1189.7575 	EXP 	Device response: <KeyPress from None: t=1189.300432749791, value=right, duration=0.1362717910669744>
1190.4239 	EXP 	unnamed TextStim: height = np.float64(0.035)
1190.4239 	EXP 	unnamed TextStim: height = np.float64(0.035)
1190.4239 	EXP 	unnamed TextStim: height = np.float64(0.035)
1190.4239 	EXP 	unnamed TextStim: text = 'Score: 560 pts'
1190.4239 	EXP 	unnamed TextStim: text = ''
1190.4239 	EXP 	unnamed TextStim: height = np.float64(0.1)
1190.4239 	EXP 	unnamed TextStim: height = np.float64(0.1)
1190.4239 	EXP 	unnamed TextStim: height = np.float64(0.1)
1190.4239 	EXP 	unnamed TextStim: text = '+10 Points'
1190.4239 	EXP 	unnamed TextStim: foreColor = [0.1, 0.8, 0.3]
1190.4239 	EXP 	unnamed ImageStim: ori = -4
1190.4239 	EXP 	unnamed ImageStim: image = '/Users/burgerks/Documents/GitHub/motivated_bandit/_task/stimuli/win/sweet/sweet_bandit_008.jpg'
1190.4239 	EXP 	unnamed ImageStim: ori = -5
1190.4239 	EXP 	unnamed ImageStim: image = '/Users/burgerks/Documents/GitHub/motivated_bandit/_task/stimuli/win/sweet/sweet_bandit_060.jpg'
1190.4239 	EXP 	unnamed ImageStim: ori = -2
1190.4239 	EXP 	unnamed ImageStim: image = '/Users/burgerks/Documents/GitHub/motivated_bandit/_task/stimuli/win/sweet/sweet_bandit_156.jpg'
1190.4239 	EXP 	unnamed ImageStim: ori = -3
1190.4239 	EXP 	unnamed ImageStim: image = '/Users/burgerks/Documents/GitHub/motivated_bandit/_task/stimuli/win/sweet/sweet_bandit_073.jpg'
1190.4239 	EXP 	TRIGGER 20 (bandit_win)
1192.6238 	EXP 	unnamed TextStim: text = 'Bonus round!'
1192.6238 	EXP 	unnamed TextStim: foreColor = 'white'
1192.6239 	EXP 	TRIGGER 30 (bonus_intro)
1193.7072 	EXP 	unnamed TextStim: text = '+15 if fast'
1193.7072 	EXP 	unnamed ImageStim: image = '/Users/burgerks/Documents/GitHub/motivated_bandit/_task/stimuli/neutral/bandit_022.jpg'
1193.7072 	EXP 	TRIGGER 32 (cue_neutral)
1195.2404 	EXP 	TRIGGER 33 (fixation)
1197.0072 	EXP 	TRIGGER 35 (target)
1197.4473 	DATA 	Keypress: right
1197.4575 	EXP 	Device response: <KeyPress from None: t=1197.4444073329214, value=right, duration=None>
1197.4575 	EXP 	TRIGGER 36 (response)
1197.4738 	EXP 	TRIGGER 37 (bonus_feedback)
1197.5408 	EXP 	Device response: <KeyPress from None: t=1197.4444073329214, value=right, duration=0.08640574989840388>
1198.1071 	EXP 	unnamed Rect: fillColor = [0.85, 0.85, 0.85]
1198.1071 	EXP 	unnamed Rect: fillColor = [0.85, 0.85, 0.85]
1198.1071 	EXP 	unnamed Rect: fillColor = [0.85, 0.85, 0.85]
1198.1071 	EXP 	unnamed TextStim: text = ''
1198.1071 	EXP 	unnamed TextStim: foreColor = 'white'
1198.1071 	EXP 	unnamed TextStim: text = 'Score: 560 pts'
1198.1071 	EXP 	unnamed TextStim: text = ''
1198.1071 	EXP 	TRIGGER 10 (choice_onset)
1198.7074 	EXP 	Device response: <KeyPress from None: t=1198.7044818748254, value=right, duration=None>
1198.7121 	DATA 	Keypress: right
1198.7237 	EXP 	TRIGGER 11 (choice_made)
1199.1570 	EXP 	TRIGGER 34 (anticipation)
1199.1574 	EXP 	Device response: <KeyPress from None: t=1198.7044818748254, value=right, duration=0.10028183297254145>
1199.8739 	EXP 	unnamed TextStim: height = np.float64(0.035)
1199.8739 	EXP 	unnamed TextStim: height = np.float64(0.035)
1199.8739 	EXP 	unnamed TextStim: height = np.float64(0.035)
1199.8739 	EXP 	unnamed TextStim: text = 'Score: 570 pts'
1199.8739 	EXP 	unnamed TextStim: text = ''
1199.8739 	EXP 	unnamed TextStim: text = '+10 Points'
1199.8739 	EXP 	unnamed TextStim: foreColor = [0.1, 0.8, 0.3]
1199.8739 	EXP 	unnamed ImageStim: ori = 2
1199.8739 	EXP 	unnamed ImageStim: image = '/Users/burgerks/Documents/GitHub/motivated_bandit/_task/stimuli/win/sweet/sweet_bandit_050.jpg'
1199.8739 	EXP 	unnamed ImageStim: ori = 0
1199.8739 	EXP 	unnamed ImageStim: image = '/Users/burgerks/Documents/GitHub/motivated_bandit/_task/stimuli/win/sweet/sweet_bandit_126.jpg'
1199.8739 	EXP 	unnamed ImageStim: ori = -4
1199.8739 	EXP 	unnamed ImageStim: image = '/Users/burgerks/Documents/GitHub/motivated_bandit/_task/stimuli/win/sweet/sweet_bandit_037.jpg'
1199.8739 	EXP 	unnamed ImageStim: ori = 4
1199.8739 	EXP 	unnamed ImageStim: image = '/Users/burgerks/Documents/GitHub/motivated_bandit/_task/stimuli/win/sweet/sweet_bandit_070.jpg'
1199.8739 	EXP 	TRIGGER 20 (bandit_win)
1201.9737 	EXP 	unnamed Rect: fillColor = [0.85, 0.85, 0.85]
1201.9737 	EXP 	unnamed Rect: fillColor = [0.85, 0.85, 0.85]
1201.9737 	EXP 	unnamed Rect: fillColor = [0.85, 0.85, 0.85]
1201.9737 	EXP 	unnamed TextStim: text = ''
1201.9737 	EXP 	unnamed TextStim: foreColor = 'white'
1201.9737 	EXP 	unnamed TextStim: text = 'Score: 570 pts'
1201.9737 	EXP 	unnamed TextStim: text = ''
1201.9738 	EXP 	TRIGGER 10 (choice_onset)
1202.4834 	DATA 	Keypress: right
1202.4908 	EXP 	Device response: <KeyPress from None: t=1202.4803771658335, value=right, duration=None>
1202.5070 	EXP 	TRIGGER 11 (choice_made)
1202.9404 	EXP 	TRIGGER 34 (anticipation)
1202.9406 	EXP 	Device response: <KeyPress from None: t=1202.4803771658335, value=right, duration=0.12429687497206032>
1203.7739 	EXP 	unnamed TextStim: height = np.float64(0.035)
1203.7739 	EXP 	unnamed TextStim: height = np.float64(0.035)
1203.7739 	EXP 	unnamed TextStim: height = np.float64(0.035)
1203.7739 	EXP 	unnamed TextStim: text = 'Score: 580 pts'
1203.7739 	EXP 	unnamed TextStim: text = ''
1203.7739 	EXP 	unnamed TextStim: text = '+10 Points'
1203.7739 	EXP 	unnamed TextStim: foreColor = [0.1, 0.8, 0.3]
1203.7739 	EXP 	unnamed ImageStim: ori = -1
1203.7739 	EXP 	unnamed ImageStim: image = '/Users/burgerks/Documents/GitHub/motivated_bandit/_task/stimuli/win/sweet/sweet_bandit_107.jpg'
1203.7739 	EXP 	unnamed ImageStim: ori = -4
1203.7739 	EXP 	unnamed ImageStim: image = '/Users/burgerks/Documents/GitHub/motivated_bandit/_task/stimuli/win/sweet/sweet_bandit_051.jpg'
1203.7739 	EXP 	unnamed ImageStim: ori = -5
1203.7739 	EXP 	unnamed ImageStim: image = '/Users/burgerks/Documents/GitHub/motivated_bandit/_task/stimuli/win/sweet/sweet_bandit_119.jpg'
1203.7739 	EXP 	unnamed ImageStim: ori = -3
1203.7739 	EXP 	unnamed ImageStim: image = '/Users/burgerks/Documents/GitHub/motivated_bandit/_task/stimuli/win/sweet/sweet_bandit_079.jpg'
1203.7739 	EXP 	TRIGGER 20 (bandit_win)
1205.9904 	EXP 	unnamed Rect: fillColor = [0.85, 0.85, 0.85]
1205.9904 	EXP 	unnamed Rect: fillColor = [0.85, 0.85, 0.85]
1205.9904 	EXP 	unnamed Rect: fillColor = [0.85, 0.85, 0.85]
1205.9904 	EXP 	unnamed TextStim: text = ''
1205.9904 	EXP 	unnamed TextStim: foreColor = 'white'
1205.9904 	EXP 	unnamed TextStim: text = 'Score: 580 pts'
1205.9904 	EXP 	unnamed TextStim: text = ''
1205.9904 	EXP 	TRIGGER 10 (choice_onset)
1206.4681 	DATA 	Keypress: right
1206.4741 	EXP 	Device response: <KeyPress from None: t=1206.465229124995, value=right, duration=None>
1206.4904 	EXP 	TRIGGER 11 (choice_made)
1206.9237 	EXP 	TRIGGER 34 (anticipation)
1206.9239 	EXP 	Device response: <KeyPress from None: t=1206.465229124995, value=right, duration=0.12031412497162819>
1207.7238 	EXP 	unnamed TextStim: height = np.float64(0.035)
1207.7238 	EXP 	unnamed TextStim: height = np.float64(0.035)
1207.7238 	EXP 	unnamed TextStim: height = np.float64(0.035)
1207.7238 	EXP 	unnamed TextStim: text = 'Score: 590 pts'
1207.7238 	EXP 	unnamed TextStim: text = ''
1207.7238 	EXP 	unnamed TextStim: text = '+10 Points'
1207.7238 	EXP 	unnamed TextStim: foreColor = [0.1, 0.8, 0.3]
1207.7238 	EXP 	unnamed ImageStim: ori = 3
1207.7238 	EXP 	unnamed ImageStim: image = '/Users/burgerks/Documents/GitHub/motivated_bandit/_task/stimuli/win/sweet/sweet_bandit_150.jpg'
1207.7238 	EXP 	unnamed ImageStim: ori = 0
1207.7238 	EXP 	unnamed ImageStim: image = '/Users/burgerks/Documents/GitHub/motivated_bandit/_task/stimuli/win/sweet/sweet_bandit_126.jpg'
1207.7238 	EXP 	unnamed ImageStim: ori = 0
1207.7238 	EXP 	unnamed ImageStim: image = '/Users/burgerks/Documents/GitHub/motivated_bandit/_task/stimuli/win/sweet/sweet_bandit_065.jpg'
1207.7238 	EXP 	unnamed ImageStim: ori = 0
1207.7238 	EXP 	unnamed ImageStim: image = '/Users/burgerks/Documents/GitHub/motivated_bandit/_task/stimuli/win/sweet/sweet_bandit_130.jpg'
1207.7238 	EXP 	TRIGGER 20 (bandit_win)
1209.6903 	EXP 	unnamed Rect: fillColor = [0.85, 0.85, 0.85]
1209.6903 	EXP 	unnamed Rect: fillColor = [0.85, 0.85, 0.85]
1209.6903 	EXP 	unnamed Rect: fillColor = [0.85, 0.85, 0.85]
1209.6903 	EXP 	unnamed TextStim: text = ''
1209.6903 	EXP 	unnamed TextStim: foreColor = 'white'
1209.6903 	EXP 	unnamed TextStim: text = 'Score: 590 pts'
1209.6903 	EXP 	unnamed TextStim: text = ''
1209.6904 	EXP 	TRIGGER 10 (choice_onset)
1210.0669 	DATA 	Keypress: right
1210.0741 	EXP 	Device response: <KeyPress from None: t=1210.064119707793, value=right, duration=None>
1210.0904 	EXP 	TRIGGER 11 (choice_made)
1210.5237 	EXP 	TRIGGER 34 (anticipation)
1210.5239 	EXP 	Device response: <KeyPress from None: t=1210.064119707793, value=right, duration=0.14031429216265678>
1211.2070 	EXP 	unnamed TextStim: height = np.float64(0.035)
1211.2070 	EXP 	unnamed TextStim: height = np.float64(0.035)
1211.2070 	EXP 	unnamed TextStim: height = np.float64(0.035)
1211.2070 	EXP 	unnamed TextStim: text = 'Score: 600 pts'
1211.2070 	EXP 	unnamed TextStim: text = ''
1211.2070 	EXP 	unnamed TextStim: text = '+10 Points'
1211.2070 	EXP 	unnamed TextStim: foreColor = [0.1, 0.8, 0.3]
1211.2070 	EXP 	unnamed ImageStim: ori = 0
1211.2070 	EXP 	unnamed ImageStim: image = '/Users/burgerks/Documents/GitHub/motivated_bandit/_task/stimuli/win/sweet/sweet_bandit_097.jpg'
1211.2070 	EXP 	unnamed ImageStim: ori = 4
1211.2070 	EXP 	unnamed ImageStim: image = '/Users/burgerks/Documents/GitHub/motivated_bandit/_task/stimuli/win/sweet/sweet_bandit_019.jpg'
1211.2070 	EXP 	unnamed ImageStim: ori = 0
1211.2070 	EXP 	unnamed ImageStim: image = '/Users/burgerks/Documents/GitHub/motivated_bandit/_task/stimuli/win/sweet/sweet_bandit_135.jpg'
1211.2070 	EXP 	unnamed ImageStim: ori = 2
1211.2070 	EXP 	unnamed ImageStim: image = '/Users/burgerks/Documents/GitHub/motivated_bandit/_task/stimuli/win/sweet/sweet_bandit_124.jpg'
1211.2070 	EXP 	TRIGGER 20 (bandit_win)
1213.4570 	EXP 	unnamed Rect: fillColor = [0.85, 0.85, 0.85]
1213.4570 	EXP 	unnamed Rect: fillColor = [0.85, 0.85, 0.85]
1213.4570 	EXP 	unnamed Rect: fillColor = [0.85, 0.85, 0.85]
1213.4570 	EXP 	unnamed TextStim: text = ''
1213.4570 	EXP 	unnamed TextStim: foreColor = 'white'
1213.4570 	EXP 	unnamed TextStim: text = 'Score: 600 pts'
1213.4570 	EXP 	unnamed TextStim: text = ''
1213.4570 	EXP 	TRIGGER 10 (choice_onset)
1214.6211 	DATA 	Keypress: down
1214.6242 	EXP 	Device response: <KeyPress from None: t=1214.6182790829334, value=down, duration=None>
1214.6403 	EXP 	TRIGGER 11 (choice_made)
1215.0736 	EXP 	TRIGGER 34 (anticipation)
1215.0738 	EXP 	Device response: <KeyPress from None: t=1214.6182790829334, value=down, duration=0.12227995786815882>
1215.5904 	EXP 	unnamed TextStim: height = np.float64(0.035)
1215.5904 	EXP 	unnamed TextStim: height = np.float64(0.035)
1215.5904 	EXP 	unnamed TextStim: height = np.float64(0.035)
1215.5904 	EXP 	unnamed TextStim: text = 'Score: 590 pts'
1215.5904 	EXP 	unnamed TextStim: text = ''
1215.5904 	EXP 	unnamed TextStim: height = np.float64(0.1)
1215.5904 	EXP 	unnamed TextStim: height = np.float64(0.1)
1215.5904 	EXP 	unnamed TextStim: height = np.float64(0.1)
1215.5904 	EXP 	unnamed TextStim: text = '-10 Points'
1215.5904 	EXP 	unnamed TextStim: foreColor = [0.9, 0.2, 0.2]
1215.5904 	EXP 	unnamed ImageStim: ori = -1.25
1215.5904 	EXP 	unnamed ImageStim: image = '/Users/burgerks/Documents/GitHub/motivated_bandit/_task/stimuli/loss/lose_pic.png'
1215.5905 	EXP 	TRIGGER 21 (bandit_loss)
1217.7736 	EXP 	unnamed Rect: fillColor = [0.85, 0.85, 0.85]
1217.7736 	EXP 	unnamed Rect: fillColor = [0.85, 0.85, 0.85]
1217.7736 	EXP 	unnamed Rect: fillColor = [0.85, 0.85, 0.85]
1217.7736 	EXP 	unnamed TextStim: text = ''
1217.7736 	EXP 	unnamed TextStim: foreColor = 'white'
1217.7736 	EXP 	unnamed TextStim: text = 'Score: 590 pts'
1217.7736 	EXP 	unnamed TextStim: text = ''
1217.7736 	EXP 	TRIGGER 10 (choice_onset)
1218.2406 	EXP 	Device response: <KeyPress from None: t=1218.2401458749082, value=down, duration=None>
1218.2463 	DATA 	Keypress: down
1218.2570 	EXP 	TRIGGER 11 (choice_made)
1218.6903 	EXP 	TRIGGER 34 (anticipation)
1218.6905 	EXP 	Device response: <KeyPress from None: t=1218.2401458749082, value=down, duration=0.15230354107916355>
1219.2904 	EXP 	unnamed TextStim: height = np.float64(0.035)
1219.2904 	EXP 	unnamed TextStim: height = np.float64(0.035)
1219.2904 	EXP 	unnamed TextStim: height = np.float64(0.035)
1219.2904 	EXP 	unnamed TextStim: text = 'Score: 580 pts'
1219.2904 	EXP 	unnamed TextStim: text = ''
1219.2904 	EXP 	unnamed TextStim: text = '-10 Points'
1219.2904 	EXP 	unnamed TextStim: foreColor = [0.9, 0.2, 0.2]
1219.2904 	EXP 	unnamed ImageStim: ori = -0.75
1219.2904 	EXP 	unnamed ImageStim: image = '/Users/burgerks/Documents/GitHub/motivated_bandit/_task/stimuli/loss/lose_pic.png'
1219.2905 	EXP 	TRIGGER 21 (bandit_loss)
1221.2903 	EXP 	unnamed Rect: fillColor = [0.85, 0.85, 0.85]
1221.2903 	EXP 	unnamed Rect: fillColor = [0.85, 0.85, 0.85]
1221.2903 	EXP 	unnamed Rect: fillColor = [0.85, 0.85, 0.85]
1221.2903 	EXP 	unnamed TextStim: text = ''
1221.2903 	EXP 	unnamed TextStim: foreColor = 'white'
1221.2903 	EXP 	unnamed TextStim: text = 'Score: 580 pts'
1221.2903 	EXP 	unnamed TextStim: text = ''
1221.2903 	EXP 	TRIGGER 10 (choice_onset)
1221.6209 	DATA 	Keypress: left
1221.6240 	EXP 	Device response: <KeyPress from None: t=1221.6180513328873, value=left, duration=None>
1221.6403 	EXP 	TRIGGER 11 (choice_made)
1222.0735 	EXP 	TRIGGER 34 (anticipation)
1222.0738 	EXP 	Device response: <KeyPress from None: t=1221.6180513328873, value=left, duration=0.1602777079679072>
1222.9236 	EXP 	unnamed TextStim: height = np.float64(0.035)
1222.9236 	EXP 	unnamed TextStim: height = np.float64(0.035)
1222.9236 	EXP 	unnamed TextStim: height = np.float64(0.035)
1222.9236 	EXP 	unnamed TextStim: text = 'Score: 590 pts'
1222.9236 	EXP 	unnamed TextStim: text = ''
1222.9236 	EXP 	unnamed TextStim: height = np.float64(0.1)
1222.9236 	EXP 	unnamed TextStim: height = np.float64(0.1)
1222.9236 	EXP 	unnamed TextStim: height = np.float64(0.1)
1222.9236 	EXP 	unnamed TextStim: text = '+10 Points'
1222.9236 	EXP 	unnamed TextStim: foreColor = [0.1, 0.8, 0.3]
1222.9236 	EXP 	unnamed ImageStim: ori = -4
1222.9236 	EXP 	unnamed ImageStim: image = '/Users/burgerks/Documents/GitHub/motivated_bandit/_task/stimuli/win/sweet/sweet_bandit_050.jpg'
1222.9236 	EXP 	unnamed ImageStim: ori = 1
1222.9236 	EXP 	unnamed ImageStim: image = '/Users/burgerks/Documents/GitHub/motivated_bandit/_task/stimuli/win/sweet/sweet_bandit_098.jpg'
1222.9236 	EXP 	unnamed ImageStim: ori = -3
1222.9236 	EXP 	unnamed ImageStim: image = '/Users/burgerks/Documents/GitHub/motivated_bandit/_task/stimuli/win/sweet/sweet_bandit_110.jpg'
1222.9236 	EXP 	unnamed ImageStim: ori = -4
1222.9236 	EXP 	unnamed ImageStim: image = '/Users/burgerks/Documents/GitHub/motivated_bandit/_task/stimuli/win/sweet/sweet_bandit_135.jpg'
1222.9236 	EXP 	TRIGGER 20 (bandit_win)
1225.1569 	EXP 	unnamed TextStim: text = 'Bonus round!'
1225.1569 	EXP 	unnamed TextStim: foreColor = 'white'
1225.1570 	EXP 	TRIGGER 30 (bonus_intro)
1226.2402 	EXP 	unnamed TextStim: text = '+15 if fast'
1226.2402 	EXP 	unnamed ImageStim: image = '/Users/burgerks/Documents/GitHub/motivated_bandit/_task/stimuli/neutral/bandit_008.jpg'
1226.2402 	EXP 	TRIGGER 32 (cue_neutral)
1227.7736 	EXP 	TRIGGER 33 (fixation)
1229.6236 	EXP 	TRIGGER 35 (target)
1229.8739 	EXP 	Device response: <KeyPress from None: t=1229.8719891249202, value=down, duration=None>
1229.8739 	EXP 	TRIGGER 36 (response)
1229.8782 	DATA 	Keypress: down
1229.8902 	EXP 	TRIGGER 37 (bonus_feedback)
1229.9904 	EXP 	Device response: <KeyPress from None: t=1229.8719891249202, value=down, duration=0.1022794998716563>
1230.5235 	EXP 	unnamed Rect: fillColor = [0.85, 0.85, 0.85]
1230.5235 	EXP 	unnamed Rect: fillColor = [0.85, 0.85, 0.85]
1230.5235 	EXP 	unnamed Rect: fillColor = [0.85, 0.85, 0.85]
1230.5235 	EXP 	unnamed TextStim: text = ''
1230.5235 	EXP 	unnamed TextStim: foreColor = 'white'
1230.5235 	EXP 	unnamed TextStim: text = 'Score: 590 pts'
1230.5235 	EXP 	unnamed TextStim: text = ''
1230.5235 	EXP 	TRIGGER 10 (choice_onset)
1231.0646 	DATA 	Keypress: left
1231.0739 	EXP 	Device response: <KeyPress from None: t=1231.0619139999617, value=left, duration=None>
1231.0903 	EXP 	TRIGGER 11 (choice_made)
1231.5236 	EXP 	TRIGGER 34 (anticipation)
1231.5239 	EXP 	Device response: <KeyPress from None: t=1231.0619139999617, value=left, duration=0.13627991592511535>
1232.4069 	EXP 	unnamed TextStim: height = np.float64(0.035)
1232.4069 	EXP 	unnamed TextStim: height = np.float64(0.035)
1232.4069 	EXP 	unnamed TextStim: height = np.float64(0.035)
1232.4069 	EXP 	unnamed TextStim: text = 'Score: 600 pts'
1232.4069 	EXP 	unnamed TextStim: text = ''
1232.4069 	EXP 	unnamed TextStim: text = '+10 Points'
1232.4069 	EXP 	unnamed TextStim: foreColor = [0.1, 0.8, 0.3]
1232.4069 	EXP 	unnamed ImageStim: ori = 0
1232.4069 	EXP 	unnamed ImageStim: image = '/Users/burgerks/Documents/GitHub/motivated_bandit/_task/stimuli/win/sweet/sweet_bandit_112.jpg'
1232.4069 	EXP 	unnamed ImageStim: ori = -4
1232.4069 	EXP 	unnamed ImageStim: image = '/Users/burgerks/Documents/GitHub/motivated_bandit/_task/stimuli/win/sweet/sweet_bandit_091.jpg'
1232.4069 	EXP 	unnamed ImageStim: ori = -5
1232.4069 	EXP 	unnamed ImageStim: image = '/Users/burgerks/Documents/GitHub/motivated_bandit/_task/stimuli/win/sweet/sweet_bandit_050.jpg'
1232.4069 	EXP 	unnamed ImageStim: ori = 3
1232.4069 	EXP 	unnamed ImageStim: image = '/Users/burgerks/Documents/GitHub/motivated_bandit/_task/stimuli/win/sweet/sweet_bandit_067.jpg'
1232.4070 	EXP 	TRIGGER 20 (bandit_win)
1234.3901 	EXP 	unnamed Rect: fillColor = [0.85, 0.85, 0.85]
1234.3901 	EXP 	unnamed Rect: fillColor = [0.85, 0.85, 0.85]
1234.3901 	EXP 	unnamed Rect: fillColor = [0.85, 0.85, 0.85]
1234.3901 	EXP 	unnamed TextStim: text = ''
1234.3901 	EXP 	unnamed TextStim: foreColor = 'white'
1234.3901 	EXP 	unnamed TextStim: text = 'Score: 600 pts'
1234.3901 	EXP 	unnamed TextStim: text = ''
1234.3902 	EXP 	TRIGGER 10 (choice_onset)
1234.8487 	DATA 	Keypress: left
1234.8573 	EXP 	Device response: <KeyPress from None: t=1234.8458032908384, value=left, duration=None>
1234.8736 	EXP 	TRIGGER 11 (choice_made)
1235.3069 	EXP 	TRIGGER 34 (anticipation)
1235.3072 	EXP 	Device response: <KeyPress from None: t=1234.8458032908384, value=left, duration=0.15633058408275247>
1236.2236 	EXP 	unnamed TextStim: height = np.float64(0.035)
1236.2236 	EXP 	unnamed TextStim: height = np.float64(0.035)
1236.2236 	EXP 	unnamed TextStim: height = np.float64(0.035)
1236.2236 	EXP 	unnamed TextStim: text = 'Score: 610 pts'
1236.2236 	EXP 	unnamed TextStim: text = ''
1236.2236 	EXP 	unnamed TextStim: text = '+10 Points'
1236.2236 	EXP 	unnamed TextStim: foreColor = [0.1, 0.8, 0.3]
1236.2236 	EXP 	unnamed ImageStim: ori = 3
1236.2236 	EXP 	unnamed ImageStim: image = '/Users/burgerks/Documents/GitHub/motivated_bandit/_task/stimuli/win/sweet/sweet_bandit_102.jpg'
1236.2236 	EXP 	unnamed ImageStim: ori = -5
1236.2236 	EXP 	unnamed ImageStim: image = '/Users/burgerks/Documents/GitHub/motivated_bandit/_task/stimuli/win/sweet/sweet_bandit_041.jpg'
1236.2236 	EXP 	unnamed ImageStim: ori = -2
1236.2236 	EXP 	unnamed ImageStim: image = '/Users/burgerks/Documents/GitHub/motivated_bandit/_task/stimuli/win/sweet/sweet_bandit_128.jpg'
1236.2236 	EXP 	unnamed ImageStim: ori = 0
1236.2236 	EXP 	unnamed ImageStim: image = '/Users/burgerks/Documents/GitHub/motivated_bandit/_task/stimuli/win/sweet/sweet_bandit_065.jpg'
1236.2236 	EXP 	TRIGGER 20 (bandit_win)
1238.3901 	EXP 	unnamed Rect: fillColor = [0.85, 0.85, 0.85]
1238.3901 	EXP 	unnamed Rect: fillColor = [0.85, 0.85, 0.85]
1238.3901 	EXP 	unnamed Rect: fillColor = [0.85, 0.85, 0.85]
1238.3901 	EXP 	unnamed TextStim: text = ''
1238.3901 	EXP 	unnamed TextStim: foreColor = 'white'
1238.3901 	EXP 	unnamed TextStim: text = 'Score: 610 pts'
1238.3901 	EXP 	unnamed TextStim: text = ''
1238.3901 	EXP 	TRIGGER 10 (choice_onset)
1238.9740 	EXP 	Device response: <KeyPress from None: t=1238.9706950408872, value=left, duration=None>
1238.9789 	DATA 	Keypress: left
1238.9903 	EXP 	TRIGGER 11 (choice_made)
1239.4236 	EXP 	TRIGGER 34 (anticipation)
1239.4239 	EXP 	Device response: <KeyPress from None: t=1238.9706950408872, value=left, duration=0.17629550001583993>
1240.0902 	EXP 	unnamed TextStim: height = np.float64(0.035)
1240.0902 	EXP 	unnamed TextStim: height = np.float64(0.035)
1240.0902 	EXP 	unnamed TextStim: height = np.float64(0.035)
1240.0902 	EXP 	unnamed TextStim: text = 'Score: 620 pts'
1240.0902 	EXP 	unnamed TextStim: text = ''
1240.0902 	EXP 	unnamed TextStim: text = '+10 Points'
1240.0902 	EXP 	unnamed TextStim: foreColor = [0.1, 0.8, 0.3]
1240.0902 	EXP 	unnamed ImageStim: ori = -5
1240.0902 	EXP 	unnamed ImageStim: image = '/Users/burgerks/Documents/GitHub/motivated_bandit/_task/stimuli/win/sweet/sweet_bandit_161.jpg'
1240.0902 	EXP 	unnamed ImageStim: ori = -1
1240.0902 	EXP 	unnamed ImageStim: image = '/Users/burgerks/Documents/GitHub/motivated_bandit/_task/stimuli/win/sweet/sweet_bandit_073.jpg'
1240.0902 	EXP 	unnamed ImageStim: ori = 1
1240.0902 	EXP 	unnamed ImageStim: image = '/Users/burgerks/Documents/GitHub/motivated_bandit/_task/stimuli/win/sweet/sweet_bandit_115.jpg'
1240.0902 	EXP 	unnamed ImageStim: ori = -3
1240.0902 	EXP 	unnamed ImageStim: image = '/Users/burgerks/Documents/GitHub/motivated_bandit/_task/stimuli/win/sweet/sweet_bandit_152.jpg'
1240.0903 	EXP 	TRIGGER 20 (bandit_win)
1242.0901 	EXP 	unnamed TextStim: text = 'Bonus round!'
1242.0901 	EXP 	unnamed TextStim: foreColor = 'white'
1242.0901 	EXP 	TRIGGER 30 (bonus_intro)
1243.1569 	EXP 	unnamed TextStim: text = '+15 if fast'
1243.1569 	EXP 	unnamed ImageStim: image = '/Users/burgerks/Documents/GitHub/motivated_bandit/_task/stimuli/win/sweet/sweet_bandit_060.jpg'
1243.1569 	EXP 	TRIGGER 31 (cue_food)
1244.6901 	EXP 	TRIGGER 33 (fixation)
1246.4902 	EXP 	TRIGGER 35 (target)
1246.7695 	DATA 	Keypress: down
1246.7739 	EXP 	Device response: <KeyPress from None: t=1246.766683457885, value=down, duration=None>
1246.7739 	EXP 	TRIGGER 36 (response)
1246.7902 	EXP 	TRIGGER 37 (bonus_feedback)
1246.8738 	EXP 	Device response: <KeyPress from None: t=1246.766683457885, value=down, duration=0.0976724170614034>
1247.4235 	EXP 	unnamed Rect: fillColor = [0.85, 0.85, 0.85]
1247.4235 	EXP 	unnamed Rect: fillColor = [0.85, 0.85, 0.85]
1247.4235 	EXP 	unnamed Rect: fillColor = [0.85, 0.85, 0.85]
1247.4235 	EXP 	unnamed TextStim: text = ''
1247.4235 	EXP 	unnamed TextStim: foreColor = 'white'
1247.4235 	EXP 	unnamed TextStim: text = 'Score: 620 pts'
1247.4235 	EXP 	unnamed TextStim: text = ''
1247.4235 	EXP 	TRIGGER 10 (choice_onset)
1248.1028 	DATA 	Keypress: left
1248.1071 	EXP 	Device response: <KeyPress from None: t=1248.1000478328206, value=left, duration=None>
1248.1235 	EXP 	TRIGGER 11 (choice_made)
1248.5568 	EXP 	TRIGGER 34 (anticipation)
1248.5570 	EXP 	Device response: <KeyPress from None: t=1248.1000478328206, value=left, duration=0.16026808298192918>
1249.3068 	EXP 	unnamed TextStim: height = np.float64(0.035)
1249.3068 	EXP 	unnamed TextStim: height = np.float64(0.035)
1249.3068 	EXP 	unnamed TextStim: height = np.float64(0.035)
1249.3068 	EXP 	unnamed TextStim: text = 'Score: 630 pts'
1249.3068 	EXP 	unnamed TextStim: text = ''
1249.3068 	EXP 	unnamed TextStim: text = '+10 Points'
1249.3068 	EXP 	unnamed TextStim: foreColor = [0.1, 0.8, 0.3]
1249.3068 	EXP 	unnamed ImageStim: ori = -4
1249.3068 	EXP 	unnamed ImageStim: image = '/Users/burgerks/Documents/GitHub/motivated_bandit/_task/stimuli/win/sweet/sweet_bandit_028.jpg'
1249.3068 	EXP 	unnamed ImageStim: ori = 1
1249.3068 	EXP 	unnamed ImageStim: image = '/Users/burgerks/Documents/GitHub/motivated_bandit/_task/stimuli/win/sweet/sweet_bandit_081.jpg'
1249.3068 	EXP 	unnamed ImageStim: ori = 4
1249.3068 	EXP 	unnamed ImageStim: image = '/Users/burgerks/Documents/GitHub/motivated_bandit/_task/stimuli/win/sweet/sweet_bandit_111.jpg'
1249.3068 	EXP 	unnamed ImageStim: ori = -1
1249.3068 	EXP 	unnamed ImageStim: image = '/Users/burgerks/Documents/GitHub/motivated_bandit/_task/stimuli/win/sweet/sweet_bandit_020.jpg'
1249.3068 	EXP 	TRIGGER 20 (bandit_win)
1251.5567 	EXP 	unnamed Rect: fillColor = [0.85, 0.85, 0.85]
1251.5567 	EXP 	unnamed Rect: fillColor = [0.85, 0.85, 0.85]
1251.5567 	EXP 	unnamed Rect: fillColor = [0.85, 0.85, 0.85]
1251.5567 	EXP 	unnamed TextStim: text = ''
1251.5567 	EXP 	unnamed TextStim: foreColor = 'white'
1251.5567 	EXP 	unnamed TextStim: text = 'Score: 630 pts'
1251.5567 	EXP 	unnamed TextStim: text = ''
1251.5567 	EXP 	TRIGGER 10 (choice_onset)
1251.9796 	DATA 	Keypress: left
1251.9904 	EXP 	Device response: <KeyPress from None: t=1251.9759005829692, value=left, duration=None>
1252.0067 	EXP 	TRIGGER 11 (choice_made)
1252.4235 	EXP 	TRIGGER 34 (anticipation)
1252.4237 	EXP 	Device response: <KeyPress from None: t=1251.9759005829692, value=left, duration=0.13229033281095326>
1253.3066 	EXP 	unnamed TextStim: height = np.float64(0.035)
1253.3066 	EXP 	unnamed TextStim: height = np.float64(0.035)
1253.3066 	EXP 	unnamed TextStim: height = np.float64(0.035)
1253.3066 	EXP 	unnamed TextStim: text = 'Score: 640 pts'
1253.3066 	EXP 	unnamed TextStim: text = ''
1253.3066 	EXP 	unnamed TextStim: text = '+10 Points'
1253.3066 	EXP 	unnamed TextStim: foreColor = [0.1, 0.8, 0.3]
1253.3066 	EXP 	unnamed ImageStim: ori = -3
1253.3066 	EXP 	unnamed ImageStim: image = '/Users/burgerks/Documents/GitHub/motivated_bandit/_task/stimuli/win/sweet/sweet_bandit_119.jpg'
1253.3066 	EXP 	unnamed ImageStim: ori = -2
1253.3066 	EXP 	unnamed ImageStim: image = '/Users/burgerks/Documents/GitHub/motivated_bandit/_task/stimuli/win/sweet/sweet_bandit_067.jpg'
1253.3066 	EXP 	unnamed ImageStim: ori = 4
1253.3066 	EXP 	unnamed ImageStim: image = '/Users/burgerks/Documents/GitHub/motivated_bandit/_task/stimuli/win/sweet/sweet_bandit_111.jpg'
1253.3066 	EXP 	unnamed ImageStim: ori = -1
1253.3066 	EXP 	unnamed ImageStim: image = '/Users/burgerks/Documents/GitHub/motivated_bandit/_task/stimuli/win/sweet/sweet_bandit_028.jpg'
1253.3066 	EXP 	TRIGGER 20 (bandit_win)
1255.4401 	EXP 	unnamed Rect: fillColor = [0.85, 0.85, 0.85]
1255.4401 	EXP 	unnamed Rect: fillColor = [0.85, 0.85, 0.85]
1255.4401 	EXP 	unnamed Rect: fillColor = [0.85, 0.85, 0.85]
1255.4401 	EXP 	unnamed TextStim: text = ''
1255.4401 	EXP 	unnamed TextStim: foreColor = 'white'
1255.4401 	EXP 	unnamed TextStim: text = 'Score: 640 pts'
1255.4401 	EXP 	unnamed TextStim: text = ''
1255.4401 	EXP 	TRIGGER 10 (choice_onset)
1255.9797 	DATA 	Keypress: down
1255.9904 	EXP 	Device response: <KeyPress from None: t=1255.975782457972, value=down, duration=None>
1256.0067 	EXP 	TRIGGER 11 (choice_made)
1256.4234 	EXP 	TRIGGER 34 (anticipation)
1256.4236 	EXP 	Device response: <KeyPress from None: t=1255.975782457972, value=down, duration=0.14030645787715912>
1257.2900 	EXP 	unnamed TextStim: height = np.float64(0.035)
1257.2900 	EXP 	unnamed TextStim: height = np.float64(0.035)
1257.2900 	EXP 	unnamed TextStim: height = np.float64(0.035)
1257.2900 	EXP 	unnamed TextStim: text = 'Score: 630 pts'
1257.2900 	EXP 	unnamed TextStim: text = ''
1257.2900 	EXP 	unnamed TextStim: height = np.float64(0.1)
1257.2900 	EXP 	unnamed TextStim: height = np.float64(0.1)
1257.2900 	EXP 	unnamed TextStim: height = np.float64(0.1)
1257.2900 	EXP 	unnamed TextStim: text = '-10 Points'
1257.2900 	EXP 	unnamed TextStim: foreColor = [0.9, 0.2, 0.2]
1257.2900 	EXP 	unnamed ImageStim: ori = 0.25
1257.2900 	EXP 	unnamed ImageStim: image = '/Users/burgerks/Documents/GitHub/motivated_bandit/_task/stimuli/loss/lose_pic.png'
1257.2901 	EXP 	TRIGGER 21 (bandit_loss)
1259.3901 	EXP 	unnamed Rect: fillColor = [0.85, 0.85, 0.85]
1259.3901 	EXP 	unnamed Rect: fillColor = [0.85, 0.85, 0.85]
1259.3901 	EXP 	unnamed Rect: fillColor = [0.85, 0.85, 0.85]
1259.3901 	EXP 	unnamed TextStim: text = ''
1259.3901 	EXP 	unnamed TextStim: foreColor = 'white'
1259.3901 	EXP 	unnamed TextStim: text = 'Score: 630 pts'
1259.3901 	EXP 	unnamed TextStim: text = ''
1259.3901 	EXP 	TRIGGER 10 (choice_onset)
1259.8335 	DATA 	Keypress: right
1259.8404 	EXP 	Device response: <KeyPress from None: t=1259.8306777079124, value=right, duration=None>
1259.8567 	EXP 	TRIGGER 11 (choice_made)
1260.2900 	EXP 	TRIGGER 34 (anticipation)
1260.2903 	EXP 	Device response: <KeyPress from None: t=1259.8306777079124, value=right, duration=0.1282804999500513>
1260.9567 	EXP 	unnamed TextStim: height = np.float64(0.035)
1260.9567 	EXP 	unnamed TextStim: height = np.float64(0.035)
1260.9567 	EXP 	unnamed TextStim: height = np.float64(0.035)
1260.9567 	EXP 	unnamed TextStim: text = 'Score: 640 pts'
1260.9567 	EXP 	unnamed TextStim: text = ''
1260.9567 	EXP 	unnamed TextStim: height = np.float64(0.1)
1260.9567 	EXP 	unnamed TextStim: height = np.float64(0.1)
1260.9567 	EXP 	unnamed TextStim: height = np.float64(0.1)
1260.9567 	EXP 	unnamed TextStim: text = '+10 Points'
1260.9567 	EXP 	unnamed TextStim: foreColor = [0.1, 0.8, 0.3]
1260.9567 	EXP 	unnamed ImageStim: ori = -5
1260.9567 	EXP 	unnamed ImageStim: image = '/Users/burgerks/Documents/GitHub/motivated_bandit/_task/stimuli/win/sweet/sweet_bandit_061.jpg'
1260.9567 	EXP 	unnamed ImageStim: ori = 4
1260.9567 	EXP 	unnamed ImageStim: image = '/Users/burgerks/Documents/GitHub/motivated_bandit/_task/stimuli/win/sweet/sweet_bandit_162.jpg'
1260.9567 	EXP 	unnamed ImageStim: ori = 1
1260.9567 	EXP 	unnamed ImageStim: image = '/Users/burgerks/Documents/GitHub/motivated_bandit/_task/stimuli/win/sweet/sweet_bandit_070.jpg'
1260.9567 	EXP 	unnamed ImageStim: ori = -2
1260.9567 	EXP 	unnamed ImageStim: image = '/Users/burgerks/Documents/GitHub/motivated_bandit/_task/stimuli/win/sweet/sweet_bandit_048.jpg'
1260.9567 	EXP 	TRIGGER 20 (bandit_win)
1263.0401 	EXP 	unnamed Rect: fillColor = [0.85, 0.85, 0.85]
1263.0401 	EXP 	unnamed Rect: fillColor = [0.85, 0.85, 0.85]
1263.0401 	EXP 	unnamed Rect: fillColor = [0.85, 0.85, 0.85]
1263.0401 	EXP 	unnamed TextStim: text = ''
1263.0401 	EXP 	unnamed TextStim: foreColor = 'white'
1263.0401 	EXP 	unnamed TextStim: text = 'Score: 640 pts'
1263.0401 	EXP 	unnamed TextStim: text = ''
1263.0401 	EXP 	TRIGGER 10 (choice_onset)
1263.3799 	DATA 	Keypress: right
1263.3904 	EXP 	Device response: <KeyPress from None: t=1263.3765456657857, value=right, duration=None>
1263.4067 	EXP 	TRIGGER 11 (choice_made)
1263.8400 	EXP 	TRIGGER 34 (anticipation)
1263.8404 	EXP 	Device response: <KeyPress from None: t=1263.3765456657857, value=right, duration=0.1603160840459168>
1264.5734 	EXP 	unnamed TextStim: height = np.float64(0.035)
1264.5734 	EXP 	unnamed TextStim: height = np.float64(0.035)
1264.5734 	EXP 	unnamed TextStim: height = np.float64(0.035)
1264.5734 	EXP 	unnamed TextStim: text = 'Score: 650 pts'
1264.5734 	EXP 	unnamed TextStim: text = ''
1264.5734 	EXP 	unnamed TextStim: text = '+10 Points'
1264.5734 	EXP 	unnamed TextStim: foreColor = [0.1, 0.8, 0.3]
1264.5734 	EXP 	unnamed ImageStim: ori = -1
1264.5734 	EXP 	unnamed ImageStim: image = '/Users/burgerks/Documents/GitHub/motivated_bandit/_task/stimuli/win/sweet/sweet_bandit_055.jpg'
1264.5734 	EXP 	unnamed ImageStim: ori = -1
1264.5734 	EXP 	unnamed ImageStim: image = '/Users/burgerks/Documents/GitHub/motivated_bandit/_task/stimuli/win/sweet/sweet_bandit_126.jpg'
1264.5734 	EXP 	unnamed ImageStim: ori = 3
1264.5734 	EXP 	unnamed ImageStim: image = '/Users/burgerks/Documents/GitHub/motivated_bandit/_task/stimuli/win/sweet/sweet_bandit_041.jpg'
1264.5734 	EXP 	unnamed ImageStim: ori = 0
1264.5734 	EXP 	unnamed ImageStim: image = '/Users/burgerks/Documents/GitHub/motivated_bandit/_task/stimuli/win/sweet/sweet_bandit_054.jpg'
1264.5734 	EXP 	TRIGGER 20 (bandit_win)
1266.7067 	EXP 	unnamed TextStim: text = 'Bonus round!'
1266.7067 	EXP 	unnamed TextStim: foreColor = 'white'
1266.7067 	EXP 	TRIGGER 30 (bonus_intro)
1267.7900 	EXP 	unnamed TextStim: text = '+15 if fast'
1267.7900 	EXP 	unnamed ImageStim: image = '/Users/burgerks/Documents/GitHub/motivated_bandit/_task/stimuli/win/sweet/sweet_bandit_138.jpg'
1267.7901 	EXP 	TRIGGER 31 (cue_food)
1269.3233 	EXP 	TRIGGER 33 (fixation)
1271.2067 	EXP 	TRIGGER 35 (target)
1271.4629 	DATA 	Keypress: right
1271.4737 	EXP 	Device response: <KeyPress from None: t=1271.458269750001, value=right, duration=None>
1271.4737 	EXP 	TRIGGER 36 (response)
1271.4900 	EXP 	TRIGGER 37 (bonus_feedback)
1271.5569 	EXP 	Device response: <KeyPress from None: t=1271.458269750001, value=right, duration=0.08629962499253452>
1272.1233 	EXP 	unnamed Rect: fillColor = [0.85, 0.85, 0.85]
1272.1233 	EXP 	unnamed Rect: fillColor = [0.85, 0.85, 0.85]
1272.1233 	EXP 	unnamed Rect: fillColor = [0.85, 0.85, 0.85]
1272.1233 	EXP 	unnamed TextStim: text = ''
1272.1233 	EXP 	unnamed TextStim: foreColor = 'white'
1272.1233 	EXP 	unnamed TextStim: text = 'Score: 650 pts'
1272.1233 	EXP 	unnamed TextStim: text = ''
1272.1233 	EXP 	TRIGGER 10 (choice_onset)
1273.0903 	EXP 	Device response: <KeyPress from None: t=1273.089214624837, value=right, duration=None>
1273.0961 	DATA 	Keypress: right
1273.1066 	EXP 	TRIGGER 11 (choice_made)
1273.5234 	EXP 	TRIGGER 34 (anticipation)
1273.5237 	EXP 	Device response: <KeyPress from None: t=1273.089214624837, value=right, duration=0.092291166074574>
1274.2067 	EXP 	unnamed TextStim: height = np.float64(0.035)
1274.2067 	EXP 	unnamed TextStim: height = np.float64(0.035)
1274.2067 	EXP 	unnamed TextStim: height = np.float64(0.035)
1274.2067 	EXP 	unnamed TextStim: text = 'Score: 640 pts'
1274.2067 	EXP 	unnamed TextStim: text = ''
1274.2067 	EXP 	unnamed TextStim: height = np.float64(0.1)
1274.2067 	EXP 	unnamed TextStim: height = np.float64(0.1)
1274.2067 	EXP 	unnamed TextStim: height = np.float64(0.1)
1274.2067 	EXP 	unnamed TextStim: text = '-10 Points'
1274.2067 	EXP 	unnamed TextStim: foreColor = [0.9, 0.2, 0.2]
1274.2067 	EXP 	unnamed ImageStim: ori = -0.25
1274.2067 	EXP 	unnamed ImageStim: image = '/Users/burgerks/Documents/GitHub/motivated_bandit/_task/stimuli/loss/lose_pic.png'
1274.2067 	EXP 	TRIGGER 21 (bandit_loss)
1276.4066 	EXP 	unnamed Rect: fillColor = [0.85, 0.85, 0.85]
1276.4066 	EXP 	unnamed Rect: fillColor = [0.85, 0.85, 0.85]
1276.4066 	EXP 	unnamed Rect: fillColor = [0.85, 0.85, 0.85]
1276.4066 	EXP 	unnamed TextStim: text = ''
1276.4066 	EXP 	unnamed TextStim: foreColor = 'white'
1276.4066 	EXP 	unnamed TextStim: text = 'Score: 640 pts'
1276.4066 	EXP 	unnamed TextStim: text = ''
1276.4066 	EXP 	TRIGGER 10 (choice_onset)
1276.9861 	DATA 	Keypress: left
1276.9902 	EXP 	Device response: <KeyPress from None: t=1276.9830977078527, value=left, duration=None>
1277.0066 	EXP 	TRIGGER 11 (choice_made)
1277.4233 	EXP 	TRIGGER 34 (anticipation)
1277.4236 	EXP 	Device response: <KeyPress from None: t=1276.9830977078527, value=left, duration=0.15234670811332762>
1278.2733 	EXP 	unnamed TextStim: height = np.float64(0.035)
1278.2733 	EXP 	unnamed TextStim: height = np.float64(0.035)
1278.2733 	EXP 	unnamed TextStim: height = np.float64(0.035)
1278.2733 	EXP 	unnamed TextStim: text = 'Score: 650 pts'
1278.2733 	EXP 	unnamed TextStim: text = ''
1278.2733 	EXP 	unnamed TextStim: height = np.float64(0.1)
1278.2733 	EXP 	unnamed TextStim: height = np.float64(0.1)
1278.2733 	EXP 	unnamed TextStim: height = np.float64(0.1)
1278.2733 	EXP 	unnamed TextStim: text = '+10 Points'
1278.2733 	EXP 	unnamed TextStim: foreColor = [0.1, 0.8, 0.3]
1278.2733 	EXP 	unnamed ImageStim: ori = -4
1278.2733 	EXP 	unnamed ImageStim: image = '/Users/burgerks/Documents/GitHub/motivated_bandit/_task/stimuli/win/sweet/sweet_bandit_055.jpg'
1278.2733 	EXP 	unnamed ImageStim: ori = -5
1278.2733 	EXP 	unnamed ImageStim: image = '/Users/burgerks/Documents/GitHub/motivated_bandit/_task/stimuli/win/sweet/sweet_bandit_156.jpg'
1278.2733 	EXP 	unnamed ImageStim: ori = -1
1278.2733 	EXP 	unnamed ImageStim: image = '/Users/burgerks/Documents/GitHub/motivated_bandit/_task/stimuli/win/sweet/sweet_bandit_127.jpg'
1278.2733 	EXP 	unnamed ImageStim: ori = -4
1278.2733 	EXP 	unnamed ImageStim: image = '/Users/burgerks/Documents/GitHub/motivated_bandit/_task/stimuli/win/sweet/sweet_bandit_150.jpg'
1278.2733 	EXP 	TRIGGER 20 (bandit_win)
1280.3399 	EXP 	unnamed TextStim: text = 'Bonus round!'
1280.3399 	EXP 	unnamed TextStim: foreColor = 'white'
1280.3399 	EXP 	TRIGGER 30 (bonus_intro)
1281.4400 	EXP 	unnamed TextStim: text = '+15 if fast'
1281.4400 	EXP 	unnamed ImageStim: image = '/Users/burgerks/Documents/GitHub/motivated_bandit/_task/stimuli/win/sweet/sweet_bandit_095.jpg'
1281.4400 	EXP 	TRIGGER 31 (cue_food)
1282.9732 	EXP 	TRIGGER 33 (fixation)
1284.2898 	EXP 	TRIGGER 35 (target)
1284.5402 	EXP 	Device response: <KeyPress from None: t=1284.5367468749173, value=down, duration=None>
1284.5402 	EXP 	TRIGGER 36 (response)
1284.5447 	DATA 	Keypress: down
1284.5565 	EXP 	TRIGGER 37 (bonus_feedback)
1284.6236 	EXP 	Device response: <KeyPress from None: t=1284.5367468749173, value=down, duration=0.08230087487027049>
1285.1732 	EXP 	unnamed Rect: fillColor = [0.85, 0.85, 0.85]
1285.1732 	EXP 	unnamed Rect: fillColor = [0.85, 0.85, 0.85]
1285.1732 	EXP 	unnamed Rect: fillColor = [0.85, 0.85, 0.85]
1285.1732 	EXP 	unnamed TextStim: text = ''
1285.1732 	EXP 	unnamed TextStim: foreColor = 'white'
1285.1732 	EXP 	unnamed TextStim: text = 'Score: 650 pts'
1285.1732 	EXP 	unnamed TextStim: text = ''
1285.1732 	EXP 	TRIGGER 10 (choice_onset)
1285.8024 	DATA 	Keypress: left
1285.8069 	EXP 	Device response: <KeyPress from None: t=1285.7996847499162, value=left, duration=None>
1285.8233 	EXP 	TRIGGER 11 (choice_made)
1286.2565 	EXP 	TRIGGER 34 (anticipation)
1286.2568 	EXP 	Device response: <KeyPress from None: t=1285.7996847499162, value=left, duration=0.09229612490162253>
1287.1732 	EXP 	unnamed TextStim: height = np.float64(0.035)
1287.1732 	EXP 	unnamed TextStim: height = np.float64(0.035)
1287.1732 	EXP 	unnamed TextStim: height = np.float64(0.035)
1287.1732 	EXP 	unnamed TextStim: text = 'Score: 660 pts'
1287.1732 	EXP 	unnamed TextStim: text = ''
1287.1732 	EXP 	unnamed TextStim: text = '+10 Points'
1287.1732 	EXP 	unnamed TextStim: foreColor = [0.1, 0.8, 0.3]
1287.1732 	EXP 	unnamed ImageStim: ori = -3
1287.1732 	EXP 	unnamed ImageStim: image = '/Users/burgerks/Documents/GitHub/motivated_bandit/_task/stimuli/win/sweet/sweet_bandit_059.jpg'
1287.1732 	EXP 	unnamed ImageStim: ori = -2
1287.1732 	EXP 	unnamed ImageStim: image = '/Users/burgerks/Documents/GitHub/motivated_bandit/_task/stimuli/win/sweet/sweet_bandit_156.jpg'
1287.1732 	EXP 	unnamed ImageStim: ori = -5
1287.1732 	EXP 	unnamed ImageStim: image = '/Users/burgerks/Documents/GitHub/motivated_bandit/_task/stimuli/win/sweet/sweet_bandit_120.jpg'
1287.1732 	EXP 	unnamed ImageStim: ori = 3
1287.1732 	EXP 	unnamed ImageStim: image = '/Users/burgerks/Documents/GitHub/motivated_bandit/_task/stimuli/win/sweet/sweet_bandit_115.jpg'
1287.1733 	EXP 	TRIGGER 20 (bandit_win)
1289.3066 	EXP 	unnamed Rect: fillColor = [0.85, 0.85, 0.85]
1289.3066 	EXP 	unnamed Rect: fillColor = [0.85, 0.85, 0.85]
1289.3066 	EXP 	unnamed Rect: fillColor = [0.85, 0.85, 0.85]
1289.3066 	EXP 	unnamed TextStim: text = ''
1289.3066 	EXP 	unnamed TextStim: foreColor = 'white'
1289.3066 	EXP 	unnamed TextStim: text = 'Score: 660 pts'
1289.3066 	EXP 	unnamed TextStim: text = ''
1289.3066 	EXP 	TRIGGER 10 (choice_onset)
1289.8555 	DATA 	Keypress: left
1289.8569 	EXP 	Device response: <KeyPress from None: t=1289.8525754997972, value=left, duration=None>
1289.8732 	EXP 	TRIGGER 11 (choice_made)
1290.2899 	EXP 	TRIGGER 34 (anticipation)
1290.2901 	EXP 	Device response: <KeyPress from None: t=1289.8525754997972, value=left, duration=0.12427916610613465>
1291.0397 	EXP 	unnamed TextStim: height = np.float64(0.035)
1291.0397 	EXP 	unnamed TextStim: height = np.float64(0.035)
1291.0397 	EXP 	unnamed TextStim: height = np.float64(0.035)
1291.0397 	EXP 	unnamed TextStim: text = 'Score: 670 pts'
1291.0397 	EXP 	unnamed TextStim: text = ''
1291.0397 	EXP 	unnamed TextStim: text = '+10 Points'
1291.0397 	EXP 	unnamed TextStim: foreColor = [0.1, 0.8, 0.3]
1291.0397 	EXP 	unnamed ImageStim: ori = 5
1291.0397 	EXP 	unnamed ImageStim: image = '/Users/burgerks/Documents/GitHub/motivated_bandit/_task/stimuli/win/sweet/sweet_bandit_062.jpg'
1291.0397 	EXP 	unnamed ImageStim: ori = -4
1291.0397 	EXP 	unnamed ImageStim: image = '/Users/burgerks/Documents/GitHub/motivated_bandit/_task/stimuli/win/sweet/sweet_bandit_070.jpg'
1291.0397 	EXP 	unnamed ImageStim: ori = -1
1291.0397 	EXP 	unnamed ImageStim: image = '/Users/burgerks/Documents/GitHub/motivated_bandit/_task/stimuli/win/sweet/sweet_bandit_162.jpg'
1291.0397 	EXP 	unnamed ImageStim: ori = 0
1291.0397 	EXP 	unnamed ImageStim: image = '/Users/burgerks/Documents/GitHub/motivated_bandit/_task/stimuli/win/sweet/sweet_bandit_060.jpg'
1291.0398 	EXP 	TRIGGER 20 (bandit_win)
1293.0732 	EXP 	unnamed TextStim: text = 'Bonus round!'
1293.0732 	EXP 	unnamed TextStim: foreColor = 'white'
1293.0732 	EXP 	TRIGGER 30 (bonus_intro)
1294.1566 	EXP 	unnamed TextStim: text = '+15 if fast'
1294.1566 	EXP 	unnamed ImageStim: image = '/Users/burgerks/Documents/GitHub/motivated_bandit/_task/stimuli/win/sweet/sweet_bandit_025.jpg'
1294.1566 	EXP 	TRIGGER 31 (cue_food)
1295.6898 	EXP 	TRIGGER 33 (fixation)
1296.9399 	EXP 	TRIGGER 35 (target)
1297.1902 	EXP 	Device response: <KeyPress from None: t=1297.1886903329287, value=down, duration=None>
1297.1902 	EXP 	TRIGGER 36 (response)
1297.1957 	DATA 	Keypress: down
1297.2066 	EXP 	TRIGGER 37 (bonus_feedback)
1297.3234 	EXP 	Device response: <KeyPress from None: t=1297.1886903329287, value=down, duration=0.13428883301094174>
1297.8398 	EXP 	unnamed Rect: fillColor = [0.85, 0.85, 0.85]
1297.8398 	EXP 	unnamed Rect: fillColor = [0.85, 0.85, 0.85]
1297.8398 	EXP 	unnamed Rect: fillColor = [0.85, 0.85, 0.85]
1297.8398 	EXP 	unnamed TextStim: text = ''
1297.8398 	EXP 	unnamed TextStim: foreColor = 'white'
1297.8398 	EXP 	unnamed TextStim: text = 'Score: 670 pts'
1297.8398 	EXP 	unnamed TextStim: text = ''
1297.8399 	EXP 	TRIGGER 10 (choice_onset)
1298.4864 	DATA 	Keypress: left
1298.4901 	EXP 	Device response: <KeyPress from None: t=1298.4836436659098, value=left, duration=None>
1298.5065 	EXP 	TRIGGER 11 (choice_made)
1298.9398 	EXP 	TRIGGER 34 (anticipation)
1298.9401 	EXP 	Device response: <KeyPress from None: t=1298.4836436659098, value=left, duration=0.18028883403167129>
1299.9565 	EXP 	unnamed TextStim: height = np.float64(0.035)
1299.9565 	EXP 	unnamed TextStim: height = np.float64(0.035)
1299.9565 	EXP 	unnamed TextStim: height = np.float64(0.035)
1299.9565 	EXP 	unnamed TextStim: text = 'Score: 680 pts'
1299.9565 	EXP 	unnamed TextStim: text = ''
1299.9565 	EXP 	unnamed TextStim: text = '+10 Points'
1299.9565 	EXP 	unnamed TextStim: foreColor = [0.1, 0.8, 0.3]
1299.9565 	EXP 	unnamed ImageStim: ori = -5
1299.9565 	EXP 	unnamed ImageStim: image = '/Users/burgerks/Documents/GitHub/motivated_bandit/_task/stimuli/win/sweet/sweet_bandit_067.jpg'
1299.9565 	EXP 	unnamed ImageStim: ori = -3
1299.9565 	EXP 	unnamed ImageStim: image = '/Users/burgerks/Documents/GitHub/motivated_bandit/_task/stimuli/win/sweet/sweet_bandit_156.jpg'
1299.9565 	EXP 	unnamed ImageStim: ori = 2
1299.9565 	EXP 	unnamed ImageStim: image = '/Users/burgerks/Documents/GitHub/motivated_bandit/_task/stimuli/win/sweet/sweet_bandit_017.jpg'
1299.9565 	EXP 	unnamed ImageStim: ori = 5
1299.9565 	EXP 	unnamed ImageStim: image = '/Users/burgerks/Documents/GitHub/motivated_bandit/_task/stimuli/win/sweet/sweet_bandit_048.jpg'
1299.9565 	EXP 	TRIGGER 20 (bandit_win)
1302.1398 	EXP 	unnamed Rect: fillColor = [0.85, 0.85, 0.85]
1302.1398 	EXP 	unnamed Rect: fillColor = [0.85, 0.85, 0.85]
1302.1398 	EXP 	unnamed Rect: fillColor = [0.85, 0.85, 0.85]
1302.1398 	EXP 	unnamed TextStim: text = ''
1302.1398 	EXP 	unnamed TextStim: foreColor = 'white'
1302.1398 	EXP 	unnamed TextStim: text = 'Score: 680 pts'
1302.1398 	EXP 	unnamed TextStim: text = ''
1302.1398 	EXP 	TRIGGER 10 (choice_onset)
1302.6127 	DATA 	Keypress: left
1302.6235 	EXP 	Device response: <KeyPress from None: t=1302.6084929159842, value=left, duration=None>
1302.6398 	EXP 	TRIGGER 11 (choice_made)
1303.0730 	EXP 	TRIGGER 34 (anticipation)
1303.0733 	EXP 	Device response: <KeyPress from None: t=1302.6084929159842, value=left, duration=0.13633287488482893>
1303.9398 	EXP 	unnamed TextStim: height = np.float64(0.035)
1303.9398 	EXP 	unnamed TextStim: height = np.float64(0.035)
1303.9398 	EXP 	unnamed TextStim: height = np.float64(0.035)
1303.9398 	EXP 	unnamed TextStim: text = 'Score: 690 pts'
1303.9398 	EXP 	unnamed TextStim: text = ''
1303.9398 	EXP 	unnamed TextStim: text = '+10 Points'
1303.9398 	EXP 	unnamed TextStim: foreColor = [0.1, 0.8, 0.3]
1303.9398 	EXP 	unnamed ImageStim: ori = 5
1303.9398 	EXP 	unnamed ImageStim: image = '/Users/burgerks/Documents/GitHub/motivated_bandit/_task/stimuli/win/sweet/sweet_bandit_017.jpg'
1303.9398 	EXP 	unnamed ImageStim: ori = 1
1303.9398 	EXP 	unnamed ImageStim: image = '/Users/burgerks/Documents/GitHub/motivated_bandit/_task/stimuli/win/sweet/sweet_bandit_150.jpg'
1303.9398 	EXP 	unnamed ImageStim: ori = 1
1303.9398 	EXP 	unnamed ImageStim: image = '/Users/burgerks/Documents/GitHub/motivated_bandit/_task/stimuli/win/sweet/sweet_bandit_151.jpg'
1303.9398 	EXP 	unnamed ImageStim: ori = -4
1303.9398 	EXP 	unnamed ImageStim: image = '/Users/burgerks/Documents/GitHub/motivated_bandit/_task/stimuli/win/sweet/sweet_bandit_059.jpg'
1303.9398 	EXP 	TRIGGER 20 (bandit_win)
1306.0897 	EXP 	unnamed Rect: fillColor = [0.85, 0.85, 0.85]
1306.0897 	EXP 	unnamed Rect: fillColor = [0.85, 0.85, 0.85]
1306.0897 	EXP 	unnamed Rect: fillColor = [0.85, 0.85, 0.85]
1306.0897 	EXP 	unnamed TextStim: text = ''
1306.0897 	EXP 	unnamed TextStim: foreColor = 'white'
1306.0897 	EXP 	unnamed TextStim: text = 'Score: 690 pts'
1306.0897 	EXP 	unnamed TextStim: text = ''
1306.0898 	EXP 	TRIGGER 10 (choice_onset)
1306.4003 	DATA 	Keypress: left
1306.4068 	EXP 	Device response: <KeyPress from None: t=1306.3974054160062, value=left, duration=None>
1306.4231 	EXP 	TRIGGER 11 (choice_made)
1306.8398 	EXP 	TRIGGER 34 (anticipation)
1306.8400 	EXP 	Device response: <KeyPress from None: t=1306.3974054160062, value=left, duration=0.1442965418100357>
1307.7064 	EXP 	unnamed TextStim: height = np.float64(0.035)
1307.7064 	EXP 	unnamed TextStim: height = np.float64(0.035)
1307.7064 	EXP 	unnamed TextStim: height = np.float64(0.035)
1307.7064 	EXP 	unnamed TextStim: text = 'Score: 700 pts'
1307.7064 	EXP 	unnamed TextStim: text = ''
1307.7064 	EXP 	unnamed TextStim: text = '+10 Points'
1307.7064 	EXP 	unnamed TextStim: foreColor = [0.1, 0.8, 0.3]
1307.7064 	EXP 	unnamed ImageStim: ori = 0
1307.7064 	EXP 	unnamed ImageStim: image = '/Users/burgerks/Documents/GitHub/motivated_bandit/_task/stimuli/win/sweet/sweet_bandit_015.jpg'
1307.7064 	EXP 	unnamed ImageStim: ori = -2
1307.7064 	EXP 	unnamed ImageStim: image = '/Users/burgerks/Documents/GitHub/motivated_bandit/_task/stimuli/win/sweet/sweet_bandit_130.jpg'
1307.7064 	EXP 	unnamed ImageStim: ori = -2
1307.7064 	EXP 	unnamed ImageStim: image = '/Users/burgerks/Documents/GitHub/motivated_bandit/_task/stimuli/win/sweet/sweet_bandit_112.jpg'
1307.7064 	EXP 	unnamed ImageStim: ori = 5
1307.7064 	EXP 	unnamed ImageStim: image = '/Users/burgerks/Documents/GitHub/motivated_bandit/_task/stimuli/win/sweet/sweet_bandit_155.jpg'
1307.7065 	EXP 	TRIGGER 20 (bandit_win)
1309.9231 	EXP 	unnamed Rect: fillColor = [0.85, 0.85, 0.85]
1309.9231 	EXP 	unnamed Rect: fillColor = [0.85, 0.85, 0.85]
1309.9231 	EXP 	unnamed Rect: fillColor = [0.85, 0.85, 0.85]
1309.9231 	EXP 	unnamed TextStim: text = ''
1309.9231 	EXP 	unnamed TextStim: foreColor = 'white'
1309.9231 	EXP 	unnamed TextStim: text = 'Score: 700 pts'
1309.9231 	EXP 	unnamed TextStim: text = ''
1309.9231 	EXP 	TRIGGER 10 (choice_onset)
1310.5131 	DATA 	Keypress: left
1310.5234 	EXP 	Device response: <KeyPress from None: t=1310.510279207956, value=left, duration=None>
1310.5397 	EXP 	TRIGGER 11 (choice_made)
1310.9731 	EXP 	TRIGGER 34 (anticipation)
1310.9733 	EXP 	Device response: <KeyPress from None: t=1310.510279207956, value=left, duration=0.1763165418524295>
1311.7395 	EXP 	unnamed TextStim: height = np.float64(0.035)
1311.7395 	EXP 	unnamed TextStim: height = np.float64(0.035)
1311.7395 	EXP 	unnamed TextStim: height = np.float64(0.035)
1311.7395 	EXP 	unnamed TextStim: text = 'Score: 710 pts'
1311.7395 	EXP 	unnamed TextStim: text = ''
1311.7395 	EXP 	unnamed TextStim: text = '+10 Points'
1311.7395 	EXP 	unnamed TextStim: foreColor = [0.1, 0.8, 0.3]
1311.7395 	EXP 	unnamed ImageStim: ori = -5
1311.7395 	EXP 	unnamed ImageStim: image = '/Users/burgerks/Documents/GitHub/motivated_bandit/_task/stimuli/win/sweet/sweet_bandit_015.jpg'
1311.7395 	EXP 	unnamed ImageStim: ori = 4
1311.7395 	EXP 	unnamed ImageStim: image = '/Users/burgerks/Documents/GitHub/motivated_bandit/_task/stimuli/win/sweet/sweet_bandit_054.jpg'
1311.7395 	EXP 	unnamed ImageStim: ori = 1
1311.7395 	EXP 	unnamed ImageStim: image = '/Users/burgerks/Documents/GitHub/motivated_bandit/_task/stimuli/win/sweet/sweet_bandit_003.jpg'
1311.7395 	EXP 	unnamed ImageStim: ori = -5
1311.7395 	EXP 	unnamed ImageStim: image = '/Users/burgerks/Documents/GitHub/motivated_bandit/_task/stimuli/win/sweet/sweet_bandit_091.jpg'
1311.7396 	EXP 	TRIGGER 20 (bandit_win)
1313.8564 	EXP 	unnamed TextStim: text = 'Bonus round!'
1313.8564 	EXP 	unnamed TextStim: foreColor = 'white'
1313.8564 	EXP 	TRIGGER 30 (bonus_intro)
1314.9397 	EXP 	unnamed TextStim: text = '+15 if fast'
1314.9397 	EXP 	unnamed ImageStim: image = '/Users/burgerks/Documents/GitHub/motivated_bandit/_task/stimuli/neutral/bandit_001.jpg'
1314.9397 	EXP 	TRIGGER 32 (cue_neutral)
1316.4564 	EXP 	TRIGGER 33 (fixation)
1318.2397 	EXP 	TRIGGER 35 (target)
1318.4823 	DATA 	Keypress: down
1318.4900 	EXP 	Device response: <KeyPress from None: t=1318.4793692079838, value=down, duration=None>
1318.4901 	EXP 	TRIGGER 36 (response)
1318.5063 	EXP 	TRIGGER 37 (bonus_feedback)
1318.5732 	EXP 	Device response: <KeyPress from None: t=1318.4793692079838, value=down, duration=0.08227299991995096>
1319.1397 	EXP 	unnamed Rect: fillColor = [0.85, 0.85, 0.85]
1319.1397 	EXP 	unnamed Rect: fillColor = [0.85, 0.85, 0.85]
1319.1397 	EXP 	unnamed Rect: fillColor = [0.85, 0.85, 0.85]
1319.1397 	EXP 	unnamed TextStim: text = ''
1319.1397 	EXP 	unnamed TextStim: foreColor = 'white'
1319.1397 	EXP 	unnamed TextStim: text = 'Score: 710 pts'
1319.1397 	EXP 	unnamed TextStim: text = ''
1319.1397 	EXP 	TRIGGER 10 (choice_onset)
1319.5626 	DATA 	Keypress: left
1319.5733 	EXP 	Device response: <KeyPress from None: t=1319.5562824578956, value=left, duration=None>
1319.5896 	EXP 	TRIGGER 11 (choice_made)
1320.0229 	EXP 	TRIGGER 34 (anticipation)
1320.0232 	EXP 	Device response: <KeyPress from None: t=1319.5562824578956, value=left, duration=0.12428991706110537>
1320.8064 	EXP 	unnamed TextStim: height = np.float64(0.035)
1320.8064 	EXP 	unnamed TextStim: height = np.float64(0.035)
1320.8064 	EXP 	unnamed TextStim: height = np.float64(0.035)
1320.8064 	EXP 	unnamed TextStim: text = 'Score: 720 pts'
1320.8064 	EXP 	unnamed TextStim: text = ''
1320.8064 	EXP 	unnamed TextStim: text = '+10 Points'
1320.8064 	EXP 	unnamed TextStim: foreColor = [0.1, 0.8, 0.3]
1320.8064 	EXP 	unnamed ImageStim: ori = 3
1320.8064 	EXP 	unnamed ImageStim: image = '/Users/burgerks/Documents/GitHub/motivated_bandit/_task/stimuli/win/sweet/sweet_bandit_065.jpg'
1320.8064 	EXP 	unnamed ImageStim: ori = 2
1320.8064 	EXP 	unnamed ImageStim: image = '/Users/burgerks/Documents/GitHub/motivated_bandit/_task/stimuli/win/sweet/sweet_bandit_158.jpg'
1320.8064 	EXP 	unnamed ImageStim: ori = -1
1320.8064 	EXP 	unnamed ImageStim: image = '/Users/burgerks/Documents/GitHub/motivated_bandit/_task/stimuli/win/sweet/sweet_bandit_067.jpg'
1320.8064 	EXP 	unnamed ImageStim: ori = 4
1320.8064 	EXP 	unnamed ImageStim: image = '/Users/burgerks/Documents/GitHub/motivated_bandit/_task/stimuli/win/sweet/sweet_bandit_010.jpg'
1320.8065 	EXP 	TRIGGER 20 (bandit_win)
1322.9063 	EXP 	unnamed Rect: fillColor = [0.85, 0.85, 0.85]
1322.9063 	EXP 	unnamed Rect: fillColor = [0.85, 0.85, 0.85]
1322.9063 	EXP 	unnamed Rect: fillColor = [0.85, 0.85, 0.85]
1322.9063 	EXP 	unnamed TextStim: text = ''
1322.9063 	EXP 	unnamed TextStim: foreColor = 'white'
1322.9063 	EXP 	unnamed TextStim: text = 'Score: 720 pts'
1322.9063 	EXP 	unnamed TextStim: text = ''
1322.9063 	EXP 	TRIGGER 10 (choice_onset)
1323.3322 	DATA 	Keypress: left
1323.3400 	EXP 	Device response: <KeyPress from None: t=1323.3293315409683, value=left, duration=None>
1323.3562 	EXP 	TRIGGER 11 (choice_made)
1323.7896 	EXP 	TRIGGER 34 (anticipation)
1323.7899 	EXP 	Device response: <KeyPress from None: t=1323.3293315409683, value=left, duration=0.16415483388118446>
1324.8230 	EXP 	unnamed TextStim: height = np.float64(0.035)
1324.8230 	EXP 	unnamed TextStim: height = np.float64(0.035)
1324.8230 	EXP 	unnamed TextStim: height = np.float64(0.035)
1324.8230 	EXP 	unnamed TextStim: text = 'Score: 730 pts'
1324.8230 	EXP 	unnamed TextStim: text = ''
1324.8230 	EXP 	unnamed TextStim: text = '+10 Points'
1324.8230 	EXP 	unnamed TextStim: foreColor = [0.1, 0.8, 0.3]
1324.8230 	EXP 	unnamed ImageStim: ori = -1
1324.8230 	EXP 	unnamed ImageStim: image = '/Users/burgerks/Documents/GitHub/motivated_bandit/_task/stimuli/win/sweet/sweet_bandit_025.jpg'
1324.8230 	EXP 	unnamed ImageStim: ori = 3
1324.8230 	EXP 	unnamed ImageStim: image = '/Users/burgerks/Documents/GitHub/motivated_bandit/_task/stimuli/win/sweet/sweet_bandit_048.jpg'
1324.8230 	EXP 	unnamed ImageStim: ori = -4
1324.8230 	EXP 	unnamed ImageStim: image = '/Users/burgerks/Documents/GitHub/motivated_bandit/_task/stimuli/win/sweet/sweet_bandit_095.jpg'
1324.8230 	EXP 	unnamed ImageStim: ori = 3
1324.8230 	EXP 	unnamed ImageStim: image = '/Users/burgerks/Documents/GitHub/motivated_bandit/_task/stimuli/win/sweet/sweet_bandit_073.jpg'
1324.8233 	EXP 	TRIGGER 20 (bandit_win)
1326.8729 	EXP 	unnamed Rect: fillColor = [0.85, 0.85, 0.85]
1326.8729 	EXP 	unnamed Rect: fillColor = [0.85, 0.85, 0.85]
1326.8729 	EXP 	unnamed Rect: fillColor = [0.85, 0.85, 0.85]
1326.8729 	EXP 	unnamed TextStim: text = ''
1326.8729 	EXP 	unnamed TextStim: foreColor = 'white'
1326.8729 	EXP 	unnamed TextStim: text = 'Score: 730 pts'
1326.8729 	EXP 	unnamed TextStim: text = ''
1326.8730 	EXP 	TRIGGER 10 (choice_onset)
1327.3459 	DATA 	Keypress: left
1327.3566 	EXP 	Device response: <KeyPress from None: t=1327.3420573328622, value=left, duration=None>
1327.3729 	EXP 	TRIGGER 11 (choice_made)
1327.8064 	EXP 	TRIGGER 34 (anticipation)
1327.8066 	EXP 	Device response: <KeyPress from None: t=1327.3420573328622, value=left, duration=0.13628954207524657>
1328.6397 	EXP 	unnamed TextStim: height = np.float64(0.035)
1328.6397 	EXP 	unnamed TextStim: height = np.float64(0.035)
1328.6397 	EXP 	unnamed TextStim: height = np.float64(0.035)
1328.6397 	EXP 	unnamed TextStim: text = 'Score: 740 pts'
1328.6397 	EXP 	unnamed TextStim: text = ''
1328.6397 	EXP 	unnamed TextStim: text = '+10 Points'
1328.6397 	EXP 	unnamed TextStim: foreColor = [0.1, 0.8, 0.3]
1328.6397 	EXP 	unnamed ImageStim: ori = -5
1328.6397 	EXP 	unnamed ImageStim: image = '/Users/burgerks/Documents/GitHub/motivated_bandit/_task/stimuli/win/sweet/sweet_bandit_128.jpg'
1328.6397 	EXP 	unnamed ImageStim: ori = -4
1328.6397 	EXP 	unnamed ImageStim: image = '/Users/burgerks/Documents/GitHub/motivated_bandit/_task/stimuli/win/sweet/sweet_bandit_120.jpg'
1328.6397 	EXP 	unnamed ImageStim: ori = -2
1328.6397 	EXP 	unnamed ImageStim: image = '/Users/burgerks/Documents/GitHub/motivated_bandit/_task/stimuli/win/sweet/sweet_bandit_073.jpg'
1328.6397 	EXP 	unnamed ImageStim: ori = -2
1328.6397 	EXP 	unnamed ImageStim: image = '/Users/burgerks/Documents/GitHub/motivated_bandit/_task/stimuli/win/sweet/sweet_bandit_054.jpg'
1328.6397 	EXP 	TRIGGER 20 (bandit_win)
1330.7229 	EXP 	unnamed TextStim: text = 'Bonus round!'
1330.7229 	EXP 	unnamed TextStim: foreColor = 'white'
1330.7229 	EXP 	TRIGGER 30 (bonus_intro)
1331.8063 	EXP 	unnamed TextStim: text = '+15 if fast'
1331.8063 	EXP 	unnamed ImageStim: image = '/Users/burgerks/Documents/GitHub/motivated_bandit/_task/stimuli/win/sweet/sweet_bandit_029.jpg'
1331.8063 	EXP 	TRIGGER 31 (cue_food)
1333.3396 	EXP 	TRIGGER 33 (fixation)
1334.6062 	EXP 	TRIGGER 35 (target)
1334.9305 	DATA 	Keypress: down
1334.9399 	EXP 	Device response: <KeyPress from None: t=1334.9275962908287, value=down, duration=None>
1334.9399 	EXP 	TRIGGER 36 (response)
1334.9562 	EXP 	TRIGGER 37 (bonus_feedback)
1335.0397 	EXP 	Device response: <KeyPress from None: t=1334.9275962908287, value=down, duration=0.09829383413307369>
1335.5895 	EXP 	unnamed Rect: fillColor = [0.85, 0.85, 0.85]
1335.5895 	EXP 	unnamed Rect: fillColor = [0.85, 0.85, 0.85]
1335.5895 	EXP 	unnamed Rect: fillColor = [0.85, 0.85, 0.85]
1335.5895 	EXP 	unnamed TextStim: text = ''
1335.5895 	EXP 	unnamed TextStim: foreColor = 'white'
1335.5895 	EXP 	unnamed TextStim: text = 'Score: 740 pts'
1335.5895 	EXP 	unnamed TextStim: text = ''
1335.5895 	EXP 	TRIGGER 10 (choice_onset)
1336.1232 	EXP 	Device response: <KeyPress from None: t=1336.121568457922, value=left, duration=None>
1336.1283 	DATA 	Keypress: left
1336.1396 	EXP 	TRIGGER 11 (choice_made)
1336.5729 	EXP 	TRIGGER 34 (anticipation)
1336.5732 	EXP 	Device response: <KeyPress from None: t=1336.121568457922, value=left, duration=0.10427900007925928>
1337.2563 	EXP 	unnamed TextStim: height = np.float64(0.035)
1337.2563 	EXP 	unnamed TextStim: height = np.float64(0.035)
1337.2563 	EXP 	unnamed TextStim: height = np.float64(0.035)
1337.2563 	EXP 	unnamed TextStim: text = 'Score: 750 pts'
1337.2563 	EXP 	unnamed TextStim: text = ''
1337.2563 	EXP 	unnamed TextStim: text = '+10 Points'
1337.2563 	EXP 	unnamed TextStim: foreColor = [0.1, 0.8, 0.3]
1337.2563 	EXP 	unnamed ImageStim: ori = -5
1337.2563 	EXP 	unnamed ImageStim: image = '/Users/burgerks/Documents/GitHub/motivated_bandit/_task/stimuli/win/sweet/sweet_bandit_112.jpg'
1337.2563 	EXP 	unnamed ImageStim: ori = -3
1337.2563 	EXP 	unnamed ImageStim: image = '/Users/burgerks/Documents/GitHub/motivated_bandit/_task/stimuli/win/sweet/sweet_bandit_019.jpg'
1337.2563 	EXP 	unnamed ImageStim: ori = 3
1337.2563 	EXP 	unnamed ImageStim: image = '/Users/burgerks/Documents/GitHub/motivated_bandit/_task/stimuli/win/sweet/sweet_bandit_055.jpg'
1337.2563 	EXP 	unnamed ImageStim: ori = -3
1337.2563 	EXP 	unnamed ImageStim: image = '/Users/burgerks/Documents/GitHub/motivated_bandit/_task/stimuli/win/sweet/sweet_bandit_102.jpg'
1337.2563 	EXP 	TRIGGER 20 (bandit_win)
1339.3728 	EXP 	unnamed Rect: fillColor = [0.85, 0.85, 0.85]
1339.3728 	EXP 	unnamed Rect: fillColor = [0.85, 0.85, 0.85]
1339.3728 	EXP 	unnamed Rect: fillColor = [0.85, 0.85, 0.85]
1339.3728 	EXP 	unnamed TextStim: text = ''
1339.3728 	EXP 	unnamed TextStim: foreColor = 'white'
1339.3728 	EXP 	unnamed TextStim: text = 'Score: 750 pts'
1339.3728 	EXP 	unnamed TextStim: text = ''
1339.3728 	EXP 	TRIGGER 10 (choice_onset)
1339.7544 	DATA 	Keypress: left
1339.7566 	EXP 	Device response: <KeyPress from None: t=1339.7514510829933, value=left, duration=None>
1339.7729 	EXP 	TRIGGER 11 (choice_made)
1340.1896 	EXP 	TRIGGER 34 (anticipation)
1340.1899 	EXP 	Device response: <KeyPress from None: t=1339.7514510829933, value=left, duration=0.1442973748780787>
1341.0229 	EXP 	unnamed TextStim: height = np.float64(0.035)
1341.0229 	EXP 	unnamed TextStim: height = np.float64(0.035)
1341.0229 	EXP 	unnamed TextStim: height = np.float64(0.035)
1341.0229 	EXP 	unnamed TextStim: text = 'Score: 740 pts'
1341.0229 	EXP 	unnamed TextStim: text = ''
1341.0229 	EXP 	unnamed TextStim: height = np.float64(0.1)
1341.0229 	EXP 	unnamed TextStim: height = np.float64(0.1)
1341.0229 	EXP 	unnamed TextStim: height = np.float64(0.1)
1341.0229 	EXP 	unnamed TextStim: text = '-10 Points'
1341.0229 	EXP 	unnamed TextStim: foreColor = [0.9, 0.2, 0.2]
1341.0229 	EXP 	unnamed ImageStim: ori = 0.5
1341.0229 	EXP 	unnamed ImageStim: image = '/Users/burgerks/Documents/GitHub/motivated_bandit/_task/stimuli/loss/lose_pic.png'
1341.0229 	EXP 	TRIGGER 21 (bandit_loss)
1343.1065 	EXP 	unnamed Rect: fillColor = [0.85, 0.85, 0.85]
1343.1065 	EXP 	unnamed Rect: fillColor = [0.85, 0.85, 0.85]
1343.1065 	EXP 	unnamed Rect: fillColor = [0.85, 0.85, 0.85]
1343.1065 	EXP 	unnamed TextStim: text = ''
1343.1065 	EXP 	unnamed TextStim: foreColor = 'white'
1343.1065 	EXP 	unnamed TextStim: text = 'Score: 740 pts'
1343.1065 	EXP 	unnamed TextStim: text = ''
1343.1065 	EXP 	TRIGGER 10 (choice_onset)
1343.4793 	DATA 	Keypress: down
1343.4899 	EXP 	Device response: <KeyPress from None: t=1343.4733287908603, value=down, duration=None>
1343.5063 	EXP 	TRIGGER 11 (choice_made)
1343.9395 	EXP 	TRIGGER 34 (anticipation)
1343.9398 	EXP 	Device response: <KeyPress from None: t=1343.4733287908603, value=down, duration=0.12029604194685817>
1344.7562 	EXP 	unnamed TextStim: height = np.float64(0.035)
1344.7562 	EXP 	unnamed TextStim: height = np.float64(0.035)
1344.7562 	EXP 	unnamed TextStim: height = np.float64(0.035)
1344.7562 	EXP 	unnamed TextStim: text = 'Score: 750 pts'
1344.7562 	EXP 	unnamed TextStim: text = ''
1344.7562 	EXP 	unnamed TextStim: height = np.float64(0.1)
1344.7562 	EXP 	unnamed TextStim: height = np.float64(0.1)
1344.7562 	EXP 	unnamed TextStim: height = np.float64(0.1)
1344.7562 	EXP 	unnamed TextStim: text = '+10 Points'
1344.7562 	EXP 	unnamed TextStim: foreColor = [0.1, 0.8, 0.3]
1344.7562 	EXP 	unnamed ImageStim: ori = -3
1344.7562 	EXP 	unnamed ImageStim: image = '/Users/burgerks/Documents/GitHub/motivated_bandit/_task/stimuli/win/sweet/sweet_bandit_120.jpg'
1344.7562 	EXP 	unnamed ImageStim: ori = -2
1344.7562 	EXP 	unnamed ImageStim: image = '/Users/burgerks/Documents/GitHub/motivated_bandit/_task/stimuli/win/sweet/sweet_bandit_135.jpg'
1344.7562 	EXP 	unnamed ImageStim: ori = 1
1344.7562 	EXP 	unnamed ImageStim: image = '/Users/burgerks/Documents/GitHub/motivated_bandit/_task/stimuli/win/sweet/sweet_bandit_128.jpg'
1344.7562 	EXP 	unnamed ImageStim: ori = -1
1344.7562 	EXP 	unnamed ImageStim: image = '/Users/burgerks/Documents/GitHub/motivated_bandit/_task/stimuli/win/sweet/sweet_bandit_127.jpg'
1344.7565 	EXP 	TRIGGER 20 (bandit_win)
1346.8894 	EXP 	unnamed TextStim: text = 'Bonus round!'
1346.8894 	EXP 	unnamed TextStim: foreColor = 'white'
1346.8894 	EXP 	TRIGGER 30 (bonus_intro)
1347.9562 	EXP 	unnamed TextStim: text = '+15 if fast'
1347.9562 	EXP 	unnamed ImageStim: image = '/Users/burgerks/Documents/GitHub/motivated_bandit/_task/stimuli/win/sweet/sweet_bandit_150.jpg'
1347.9562 	EXP 	TRIGGER 31 (cue_food)
1349.4895 	EXP 	TRIGGER 33 (fixation)
1351.4228 	EXP 	TRIGGER 35 (target)
1351.6830 	DATA 	Keypress: down
1351.6898 	EXP 	Device response: <KeyPress from None: t=1351.679919749964, value=down, duration=None>
1351.6898 	EXP 	TRIGGER 36 (response)
1351.7062 	EXP 	TRIGGER 37 (bonus_feedback)
1351.8064 	EXP 	Device response: <KeyPress from None: t=1351.679919749964, value=down, duration=0.11426804098300636>
1352.3395 	EXP 	unnamed Rect: fillColor = [0.85, 0.85, 0.85]
1352.3395 	EXP 	unnamed Rect: fillColor = [0.85, 0.85, 0.85]
1352.3395 	EXP 	unnamed Rect: fillColor = [0.85, 0.85, 0.85]
1352.3395 	EXP 	unnamed TextStim: text = ''
1352.3395 	EXP 	unnamed TextStim: foreColor = 'white'
1352.3395 	EXP 	unnamed TextStim: text = 'Score: 750 pts'
1352.3395 	EXP 	unnamed TextStim: text = ''
1352.3395 	EXP 	TRIGGER 10 (choice_onset)
1353.1326 	DATA 	Keypress: left
1353.1397 	EXP 	Device response: <KeyPress from None: t=1353.12984949979, value=left, duration=None>
1353.1561 	EXP 	TRIGGER 11 (choice_made)
1353.5894 	EXP 	TRIGGER 34 (anticipation)
1353.5897 	EXP 	Device response: <KeyPress from None: t=1353.12984949979, value=left, duration=0.15628645801916718>
1354.5228 	EXP 	unnamed TextStim: height = np.float64(0.035)
1354.5228 	EXP 	unnamed TextStim: height = np.float64(0.035)
1354.5228 	EXP 	unnamed TextStim: height = np.float64(0.035)
1354.5228 	EXP 	unnamed TextStim: text = 'Score: 760 pts'
1354.5228 	EXP 	unnamed TextStim: text = ''
1354.5228 	EXP 	unnamed TextStim: text = '+10 Points'
1354.5228 	EXP 	unnamed TextStim: foreColor = [0.1, 0.8, 0.3]
1354.5228 	EXP 	unnamed ImageStim: ori = 4
1354.5228 	EXP 	unnamed ImageStim: image = '/Users/burgerks/Documents/GitHub/motivated_bandit/_task/stimuli/win/sweet/sweet_bandit_107.jpg'
1354.5228 	EXP 	unnamed ImageStim: ori = -4
1354.5228 	EXP 	unnamed ImageStim: image = '/Users/burgerks/Documents/GitHub/motivated_bandit/_task/stimuli/win/sweet/sweet_bandit_156.jpg'
1354.5228 	EXP 	unnamed ImageStim: ori = -1
1354.5228 	EXP 	unnamed ImageStim: image = '/Users/burgerks/Documents/GitHub/motivated_bandit/_task/stimuli/win/sweet/sweet_bandit_161.jpg'
1354.5228 	EXP 	unnamed ImageStim: ori = -3
1354.5228 	EXP 	unnamed ImageStim: image = '/Users/burgerks/Documents/GitHub/motivated_bandit/_task/stimuli/win/sweet/sweet_bandit_117.jpg'
1354.5228 	EXP 	TRIGGER 20 (bandit_win)
1356.5728 	EXP 	unnamed Rect: fillColor = [0.85, 0.85, 0.85]
1356.5728 	EXP 	unnamed Rect: fillColor = [0.85, 0.85, 0.85]
1356.5728 	EXP 	unnamed Rect: fillColor = [0.85, 0.85, 0.85]
1356.5728 	EXP 	unnamed TextStim: text = ''
1356.5728 	EXP 	unnamed TextStim: foreColor = 'white'
1356.5728 	EXP 	unnamed TextStim: text = 'Score: 760 pts'
1356.5728 	EXP 	unnamed TextStim: text = ''
1356.5728 	EXP 	TRIGGER 10 (choice_onset)
1357.1812 	DATA 	Keypress: left
1357.1897 	EXP 	Device response: <KeyPress from None: t=1357.1786858330015, value=left, duration=None>
1357.2061 	EXP 	TRIGGER 11 (choice_made)
1357.6227 	EXP 	TRIGGER 34 (anticipation)
1357.6230 	EXP 	Device response: <KeyPress from None: t=1357.1786858330015, value=left, duration=0.1523448748048395>
1358.2726 	EXP 	unnamed TextStim: height = np.float64(0.035)
1358.2726 	EXP 	unnamed TextStim: height = np.float64(0.035)
1358.2726 	EXP 	unnamed TextStim: height = np.float64(0.035)
1358.2726 	EXP 	unnamed TextStim: text = 'Score: 770 pts'
1358.2726 	EXP 	unnamed TextStim: text = ''
1358.2726 	EXP 	unnamed TextStim: text = '+10 Points'
1358.2726 	EXP 	unnamed TextStim: foreColor = [0.1, 0.8, 0.3]
1358.2726 	EXP 	unnamed ImageStim: ori = -1
1358.2726 	EXP 	unnamed ImageStim: image = '/Users/burgerks/Documents/GitHub/motivated_bandit/_task/stimuli/win/sweet/sweet_bandit_166.jpg'
1358.2726 	EXP 	unnamed ImageStim: ori = 3
1358.2726 	EXP 	unnamed ImageStim: image = '/Users/burgerks/Documents/GitHub/motivated_bandit/_task/stimuli/win/sweet/sweet_bandit_024.jpg'
1358.2726 	EXP 	unnamed ImageStim: ori = 1
1358.2726 	EXP 	unnamed ImageStim: image = '/Users/burgerks/Documents/GitHub/motivated_bandit/_task/stimuli/win/sweet/sweet_bandit_062.jpg'
1358.2726 	EXP 	unnamed ImageStim: ori = 1
1358.2726 	EXP 	unnamed ImageStim: image = '/Users/burgerks/Documents/GitHub/motivated_bandit/_task/stimuli/win/sweet/sweet_bandit_134.jpg'
1358.2726 	EXP 	TRIGGER 20 (bandit_win)
1360.4561 	EXP 	unnamed Rect: fillColor = [0.85, 0.85, 0.85]
1360.4561 	EXP 	unnamed Rect: fillColor = [0.85, 0.85, 0.85]
1360.4561 	EXP 	unnamed Rect: fillColor = [0.85, 0.85, 0.85]
1360.4561 	EXP 	unnamed TextStim: text = ''
1360.4561 	EXP 	unnamed TextStim: foreColor = 'white'
1360.4561 	EXP 	unnamed TextStim: text = 'Score: 770 pts'
1360.4561 	EXP 	unnamed TextStim: text = ''
1360.4561 	EXP 	TRIGGER 10 (choice_onset)
1361.3651 	DATA 	Keypress: left
1361.3731 	EXP 	Device response: <KeyPress from None: t=1361.3622059579939, value=left, duration=None>
1361.3894 	EXP 	TRIGGER 11 (choice_made)
1361.8227 	EXP 	TRIGGER 34 (anticipation)
1361.8230 	EXP 	Device response: <KeyPress from None: t=1361.3622059579939, value=left, duration=0.1260543749667704>
1362.8393 	EXP 	unnamed TextStim: height = np.float64(0.035)
1362.8393 	EXP 	unnamed TextStim: height = np.float64(0.035)
1362.8393 	EXP 	unnamed TextStim: height = np.float64(0.035)
1362.8393 	EXP 	unnamed TextStim: text = 'Score: 780 pts'
1362.8393 	EXP 	unnamed TextStim: text = ''
1362.8393 	EXP 	unnamed TextStim: text = '+10 Points'
1362.8393 	EXP 	unnamed TextStim: foreColor = [0.1, 0.8, 0.3]
1362.8393 	EXP 	unnamed ImageStim: ori = -4
1362.8393 	EXP 	unnamed ImageStim: image = '/Users/burgerks/Documents/GitHub/motivated_bandit/_task/stimuli/win/sweet/sweet_bandit_019.jpg'
1362.8393 	EXP 	unnamed ImageStim: ori = 2
1362.8393 	EXP 	unnamed ImageStim: image = '/Users/burgerks/Documents/GitHub/motivated_bandit/_task/stimuli/win/sweet/sweet_bandit_158.jpg'
1362.8393 	EXP 	unnamed ImageStim: ori = -3
1362.8393 	EXP 	unnamed ImageStim: image = '/Users/burgerks/Documents/GitHub/motivated_bandit/_task/stimuli/win/sweet/sweet_bandit_020.jpg'
1362.8393 	EXP 	unnamed ImageStim: ori = 1
1362.8393 	EXP 	unnamed ImageStim: image = '/Users/burgerks/Documents/GitHub/motivated_bandit/_task/stimuli/win/sweet/sweet_bandit_055.jpg'
1362.8394 	EXP 	TRIGGER 20 (bandit_win)
1365.0393 	EXP 	unnamed TextStim: text = 'Bonus round!'
1365.0393 	EXP 	unnamed TextStim: foreColor = 'white'
1365.0394 	EXP 	TRIGGER 30 (bonus_intro)
1366.1393 	EXP 	unnamed TextStim: text = '+15 if fast'
1366.1393 	EXP 	unnamed ImageStim: image = '/Users/burgerks/Documents/GitHub/motivated_bandit/_task/stimuli/win/sweet/sweet_bandit_024.jpg'
1366.1394 	EXP 	TRIGGER 31 (cue_food)
1367.6560 	EXP 	TRIGGER 33 (fixation)
1369.3060 	EXP 	TRIGGER 35 (target)
1369.5786 	DATA 	Keypress: down
1369.5897 	EXP 	Device response: <KeyPress from None: t=1369.575163624948, value=down, duration=None>
1369.5897 	EXP 	TRIGGER 36 (response)
1369.6060 	EXP 	TRIGGER 37 (bonus_feedback)
1369.6896 	EXP 	Device response: <KeyPress from None: t=1369.575163624948, value=down, duration=0.09830362489446998>
1370.2393 	EXP 	unnamed Rect: fillColor = [0.85, 0.85, 0.85]
1370.2393 	EXP 	unnamed Rect: fillColor = [0.85, 0.85, 0.85]
1370.2393 	EXP 	unnamed Rect: fillColor = [0.85, 0.85, 0.85]
1370.2393 	EXP 	unnamed TextStim: text = ''
1370.2393 	EXP 	unnamed TextStim: foreColor = 'white'
1370.2393 	EXP 	unnamed TextStim: text = 'Score: 780 pts'
1370.2393 	EXP 	unnamed TextStim: text = ''
1370.2393 	EXP 	TRIGGER 10 (choice_onset)
1370.6622 	DATA 	Keypress: left
1370.6729 	EXP 	Device response: <KeyPress from None: t=1370.6571204159409, value=left, duration=None>
1370.6894 	EXP 	TRIGGER 11 (choice_made)
1371.1227 	EXP 	TRIGGER 34 (anticipation)
1371.1230 	EXP 	Device response: <KeyPress from None: t=1370.6571204159409, value=left, duration=0.11232229205779731>
1372.0561 	EXP 	unnamed TextStim: height = np.float64(0.035)
1372.0561 	EXP 	unnamed TextStim: height = np.float64(0.035)
1372.0561 	EXP 	unnamed TextStim: height = np.float64(0.035)
1372.0561 	EXP 	unnamed TextStim: text = 'Score: 790 pts'
1372.0561 	EXP 	unnamed TextStim: text = ''
1372.0561 	EXP 	unnamed TextStim: text = '+10 Points'
1372.0561 	EXP 	unnamed TextStim: foreColor = [0.1, 0.8, 0.3]
1372.0561 	EXP 	unnamed ImageStim: ori = 3
1372.0561 	EXP 	unnamed ImageStim: image = '/Users/burgerks/Documents/GitHub/motivated_bandit/_task/stimuli/win/sweet/sweet_bandit_074.jpg'
1372.0561 	EXP 	unnamed ImageStim: ori = -2
1372.0561 	EXP 	unnamed ImageStim: image = '/Users/burgerks/Documents/GitHub/motivated_bandit/_task/stimuli/win/sweet/sweet_bandit_127.jpg'
1372.0561 	EXP 	unnamed ImageStim: ori = 2
1372.0561 	EXP 	unnamed ImageStim: image = '/Users/burgerks/Documents/GitHub/motivated_bandit/_task/stimuli/win/sweet/sweet_bandit_155.jpg'
1372.0561 	EXP 	unnamed ImageStim: ori = -1
1372.0561 	EXP 	unnamed ImageStim: image = '/Users/burgerks/Documents/GitHub/motivated_bandit/_task/stimuli/win/sweet/sweet_bandit_054.jpg'
1372.0561 	EXP 	TRIGGER 20 (bandit_win)
1374.1226 	EXP 	unnamed Rect: fillColor = [0.85, 0.85, 0.85]
1374.1226 	EXP 	unnamed Rect: fillColor = [0.85, 0.85, 0.85]
1374.1226 	EXP 	unnamed Rect: fillColor = [0.85, 0.85, 0.85]
1374.1226 	EXP 	unnamed TextStim: text = ''
1374.1226 	EXP 	unnamed TextStim: foreColor = 'white'
1374.1226 	EXP 	unnamed TextStim: text = 'Score: 790 pts'
1374.1226 	EXP 	unnamed TextStim: text = ''
1374.1226 	EXP 	TRIGGER 10 (choice_onset)
1374.5879 	DATA 	Keypress: left
1374.5897 	EXP 	Device response: <KeyPress from None: t=1374.5850193749648, value=left, duration=None>
1374.6061 	EXP 	TRIGGER 11 (choice_made)
1375.0394 	EXP 	TRIGGER 34 (anticipation)
1375.0396 	EXP 	Device response: <KeyPress from None: t=1374.5850193749648, value=left, duration=0.11631770804524422>
1375.9227 	EXP 	unnamed TextStim: height = np.float64(0.035)
1375.9227 	EXP 	unnamed TextStim: height = np.float64(0.035)
1375.9227 	EXP 	unnamed TextStim: height = np.float64(0.035)
1375.9227 	EXP 	unnamed TextStim: text = 'Score: 800 pts'
1375.9227 	EXP 	unnamed TextStim: text = ''
1375.9227 	EXP 	unnamed TextStim: text = '+10 Points'
1375.9227 	EXP 	unnamed TextStim: foreColor = [0.1, 0.8, 0.3]
1375.9227 	EXP 	unnamed ImageStim: ori = 1
1375.9227 	EXP 	unnamed ImageStim: image = '/Users/burgerks/Documents/GitHub/motivated_bandit/_task/stimuli/win/sweet/sweet_bandit_037.jpg'
1375.9227 	EXP 	unnamed ImageStim: ori = 2
1375.9227 	EXP 	unnamed ImageStim: image = '/Users/burgerks/Documents/GitHub/motivated_bandit/_task/stimuli/win/sweet/sweet_bandit_067.jpg'
1375.9227 	EXP 	unnamed ImageStim: ori = 1
1375.9227 	EXP 	unnamed ImageStim: image = '/Users/burgerks/Documents/GitHub/motivated_bandit/_task/stimuli/win/sweet/sweet_bandit_130.jpg'
1375.9227 	EXP 	unnamed ImageStim: ori = 1
1375.9227 	EXP 	unnamed ImageStim: image = '/Users/burgerks/Documents/GitHub/motivated_bandit/_task/stimuli/win/sweet/sweet_bandit_061.jpg'
1375.9227 	EXP 	TRIGGER 20 (bandit_win)
1378.1559 	EXP 	unnamed Rect: fillColor = [0.85, 0.85, 0.85]
1378.1559 	EXP 	unnamed Rect: fillColor = [0.85, 0.85, 0.85]
1378.1559 	EXP 	unnamed Rect: fillColor = [0.85, 0.85, 0.85]
1378.1559 	EXP 	unnamed TextStim: text = ''
1378.1559 	EXP 	unnamed TextStim: foreColor = 'white'
1378.1559 	EXP 	unnamed TextStim: text = 'Score: 800 pts'
1378.1559 	EXP 	unnamed TextStim: text = ''
1378.1559 	EXP 	TRIGGER 10 (choice_onset)
1378.5397 	EXP 	Device response: <KeyPress from None: t=1378.5388861249667, value=left, duration=None>
1378.5454 	DATA 	Keypress: left
1378.5561 	EXP 	TRIGGER 11 (choice_made)
1378.9894 	EXP 	TRIGGER 34 (anticipation)
1378.9897 	EXP 	Device response: <KeyPress from None: t=1378.5388861249667, value=left, duration=0.10032195784151554>
1379.9393 	EXP 	unnamed TextStim: height = np.float64(0.035)
1379.9393 	EXP 	unnamed TextStim: height = np.float64(0.035)
1379.9393 	EXP 	unnamed TextStim: height = np.float64(0.035)
1379.9393 	EXP 	unnamed TextStim: text = 'Score: 810 pts'
1379.9393 	EXP 	unnamed TextStim: text = ''
1379.9393 	EXP 	unnamed TextStim: text = '+10 Points'
1379.9393 	EXP 	unnamed TextStim: foreColor = [0.1, 0.8, 0.3]
1379.9393 	EXP 	unnamed ImageStim: ori = -5
1379.9393 	EXP 	unnamed ImageStim: image = '/Users/burgerks/Documents/GitHub/motivated_bandit/_task/stimuli/win/sweet/sweet_bandit_073.jpg'
1379.9393 	EXP 	unnamed ImageStim: ori = -3
1379.9393 	EXP 	unnamed ImageStim: image = '/Users/burgerks/Documents/GitHub/motivated_bandit/_task/stimuli/win/sweet/sweet_bandit_115.jpg'
1379.9393 	EXP 	unnamed ImageStim: ori = 1
1379.9393 	EXP 	unnamed ImageStim: image = '/Users/burgerks/Documents/GitHub/motivated_bandit/_task/stimuli/win/sweet/sweet_bandit_113.jpg'
1379.9393 	EXP 	unnamed ImageStim: ori = 1
1379.9393 	EXP 	unnamed ImageStim: image = '/Users/burgerks/Documents/GitHub/motivated_bandit/_task/stimuli/win/sweet/sweet_bandit_119.jpg'
1379.9394 	EXP 	TRIGGER 20 (bandit_win)
1382.1559 	EXP 	unnamed TextStim: text = 'Bonus round!'
1382.1559 	EXP 	unnamed TextStim: foreColor = 'white'
1382.1559 	EXP 	TRIGGER 30 (bonus_intro)
1383.2393 	EXP 	unnamed TextStim: text = '+15 if fast'
1383.2393 	EXP 	unnamed ImageStim: image = '/Users/burgerks/Documents/GitHub/motivated_bandit/_task/stimuli/win/sweet/sweet_bandit_112.jpg'
1383.2393 	EXP 	TRIGGER 31 (cue_food)
1384.7725 	EXP 	TRIGGER 33 (fixation)
1386.5289 	DATA 	Keypress: down
1386.5396 	EXP 	Device response: <KeyPress from None: t=1386.5254074998666, value=down, duration=None>
1386.5560 	EXP 	unnamed TextStim: height = np.float64(0.07)
1386.5560 	EXP 	unnamed TextStim: height = np.float64(0.07)
1386.5560 	EXP 	unnamed TextStim: height = np.float64(0.07)
1386.5560 	EXP 	unnamed TextStim: text = 'Too soon!'
1386.5560 	EXP 	unnamed TextStim: foreColor = [0.95, 0.6, 0.1]
1386.5560 	EXP 	unnamed TextStim: text = 'Wait for the white square before you press.'
1386.5560 	EXP 	TRIGGER 37 (bonus_feedback)
1386.6895 	EXP 	Device response: <KeyPress from None: t=1386.5254074998666, value=down, duration=0.16231749998405576>
1389.6225 	EXP 	unnamed Rect: fillColor = [0.85, 0.85, 0.85]
1389.6225 	EXP 	unnamed Rect: fillColor = [0.85, 0.85, 0.85]
1389.6225 	EXP 	unnamed Rect: fillColor = [0.85, 0.85, 0.85]
1389.6225 	EXP 	unnamed TextStim: text = ''
1389.6225 	EXP 	unnamed TextStim: foreColor = 'white'
1389.6225 	EXP 	unnamed TextStim: text = 'Score: 810 pts'
1389.6225 	EXP 	unnamed TextStim: text = ''
1389.6225 	EXP 	TRIGGER 10 (choice_onset)
1390.2896 	EXP 	Device response: <KeyPress from None: t=1390.287283290876, value=left, duration=None>
1390.2947 	DATA 	Keypress: left
1390.3060 	EXP 	TRIGGER 11 (choice_made)
1390.7392 	EXP 	TRIGGER 34 (anticipation)
1390.7395 	EXP 	Device response: <KeyPress from None: t=1390.287283290876, value=left, duration=0.12426620908081532>
1391.5892 	EXP 	unnamed TextStim: height = np.float64(0.035)
1391.5892 	EXP 	unnamed TextStim: height = np.float64(0.035)
1391.5892 	EXP 	unnamed TextStim: height = np.float64(0.035)
1391.5892 	EXP 	unnamed TextStim: text = 'Score: 820 pts'
1391.5892 	EXP 	unnamed TextStim: text = ''
1391.5892 	EXP 	unnamed TextStim: text = '+10 Points'
1391.5892 	EXP 	unnamed TextStim: foreColor = [0.1, 0.8, 0.3]
1391.5892 	EXP 	unnamed ImageStim: ori = -5
1391.5892 	EXP 	unnamed ImageStim: image = '/Users/burgerks/Documents/GitHub/motivated_bandit/_task/stimuli/win/sweet/sweet_bandit_060.jpg'
1391.5892 	EXP 	unnamed ImageStim: ori = 5
1391.5892 	EXP 	unnamed ImageStim: image = '/Users/burgerks/Documents/GitHub/motivated_bandit/_task/stimuli/win/sweet/sweet_bandit_070.jpg'
1391.5892 	EXP 	unnamed ImageStim: ori = 0
1391.5892 	EXP 	unnamed ImageStim: image = '/Users/burgerks/Documents/GitHub/motivated_bandit/_task/stimuli/win/sweet/sweet_bandit_107.jpg'
1391.5892 	EXP 	unnamed ImageStim: ori = -1
1391.5892 	EXP 	unnamed ImageStim: image = '/Users/burgerks/Documents/GitHub/motivated_bandit/_task/stimuli/win/sweet/sweet_bandit_041.jpg'
1391.5893 	EXP 	TRIGGER 20 (bandit_win)
1392.5788 	DATA 	Keypress: left
1392.5895 	EXP 	Device response: <KeyPress from None: t=1392.5751856658608, value=left, duration=None>
1392.6894 	EXP 	Device response: <KeyPress from None: t=1392.5751856658608, value=left, duration=0.11256070900708437>
1393.6558 	EXP 	unnamed Rect: fillColor = [0.85, 0.85, 0.85]
1393.6558 	EXP 	unnamed Rect: fillColor = [0.85, 0.85, 0.85]
1393.6558 	EXP 	unnamed Rect: fillColor = [0.85, 0.85, 0.85]
1393.6558 	EXP 	unnamed TextStim: text = ''
1393.6558 	EXP 	unnamed TextStim: foreColor = 'white'
1393.6558 	EXP 	unnamed TextStim: text = 'Score: 820 pts'
1393.6558 	EXP 	unnamed TextStim: text = ''
1393.6558 	EXP 	TRIGGER 10 (choice_onset)
1393.9510 	DATA 	Keypress: left
1393.9561 	EXP 	Device response: <KeyPress from None: t=1393.9481828329153, value=left, duration=None>
1393.9724 	EXP 	TRIGGER 11 (choice_made)
1394.3893 	EXP 	TRIGGER 34 (anticipation)
1394.3895 	EXP 	Device response: <KeyPress from None: t=1393.9481828329153, value=left, duration=0.10827766708098352>
1395.0059 	EXP 	unnamed TextStim: height = np.float64(0.035)
1395.0059 	EXP 	unnamed TextStim: height = np.float64(0.035)
1395.0059 	EXP 	unnamed TextStim: height = np.float64(0.035)
1395.0059 	EXP 	unnamed TextStim: text = 'Score: 810 pts'
1395.0059 	EXP 	unnamed TextStim: text = ''
1395.0059 	EXP 	unnamed TextStim: height = np.float64(0.1)
1395.0059 	EXP 	unnamed TextStim: height = np.float64(0.1)
1395.0059 	EXP 	unnamed TextStim: height = np.float64(0.1)
1395.0059 	EXP 	unnamed TextStim: text = '-10 Points'
1395.0059 	EXP 	unnamed TextStim: foreColor = [0.9, 0.2, 0.2]
1395.0059 	EXP 	unnamed ImageStim: ori = -0.75
1395.0059 	EXP 	unnamed ImageStim: image = '/Users/burgerks/Documents/GitHub/motivated_bandit/_task/stimuli/loss/lose_pic.png'
1395.0059 	EXP 	TRIGGER 21 (bandit_loss)
1397.0391 	EXP 	unnamed Rect: fillColor = [0.85, 0.85, 0.85]
1397.0391 	EXP 	unnamed Rect: fillColor = [0.85, 0.85, 0.85]
1397.0391 	EXP 	unnamed Rect: fillColor = [0.85, 0.85, 0.85]
1397.0391 	EXP 	unnamed TextStim: text = ''
1397.0391 	EXP 	unnamed TextStim: foreColor = 'white'
1397.0391 	EXP 	unnamed TextStim: text = 'Score: 810 pts'
1397.0391 	EXP 	unnamed TextStim: text = ''
1397.0392 	EXP 	TRIGGER 10 (choice_onset)
1397.5979 	DATA 	Keypress: left
1397.6061 	EXP 	Device response: <KeyPress from None: t=1397.5950555407908, value=left, duration=None>
1397.6224 	EXP 	TRIGGER 11 (choice_made)
1398.0392 	EXP 	TRIGGER 34 (anticipation)
1398.0395 	EXP 	Device response: <KeyPress from None: t=1397.5950555407908, value=left, duration=0.12830504216253757>
1398.7226 	EXP 	unnamed TextStim: height = np.float64(0.035)
1398.7226 	EXP 	unnamed TextStim: height = np.float64(0.035)
1398.7226 	EXP 	unnamed TextStim: height = np.float64(0.035)
1398.7226 	EXP 	unnamed TextStim: text = 'Score: 820 pts'
1398.7226 	EXP 	unnamed TextStim: text = ''
1398.7226 	EXP 	unnamed TextStim: height = np.float64(0.1)
1398.7226 	EXP 	unnamed TextStim: height = np.float64(0.1)
1398.7226 	EXP 	unnamed TextStim: height = np.float64(0.1)
1398.7226 	EXP 	unnamed TextStim: text = '+10 Points'
1398.7226 	EXP 	unnamed TextStim: foreColor = [0.1, 0.8, 0.3]
1398.7226 	EXP 	unnamed ImageStim: ori = -5
1398.7226 	EXP 	unnamed ImageStim: image = '/Users/burgerks/Documents/GitHub/motivated_bandit/_task/stimuli/win/sweet/sweet_bandit_037.jpg'
1398.7226 	EXP 	unnamed ImageStim: ori = -5
1398.7226 	EXP 	unnamed ImageStim: image = '/Users/burgerks/Documents/GitHub/motivated_bandit/_task/stimuli/win/sweet/sweet_bandit_124.jpg'
1398.7226 	EXP 	unnamed ImageStim: ori = -3
1398.7226 	EXP 	unnamed ImageStim: image = '/Users/burgerks/Documents/GitHub/motivated_bandit/_task/stimuli/win/sweet/sweet_bandit_054.jpg'
1398.7226 	EXP 	unnamed ImageStim: ori = -3
1398.7226 	EXP 	unnamed ImageStim: image = '/Users/burgerks/Documents/GitHub/motivated_bandit/_task/stimuli/win/sweet/sweet_bandit_161.jpg'
1398.7226 	EXP 	TRIGGER 20 (bandit_win)
1400.8224 	EXP 	unnamed TextStim: height = np.float64(0.07)
1400.8224 	EXP 	unnamed TextStim: height = np.float64(0.07)
1400.8224 	EXP 	unnamed TextStim: height = np.float64(0.07)
1400.8224 	EXP 	unnamed TextStim: text = 'Bonus round!'
1400.8224 	EXP 	unnamed TextStim: foreColor = 'white'
1400.8225 	EXP 	TRIGGER 30 (bonus_intro)
1401.9057 	EXP 	unnamed TextStim: text = '+15 if fast'
1401.9057 	EXP 	unnamed ImageStim: image = '/Users/burgerks/Documents/GitHub/motivated_bandit/_task/stimuli/neutral/bandit_009.jpg'
1401.9057 	EXP 	TRIGGER 32 (cue_neutral)
1403.4225 	EXP 	TRIGGER 33 (fixation)
1405.3557 	EXP 	TRIGGER 35 (target)
1405.6192 	DATA 	Keypress: down
1405.6227 	EXP 	Device response: <KeyPress from None: t=1405.6159402499907, value=down, duration=None>
1405.6227 	EXP 	TRIGGER 36 (response)
1405.6391 	EXP 	TRIGGER 37 (bonus_feedback)
1405.7226 	EXP 	Device response: <KeyPress from None: t=1405.6159402499907, value=down, duration=0.09396579093299806>
1406.2558 	EXP 	unnamed Rect: fillColor = [0.85, 0.85, 0.85]
1406.2558 	EXP 	unnamed Rect: fillColor = [0.85, 0.85, 0.85]
1406.2558 	EXP 	unnamed Rect: fillColor = [0.85, 0.85, 0.85]
1406.2558 	EXP 	unnamed TextStim: text = ''
1406.2558 	EXP 	unnamed TextStim: foreColor = 'white'
1406.2558 	EXP 	unnamed TextStim: text = 'Score: 820 pts'
1406.2558 	EXP 	unnamed TextStim: text = ''
1406.2559 	EXP 	TRIGGER 10 (choice_onset)
1406.7802 	DATA 	Keypress: left
1406.7894 	EXP 	Device response: <KeyPress from None: t=1406.7775593327824, value=left, duration=None>
1406.8058 	EXP 	TRIGGER 11 (choice_made)
1407.2395 	EXP 	TRIGGER 34 (anticipation)
1407.2398 	EXP 	Device response: <KeyPress from None: t=1406.7775593327824, value=left, duration=0.11230708309449255>
1408.2891 	EXP 	unnamed TextStim: height = np.float64(0.035)
1408.2891 	EXP 	unnamed TextStim: height = np.float64(0.035)
1408.2891 	EXP 	unnamed TextStim: height = np.float64(0.035)
1408.2891 	EXP 	unnamed TextStim: text = 'Score: 830 pts'
1408.2891 	EXP 	unnamed TextStim: text = ''
1408.2891 	EXP 	unnamed TextStim: text = '+10 Points'
1408.2891 	EXP 	unnamed TextStim: foreColor = [0.1, 0.8, 0.3]
1408.2891 	EXP 	unnamed ImageStim: ori = 3
1408.2891 	EXP 	unnamed ImageStim: image = '/Users/burgerks/Documents/GitHub/motivated_bandit/_task/stimuli/win/sweet/sweet_bandit_090.jpg'
1408.2891 	EXP 	unnamed ImageStim: ori = -3
1408.2891 	EXP 	unnamed ImageStim: image = '/Users/burgerks/Documents/GitHub/motivated_bandit/_task/stimuli/win/sweet/sweet_bandit_135.jpg'
1408.2891 	EXP 	unnamed ImageStim: ori = 5
1408.2891 	EXP 	unnamed ImageStim: image = '/Users/burgerks/Documents/GitHub/motivated_bandit/_task/stimuli/win/sweet/sweet_bandit_166.jpg'
1408.2891 	EXP 	unnamed ImageStim: ori = 3
1408.2891 	EXP 	unnamed ImageStim: image = '/Users/burgerks/Documents/GitHub/motivated_bandit/_task/stimuli/win/sweet/sweet_bandit_054.jpg'
1408.2892 	EXP 	TRIGGER 20 (bandit_win)
1410.2558 	EXP 	unnamed Rect: fillColor = [0.85, 0.85, 0.85]
1410.2558 	EXP 	unnamed Rect: fillColor = [0.85, 0.85, 0.85]
1410.2558 	EXP 	unnamed Rect: fillColor = [0.85, 0.85, 0.85]
1410.2558 	EXP 	unnamed TextStim: text = ''
1410.2558 	EXP 	unnamed TextStim: foreColor = 'white'
1410.2558 	EXP 	unnamed TextStim: text = 'Score: 830 pts'
1410.2558 	EXP 	unnamed TextStim: text = ''
1410.2559 	EXP 	TRIGGER 10 (choice_onset)
1410.7287 	DATA 	Keypress: left
1410.7394 	EXP 	Device response: <KeyPress from None: t=1410.7224381249398, value=left, duration=None>
1410.7558 	EXP 	TRIGGER 11 (choice_made)
1411.1891 	EXP 	TRIGGER 34 (anticipation)
1411.1893 	EXP 	Device response: <KeyPress from None: t=1410.7224381249398, value=left, duration=0.10031095799058676>
1412.0224 	EXP 	unnamed TextStim: height = np.float64(0.035)
1412.0224 	EXP 	unnamed TextStim: height = np.float64(0.035)
1412.0224 	EXP 	unnamed TextStim: height = np.float64(0.035)
1412.0224 	EXP 	unnamed TextStim: text = 'Score: 840 pts'
1412.0224 	EXP 	unnamed TextStim: text = ''
1412.0224 	EXP 	unnamed TextStim: text = '+10 Points'
1412.0224 	EXP 	unnamed TextStim: foreColor = [0.1, 0.8, 0.3]
1412.0224 	EXP 	unnamed ImageStim: ori = 5
1412.0224 	EXP 	unnamed ImageStim: image = '/Users/burgerks/Documents/GitHub/motivated_bandit/_task/stimuli/win/sweet/sweet_bandit_010.jpg'
1412.0224 	EXP 	unnamed ImageStim: ori = -2
1412.0224 	EXP 	unnamed ImageStim: image = '/Users/burgerks/Documents/GitHub/motivated_bandit/_task/stimuli/win/sweet/sweet_bandit_160.jpg'
1412.0224 	EXP 	unnamed ImageStim: ori = 5
1412.0224 	EXP 	unnamed ImageStim: image = '/Users/burgerks/Documents/GitHub/motivated_bandit/_task/stimuli/win/sweet/sweet_bandit_074.jpg'
1412.0224 	EXP 	unnamed ImageStim: ori = 1
1412.0224 	EXP 	unnamed ImageStim: image = '/Users/burgerks/Documents/GitHub/motivated_bandit/_task/stimuli/win/sweet/sweet_bandit_110.jpg'
1412.0224 	EXP 	TRIGGER 20 (bandit_win)
1414.1891 	EXP 	unnamed Rect: fillColor = [0.85, 0.85, 0.85]
1414.1891 	EXP 	unnamed Rect: fillColor = [0.85, 0.85, 0.85]
1414.1891 	EXP 	unnamed Rect: fillColor = [0.85, 0.85, 0.85]
1414.1891 	EXP 	unnamed TextStim: text = ''
1414.1891 	EXP 	unnamed TextStim: foreColor = 'white'
1414.1891 	EXP 	unnamed TextStim: text = 'Score: 840 pts'
1414.1891 	EXP 	unnamed TextStim: text = ''
1414.1892 	EXP 	TRIGGER 10 (choice_onset)
1414.6396 	EXP 	Device response: <KeyPress from None: t=1414.6353399159852, value=left, duration=None>
1414.6412 	DATA 	Keypress: left
1414.6558 	EXP 	TRIGGER 11 (choice_made)
1415.0891 	EXP 	TRIGGER 34 (anticipation)
1415.0893 	EXP 	Device response: <KeyPress from None: t=1414.6353399159852, value=left, duration=0.13230449985712767>
1415.9057 	EXP 	unnamed TextStim: height = np.float64(0.035)
1415.9057 	EXP 	unnamed TextStim: height = np.float64(0.035)
1415.9057 	EXP 	unnamed TextStim: height = np.float64(0.035)
1415.9057 	EXP 	unnamed TextStim: text = 'Score: 850 pts'
1415.9057 	EXP 	unnamed TextStim: text = ''
1415.9057 	EXP 	unnamed TextStim: text = '+10 Points'
1415.9057 	EXP 	unnamed TextStim: foreColor = [0.1, 0.8, 0.3]
1415.9057 	EXP 	unnamed ImageStim: ori = -3
1415.9057 	EXP 	unnamed ImageStim: image = '/Users/burgerks/Documents/GitHub/motivated_bandit/_task/stimuli/win/sweet/sweet_bandit_025.jpg'
1415.9057 	EXP 	unnamed ImageStim: ori = 1
1415.9057 	EXP 	unnamed ImageStim: image = '/Users/burgerks/Documents/GitHub/motivated_bandit/_task/stimuli/win/sweet/sweet_bandit_158.jpg'
1415.9057 	EXP 	unnamed ImageStim: ori = 1
1415.9057 	EXP 	unnamed ImageStim: image = '/Users/burgerks/Documents/GitHub/motivated_bandit/_task/stimuli/win/sweet/sweet_bandit_074.jpg'
1415.9057 	EXP 	unnamed ImageStim: ori = -5
1415.9057 	EXP 	unnamed ImageStim: image = '/Users/burgerks/Documents/GitHub/motivated_bandit/_task/stimuli/win/sweet/sweet_bandit_099.jpg'
1415.9058 	EXP 	TRIGGER 20 (bandit_win)
1418.1224 	EXP 	unnamed TextStim: text = 'Bonus round!'
1418.1224 	EXP 	unnamed TextStim: foreColor = 'white'
1418.1224 	EXP 	TRIGGER 30 (bonus_intro)
1419.2057 	EXP 	unnamed TextStim: text = '+15 if fast'
1419.2057 	EXP 	unnamed ImageStim: image = '/Users/burgerks/Documents/GitHub/motivated_bandit/_task/stimuli/win/sweet/sweet_bandit_111.jpg'
1419.2058 	EXP 	TRIGGER 31 (cue_food)
1420.7390 	EXP 	TRIGGER 33 (fixation)
1422.4890 	EXP 	TRIGGER 35 (target)
1423.1484 	DATA 	Keypress: left
1423.1560 	EXP 	Device response: <KeyPress from None: t=1423.1454888328444, value=left, duration=None>
1423.1560 	EXP 	TRIGGER 36 (response)
1423.1724 	EXP 	TRIGGER 37 (bonus_feedback)
1423.2392 	EXP 	Device response: <KeyPress from None: t=1423.1454888328444, value=left, duration=0.08232637494802475>
1423.8057 	EXP 	unnamed Rect: fillColor = [0.85, 0.85, 0.85]
1423.8057 	EXP 	unnamed Rect: fillColor = [0.85, 0.85, 0.85]
1423.8057 	EXP 	unnamed Rect: fillColor = [0.85, 0.85, 0.85]
1423.8057 	EXP 	unnamed TextStim: text = ''
1423.8057 	EXP 	unnamed TextStim: foreColor = 'white'
1423.8057 	EXP 	unnamed TextStim: text = 'Score: 850 pts'
1423.8057 	EXP 	unnamed TextStim: text = ''
1423.8057 	EXP 	TRIGGER 10 (choice_onset)
1424.3374 	DATA 	Keypress: left
1424.3393 	EXP 	Device response: <KeyPress from None: t=1424.3345165408682, value=left, duration=None>
1424.3556 	EXP 	TRIGGER 11 (choice_made)
1424.7889 	EXP 	TRIGGER 34 (anticipation)
1424.7892 	EXP 	Device response: <KeyPress from None: t=1424.3345165408682, value=left, duration=0.11225220910273492>
1425.5891 	EXP 	unnamed TextStim: height = np.float64(0.035)
1425.5891 	EXP 	unnamed TextStim: height = np.float64(0.035)
1425.5891 	EXP 	unnamed TextStim: height = np.float64(0.035)
1425.5891 	EXP 	unnamed TextStim: text = 'Score: 860 pts'
1425.5891 	EXP 	unnamed TextStim: text = ''
1425.5891 	EXP 	unnamed TextStim: text = '+10 Points'
1425.5891 	EXP 	unnamed TextStim: foreColor = [0.1, 0.8, 0.3]
1425.5891 	EXP 	unnamed ImageStim: ori = 3
1425.5891 	EXP 	unnamed ImageStim: image = '/Users/burgerks/Documents/GitHub/motivated_bandit/_task/stimuli/win/sweet/sweet_bandit_073.jpg'
1425.5891 	EXP 	unnamed ImageStim: ori = -3
1425.5891 	EXP 	unnamed ImageStim: image = '/Users/burgerks/Documents/GitHub/motivated_bandit/_task/stimuli/win/sweet/sweet_bandit_040.jpg'
1425.5891 	EXP 	unnamed ImageStim: ori = 1
1425.5891 	EXP 	unnamed ImageStim: image = '/Users/burgerks/Documents/GitHub/motivated_bandit/_task/stimuli/win/sweet/sweet_bandit_087.jpg'
1425.5891 	EXP 	unnamed ImageStim: ori = -1
1425.5891 	EXP 	unnamed ImageStim: image = '/Users/burgerks/Documents/GitHub/motivated_bandit/_task/stimuli/win/sweet/sweet_bandit_084.jpg'
1425.5891 	EXP 	TRIGGER 20 (bandit_win)
1427.7556 	EXP 	unnamed Rect: fillColor = [0.85, 0.85, 0.85]
1427.7556 	EXP 	unnamed Rect: fillColor = [0.85, 0.85, 0.85]
1427.7556 	EXP 	unnamed Rect: fillColor = [0.85, 0.85, 0.85]
1427.7556 	EXP 	unnamed TextStim: text = ''
1427.7556 	EXP 	unnamed TextStim: foreColor = 'white'
1427.7556 	EXP 	unnamed TextStim: text = 'Score: 860 pts'
1427.7556 	EXP 	unnamed TextStim: text = ''
1427.7556 	EXP 	TRIGGER 10 (choice_onset)
1428.2363 	DATA 	Keypress: left
1428.2392 	EXP 	Device response: <KeyPress from None: t=1428.2333783328068, value=left, duration=None>
1428.2556 	EXP 	TRIGGER 11 (choice_made)
1428.6889 	EXP 	TRIGGER 34 (anticipation)
1428.6892 	EXP 	Device response: <KeyPress from None: t=1428.2333783328068, value=left, duration=0.13630258315242827>
1429.4057 	EXP 	unnamed TextStim: height = np.float64(0.035)
1429.4057 	EXP 	unnamed TextStim: height = np.float64(0.035)
1429.4057 	EXP 	unnamed TextStim: height = np.float64(0.035)
1429.4057 	EXP 	unnamed TextStim: text = 'Score: 870 pts'
1429.4057 	EXP 	unnamed TextStim: text = ''
1429.4057 	EXP 	unnamed TextStim: text = '+10 Points'
1429.4057 	EXP 	unnamed TextStim: foreColor = [0.1, 0.8, 0.3]
1429.4057 	EXP 	unnamed ImageStim: ori = -3
1429.4057 	EXP 	unnamed ImageStim: image = '/Users/burgerks/Documents/GitHub/motivated_bandit/_task/stimuli/win/sweet/sweet_bandit_135.jpg'
1429.4057 	EXP 	unnamed ImageStim: ori = -1
1429.4057 	EXP 	unnamed ImageStim: image = '/Users/burgerks/Documents/GitHub/motivated_bandit/_task/stimuli/win/sweet/sweet_bandit_067.jpg'
1429.4057 	EXP 	unnamed ImageStim: ori = 1
1429.4057 	EXP 	unnamed ImageStim: image = '/Users/burgerks/Documents/GitHub/motivated_bandit/_task/stimuli/win/sweet/sweet_bandit_077.jpg'
1429.4057 	EXP 	unnamed ImageStim: ori = 3
1429.4057 	EXP 	unnamed ImageStim: image = '/Users/burgerks/Documents/GitHub/motivated_bandit/_task/stimuli/win/sweet/sweet_bandit_079.jpg'
1429.4058 	EXP 	TRIGGER 20 (bandit_win)
1431.5223 	EXP 	unnamed TextStim: text = 'Bonus round!'
1431.5223 	EXP 	unnamed TextStim: foreColor = 'white'
1431.5223 	EXP 	TRIGGER 30 (bonus_intro)
1432.6056 	EXP 	unnamed TextStim: text = '+15 if fast'
1432.6056 	EXP 	unnamed ImageStim: image = '/Users/burgerks/Documents/GitHub/motivated_bandit/_task/stimuli/neutral/bandit_010.jpg'
1432.6056 	EXP 	TRIGGER 32 (cue_neutral)
1434.1223 	EXP 	TRIGGER 33 (fixation)
1435.7555 	EXP 	TRIGGER 35 (target)
1436.0117 	DATA 	Keypress: down
1436.0225 	EXP 	Device response: <KeyPress from None: t=1436.0074390408117, value=down, duration=None>
1436.0225 	EXP 	TRIGGER 36 (response)
1436.0389 	EXP 	TRIGGER 37 (bonus_feedback)
1436.0891 	EXP 	Device response: <KeyPress from None: t=1436.0074390408117, value=down, duration=0.07064758404158056>
1436.6721 	EXP 	unnamed Rect: fillColor = [0.85, 0.85, 0.85]
1436.6721 	EXP 	unnamed Rect: fillColor = [0.85, 0.85, 0.85]
1436.6721 	EXP 	unnamed Rect: fillColor = [0.85, 0.85, 0.85]
1436.6721 	EXP 	unnamed TextStim: text = ''
1436.6721 	EXP 	unnamed TextStim: foreColor = 'white'
1436.6721 	EXP 	unnamed TextStim: text = 'Score: 870 pts'
1436.6721 	EXP 	unnamed TextStim: text = ''
1436.6721 	EXP 	TRIGGER 10 (choice_onset)
1437.1454 	DATA 	Keypress: left
1437.1559 	EXP 	Device response: <KeyPress from None: t=1437.1423674998805, value=left, duration=None>
1437.1723 	EXP 	TRIGGER 11 (choice_made)
1437.6056 	EXP 	TRIGGER 34 (anticipation)
1437.6059 	EXP 	Device response: <KeyPress from None: t=1437.1423674998805, value=left, duration=0.08831204101443291>
1438.5554 	EXP 	unnamed TextStim: height = np.float64(0.035)
1438.5554 	EXP 	unnamed TextStim: height = np.float64(0.035)
1438.5554 	EXP 	unnamed TextStim: height = np.float64(0.035)
1438.5554 	EXP 	unnamed TextStim: text = 'Score: 880 pts'
1438.5554 	EXP 	unnamed TextStim: text = ''
1438.5554 	EXP 	unnamed TextStim: text = '+10 Points'
1438.5554 	EXP 	unnamed TextStim: foreColor = [0.1, 0.8, 0.3]
1438.5554 	EXP 	unnamed ImageStim: ori = -3
1438.5554 	EXP 	unnamed ImageStim: image = '/Users/burgerks/Documents/GitHub/motivated_bandit/_task/stimuli/win/sweet/sweet_bandit_097.jpg'
1438.5554 	EXP 	unnamed ImageStim: ori = -2
1438.5554 	EXP 	unnamed ImageStim: image = '/Users/burgerks/Documents/GitHub/motivated_bandit/_task/stimuli/win/sweet/sweet_bandit_015.jpg'
1438.5554 	EXP 	unnamed ImageStim: ori = 4
1438.5554 	EXP 	unnamed ImageStim: image = '/Users/burgerks/Documents/GitHub/motivated_bandit/_task/stimuli/win/sweet/sweet_bandit_062.jpg'
1438.5554 	EXP 	unnamed ImageStim: ori = 4
1438.5554 	EXP 	unnamed ImageStim: image = '/Users/burgerks/Documents/GitHub/motivated_bandit/_task/stimuli/win/sweet/sweet_bandit_017.jpg'
1438.5555 	EXP 	TRIGGER 20 (bandit_win)
1440.5222 	EXP 	unnamed Rect: fillColor = [0.85, 0.85, 0.85]
1440.5222 	EXP 	unnamed Rect: fillColor = [0.85, 0.85, 0.85]
1440.5222 	EXP 	unnamed Rect: fillColor = [0.85, 0.85, 0.85]
1440.5222 	EXP 	unnamed TextStim: text = ''
1440.5222 	EXP 	unnamed TextStim: foreColor = 'white'
1440.5222 	EXP 	unnamed TextStim: text = 'Score: 880 pts'
1440.5222 	EXP 	unnamed TextStim: text = ''
1440.5222 	EXP 	TRIGGER 10 (choice_onset)
1441.0059 	EXP 	Device response: <KeyPress from None: t=1441.003263457911, value=left, duration=None>
1441.0111 	DATA 	Keypress: left
1441.0223 	EXP 	TRIGGER 11 (choice_made)
1441.4556 	EXP 	TRIGGER 34 (anticipation)
1441.4559 	EXP 	Device response: <KeyPress from None: t=1441.003263457911, value=left, duration=0.12028591707348824>
1442.4389 	EXP 	unnamed TextStim: height = np.float64(0.035)
1442.4389 	EXP 	unnamed TextStim: height = np.float64(0.035)
1442.4389 	EXP 	unnamed TextStim: height = np.float64(0.035)
1442.4389 	EXP 	unnamed TextStim: text = 'Score: 890 pts'
1442.4389 	EXP 	unnamed TextStim: text = ''
1442.4389 	EXP 	unnamed TextStim: text = '+10 Points'
1442.4389 	EXP 	unnamed TextStim: foreColor = [0.1, 0.8, 0.3]
1442.4389 	EXP 	unnamed ImageStim: ori = -4
1442.4389 	EXP 	unnamed ImageStim: image = '/Users/burgerks/Documents/GitHub/motivated_bandit/_task/stimuli/win/sweet/sweet_bandit_095.jpg'
1442.4389 	EXP 	unnamed ImageStim: ori = -3
1442.4389 	EXP 	unnamed ImageStim: image = '/Users/burgerks/Documents/GitHub/motivated_bandit/_task/stimuli/win/sweet/sweet_bandit_156.jpg'
1442.4389 	EXP 	unnamed ImageStim: ori = -2
1442.4389 	EXP 	unnamed ImageStim: image = '/Users/burgerks/Documents/GitHub/motivated_bandit/_task/stimuli/win/sweet/sweet_bandit_050.jpg'
1442.4389 	EXP 	unnamed ImageStim: ori = -5
1442.4389 	EXP 	unnamed ImageStim: image = '/Users/burgerks/Documents/GitHub/motivated_bandit/_task/stimuli/win/sweet/sweet_bandit_151.jpg'
1442.4390 	EXP 	TRIGGER 20 (bandit_win)
1444.6721 	EXP 	unnamed Rect: fillColor = [0.85, 0.85, 0.85]
1444.6721 	EXP 	unnamed Rect: fillColor = [0.85, 0.85, 0.85]
1444.6721 	EXP 	unnamed Rect: fillColor = [0.85, 0.85, 0.85]
1444.6721 	EXP 	unnamed TextStim: text = ''
1444.6721 	EXP 	unnamed TextStim: foreColor = 'white'
1444.6721 	EXP 	unnamed TextStim: text = 'Score: 890 pts'
1444.6721 	EXP 	unnamed TextStim: text = ''
1444.6721 	EXP 	TRIGGER 10 (choice_onset)
1444.9618 	DATA 	Keypress: left
1444.9726 	EXP 	Device response: <KeyPress from None: t=1444.957137415884, value=left, duration=None>
1444.9889 	EXP 	TRIGGER 11 (choice_made)
1445.4055 	EXP 	TRIGGER 34 (anticipation)
1445.4058 	EXP 	Device response: <KeyPress from None: t=1444.957137415884, value=left, duration=0.10831924993544817>
1446.3556 	EXP 	unnamed TextStim: height = np.float64(0.035)
1446.3556 	EXP 	unnamed TextStim: height = np.float64(0.035)
1446.3556 	EXP 	unnamed TextStim: height = np.float64(0.035)
1446.3556 	EXP 	unnamed TextStim: text = 'Score: 900 pts'
1446.3556 	EXP 	unnamed TextStim: text = ''
1446.3556 	EXP 	unnamed TextStim: text = '+10 Points'
1446.3556 	EXP 	unnamed TextStim: foreColor = [0.1, 0.8, 0.3]
1446.3556 	EXP 	unnamed ImageStim: ori = 2
1446.3556 	EXP 	unnamed ImageStim: image = '/Users/burgerks/Documents/GitHub/motivated_bandit/_task/stimuli/win/sweet/sweet_bandit_095.jpg'
1446.3556 	EXP 	unnamed ImageStim: ori = 1
1446.3556 	EXP 	unnamed ImageStim: image = '/Users/burgerks/Documents/GitHub/motivated_bandit/_task/stimuli/win/sweet/sweet_bandit_015.jpg'
1446.3556 	EXP 	unnamed ImageStim: ori = 0
1446.3556 	EXP 	unnamed ImageStim: image = '/Users/burgerks/Documents/GitHub/motivated_bandit/_task/stimuli/win/sweet/sweet_bandit_019.jpg'
1446.3556 	EXP 	unnamed ImageStim: ori = 3
1446.3556 	EXP 	unnamed ImageStim: image = '/Users/burgerks/Documents/GitHub/motivated_bandit/_task/stimuli/win/sweet/sweet_bandit_151.jpg'
1446.3556 	EXP 	TRIGGER 20 (bandit_win)
1448.3554 	EXP 	unnamed Rect: fillColor = [0.85, 0.85, 0.85]
1448.3554 	EXP 	unnamed Rect: fillColor = [0.85, 0.85, 0.85]
1448.3554 	EXP 	unnamed Rect: fillColor = [0.85, 0.85, 0.85]
1448.3554 	EXP 	unnamed TextStim: text = ''
1448.3554 	EXP 	unnamed TextStim: foreColor = 'white'
1448.3554 	EXP 	unnamed TextStim: text = 'Score: 900 pts'
1448.3554 	EXP 	unnamed TextStim: text = ''
1448.3554 	EXP 	TRIGGER 10 (choice_onset)
1448.7659 	DATA 	Keypress: left
1448.7726 	EXP 	Device response: <KeyPress from None: t=1448.763031290844, value=left, duration=None>
1448.7889 	EXP 	TRIGGER 11 (choice_made)
1449.2222 	EXP 	TRIGGER 34 (anticipation)
1449.2225 	EXP 	Device response: <KeyPress from None: t=1448.763031290844, value=left, duration=0.12830287497490644>
1449.9555 	EXP 	unnamed TextStim: height = np.float64(0.035)
1449.9555 	EXP 	unnamed TextStim: height = np.float64(0.035)
1449.9555 	EXP 	unnamed TextStim: height = np.float64(0.035)
1449.9555 	EXP 	unnamed TextStim: text = 'Score: 910 pts'
1449.9555 	EXP 	unnamed TextStim: text = ''
1449.9555 	EXP 	unnamed TextStim: text = '+10 Points'
1449.9555 	EXP 	unnamed TextStim: foreColor = [0.1, 0.8, 0.3]
1449.9555 	EXP 	unnamed ImageStim: ori = -3
1449.9555 	EXP 	unnamed ImageStim: image = '/Users/burgerks/Documents/GitHub/motivated_bandit/_task/stimuli/win/sweet/sweet_bandit_107.jpg'
1449.9555 	EXP 	unnamed ImageStim: ori = 1
1449.9555 	EXP 	unnamed ImageStim: image = '/Users/burgerks/Documents/GitHub/motivated_bandit/_task/stimuli/win/sweet/sweet_bandit_119.jpg'
1449.9555 	EXP 	unnamed ImageStim: ori = 2
1449.9555 	EXP 	unnamed ImageStim: image = '/Users/burgerks/Documents/GitHub/motivated_bandit/_task/stimuli/win/sweet/sweet_bandit_160.jpg'
1449.9555 	EXP 	unnamed ImageStim: ori = 0
1449.9555 	EXP 	unnamed ImageStim: image = '/Users/burgerks/Documents/GitHub/motivated_bandit/_task/stimuli/win/sweet/sweet_bandit_156.jpg'
1449.9556 	EXP 	TRIGGER 20 (bandit_win)
1452.0387 	EXP 	unnamed TextStim: text = 'Bonus round!'
1452.0387 	EXP 	unnamed TextStim: foreColor = 'white'
1452.0388 	EXP 	TRIGGER 30 (bonus_intro)
1453.1222 	EXP 	unnamed TextStim: text = '+15 if fast'
1453.1222 	EXP 	unnamed ImageStim: image = '/Users/burgerks/Documents/GitHub/motivated_bandit/_task/stimuli/win/sweet/sweet_bandit_015.jpg'
1453.1222 	EXP 	TRIGGER 31 (cue_food)
1454.6555 	EXP 	TRIGGER 33 (fixation)
1456.5387 	EXP 	TRIGGER 35 (target)
1456.8115 	DATA 	Keypress: down
1456.8225 	EXP 	Device response: <KeyPress from None: t=1456.8058217079379, value=down, duration=None>
1456.8225 	EXP 	TRIGGER 36 (response)
1456.8389 	EXP 	TRIGGER 37 (bonus_feedback)
1456.8724 	EXP 	Device response: <KeyPress from None: t=1456.8058217079379, value=down, duration=0.06627449998632073>
1457.4721 	EXP 	unnamed Rect: fillColor = [0.85, 0.85, 0.85]
1457.4721 	EXP 	unnamed Rect: fillColor = [0.85, 0.85, 0.85]
1457.4721 	EXP 	unnamed Rect: fillColor = [0.85, 0.85, 0.85]
1457.4721 	EXP 	unnamed TextStim: text = ''
1457.4721 	EXP 	unnamed TextStim: foreColor = 'white'
1457.4721 	EXP 	unnamed TextStim: text = 'Score: 910 pts'
1457.4721 	EXP 	unnamed TextStim: text = ''
1457.4721 	EXP 	TRIGGER 10 (choice_onset)
1457.9375 	DATA 	Keypress: left
1457.9391 	EXP 	Device response: <KeyPress from None: t=1457.9347827909514, value=left, duration=None>
1457.9554 	EXP 	TRIGGER 11 (choice_made)
1458.3721 	EXP 	TRIGGER 34 (anticipation)
1458.3723 	EXP 	Device response: <KeyPress from None: t=1457.9347827909514, value=left, duration=0.12429741700179875>
1459.0219 	EXP 	unnamed TextStim: height = np.float64(0.035)
1459.0219 	EXP 	unnamed TextStim: height = np.float64(0.035)
1459.0219 	EXP 	unnamed TextStim: height = np.float64(0.035)
1459.0219 	EXP 	unnamed TextStim: text = 'Score: 920 pts'
1459.0219 	EXP 	unnamed TextStim: text = ''
1459.0219 	EXP 	unnamed TextStim: text = '+10 Points'
1459.0219 	EXP 	unnamed TextStim: foreColor = [0.1, 0.8, 0.3]
1459.0219 	EXP 	unnamed ImageStim: ori = 3
1459.0219 	EXP 	unnamed ImageStim: image = '/Users/burgerks/Documents/GitHub/motivated_bandit/_task/stimuli/win/sweet/sweet_bandit_126.jpg'
1459.0219 	EXP 	unnamed ImageStim: ori = 0
1459.0219 	EXP 	unnamed ImageStim: image = '/Users/burgerks/Documents/GitHub/motivated_bandit/_task/stimuli/win/sweet/sweet_bandit_158.jpg'
1459.0219 	EXP 	unnamed ImageStim: ori = -1
1459.0219 	EXP 	unnamed ImageStim: image = '/Users/burgerks/Documents/GitHub/motivated_bandit/_task/stimuli/win/sweet/sweet_bandit_050.jpg'
1459.0219 	EXP 	unnamed ImageStim: ori = 3
1459.0219 	EXP 	unnamed ImageStim: image = '/Users/burgerks/Documents/GitHub/motivated_bandit/_task/stimuli/win/sweet/sweet_bandit_134.jpg'
1459.0219 	EXP 	TRIGGER 20 (bandit_win)
1461.0888 	EXP 	unnamed Rect: fillColor = [0.85, 0.85, 0.85]
1461.0888 	EXP 	unnamed Rect: fillColor = [0.85, 0.85, 0.85]
1461.0888 	EXP 	unnamed Rect: fillColor = [0.85, 0.85, 0.85]
1461.0888 	EXP 	unnamed TextStim: text = ''
1461.0888 	EXP 	unnamed TextStim: foreColor = 'white'
1461.0888 	EXP 	unnamed TextStim: text = 'Score: 920 pts'
1461.0888 	EXP 	unnamed TextStim: text = ''
1461.0888 	EXP 	TRIGGER 10 (choice_onset)
1461.5015 	DATA 	Keypress: left
1461.5058 	EXP 	Device response: <KeyPress from None: t=1461.498636082979, value=left, duration=None>
1461.5221 	EXP 	TRIGGER 11 (choice_made)
1461.9554 	EXP 	TRIGGER 34 (anticipation)
1461.9557 	EXP 	Device response: <KeyPress from None: t=1461.498636082979, value=left, duration=0.13232504180632532>
1462.6054 	EXP 	unnamed TextStim: height = np.float64(0.035)
1462.6054 	EXP 	unnamed TextStim: height = np.float64(0.035)
1462.6054 	EXP 	unnamed TextStim: height = np.float64(0.035)
1462.6054 	EXP 	unnamed TextStim: text = 'Score: 930 pts'
1462.6054 	EXP 	unnamed TextStim: text = ''
1462.6054 	EXP 	unnamed TextStim: text = '+10 Points'
1462.6054 	EXP 	unnamed TextStim: foreColor = [0.1, 0.8, 0.3]
1462.6054 	EXP 	unnamed ImageStim: ori = -4
1462.6054 	EXP 	unnamed ImageStim: image = '/Users/burgerks/Documents/GitHub/motivated_bandit/_task/stimuli/win/sweet/sweet_bandit_162.jpg'
1462.6054 	EXP 	unnamed ImageStim: ori = 3
1462.6054 	EXP 	unnamed ImageStim: image = '/Users/burgerks/Documents/GitHub/motivated_bandit/_task/stimuli/win/sweet/sweet_bandit_003.jpg'
1462.6054 	EXP 	unnamed ImageStim: ori = -3
1462.6054 	EXP 	unnamed ImageStim: image = '/Users/burgerks/Documents/GitHub/motivated_bandit/_task/stimuli/win/sweet/sweet_bandit_070.jpg'
1462.6054 	EXP 	unnamed ImageStim: ori = -3
1462.6054 	EXP 	unnamed ImageStim: image = '/Users/burgerks/Documents/GitHub/motivated_bandit/_task/stimuli/win/sweet/sweet_bandit_128.jpg'
1462.6054 	EXP 	TRIGGER 20 (bandit_win)
1464.5888 	EXP 	unnamed TextStim: text = 'Bonus round!'
1464.5888 	EXP 	unnamed TextStim: foreColor = 'white'
1464.5888 	EXP 	TRIGGER 30 (bonus_intro)
1465.6887 	EXP 	unnamed TextStim: text = '+15 if fast'
1465.6887 	EXP 	unnamed ImageStim: image = '/Users/burgerks/Documents/GitHub/motivated_bandit/_task/stimuli/win/sweet/sweet_bandit_070.jpg'
1465.6888 	EXP 	TRIGGER 31 (cue_food)
1467.2220 	EXP 	TRIGGER 33 (fixation)
1468.6054 	EXP 	TRIGGER 35 (target)
1468.9818 	DATA 	Keypress: down
1468.9891 	EXP 	Device response: <KeyPress from None: t=1468.9789187908173, value=down, duration=None>
1468.9891 	EXP 	TRIGGER 36 (response)
1469.0054 	EXP 	TRIGGER 37 (bonus_feedback)
1469.0889 	EXP 	Device response: <KeyPress from None: t=1468.9789187908173, value=down, duration=0.09429354197345674>
1469.6387 	EXP 	unnamed Rect: fillColor = [0.85, 0.85, 0.85]
1469.6387 	EXP 	unnamed Rect: fillColor = [0.85, 0.85, 0.85]
1469.6387 	EXP 	unnamed Rect: fillColor = [0.85, 0.85, 0.85]
1469.6387 	EXP 	unnamed TextStim: text = ''
1469.6387 	EXP 	unnamed TextStim: foreColor = 'white'
1469.6387 	EXP 	unnamed TextStim: text = 'Score: 930 pts'
1469.6387 	EXP 	unnamed TextStim: text = ''
1469.6388 	EXP 	TRIGGER 10 (choice_onset)
1470.0615 	DATA 	Keypress: left
1470.0723 	EXP 	Device response: <KeyPress from None: t=1470.0578511659987, value=left, duration=None>
1470.0887 	EXP 	TRIGGER 11 (choice_made)
1470.5220 	EXP 	TRIGGER 34 (anticipation)
1470.5223 	EXP 	Device response: <KeyPress from None: t=1470.0578511659987, value=left, duration=0.14831220894120634>
1471.1887 	EXP 	unnamed TextStim: height = np.float64(0.035)
1471.1887 	EXP 	unnamed TextStim: height = np.float64(0.035)
1471.1887 	EXP 	unnamed TextStim: height = np.float64(0.035)
1471.1887 	EXP 	unnamed TextStim: text = 'Score: 940 pts'
1471.1887 	EXP 	unnamed TextStim: text = ''
1471.1887 	EXP 	unnamed TextStim: text = '+10 Points'
1471.1887 	EXP 	unnamed TextStim: foreColor = [0.1, 0.8, 0.3]
1471.1887 	EXP 	unnamed ImageStim: ori = 0
1471.1887 	EXP 	unnamed ImageStim: image = '/Users/burgerks/Documents/GitHub/motivated_bandit/_task/stimuli/win/sweet/sweet_bandit_162.jpg'
1471.1887 	EXP 	unnamed ImageStim: ori = 5
1471.1887 	EXP 	unnamed ImageStim: image = '/Users/burgerks/Documents/GitHub/motivated_bandit/_task/stimuli/win/sweet/sweet_bandit_019.jpg'
1471.1887 	EXP 	unnamed ImageStim: ori = -5
1471.1887 	EXP 	unnamed ImageStim: image = '/Users/burgerks/Documents/GitHub/motivated_bandit/_task/stimuli/win/sweet/sweet_bandit_138.jpg'
1471.1887 	EXP 	unnamed ImageStim: ori = -5
1471.1887 	EXP 	unnamed ImageStim: image = '/Users/burgerks/Documents/GitHub/motivated_bandit/_task/stimuli/win/sweet/sweet_bandit_017.jpg'
1471.1888 	EXP 	TRIGGER 20 (bandit_win)
1473.2887 	EXP 	unnamed Rect: fillColor = [0.85, 0.85, 0.85]
1473.2887 	EXP 	unnamed Rect: fillColor = [0.85, 0.85, 0.85]
1473.2887 	EXP 	unnamed Rect: fillColor = [0.85, 0.85, 0.85]
1473.2887 	EXP 	unnamed TextStim: text = ''
1473.2887 	EXP 	unnamed TextStim: foreColor = 'white'
1473.2887 	EXP 	unnamed TextStim: text = 'Score: 940 pts'
1473.2887 	EXP 	unnamed TextStim: text = ''
1473.2887 	EXP 	TRIGGER 10 (choice_onset)
1473.6617 	DATA 	Keypress: left
1473.6725 	EXP 	Device response: <KeyPress from None: t=1473.6557504159864, value=left, duration=None>
1473.6887 	EXP 	TRIGGER 11 (choice_made)
1474.1220 	EXP 	TRIGGER 34 (anticipation)
1474.1226 	EXP 	Device response: <KeyPress from None: t=1473.6557504159864, value=left, duration=0.14832499995827675>
1474.8220 	EXP 	unnamed TextStim: height = np.float64(0.035)
1474.8220 	EXP 	unnamed TextStim: height = np.float64(0.035)
1474.8220 	EXP 	unnamed TextStim: height = np.float64(0.035)
1474.8220 	EXP 	unnamed TextStim: text = 'Score: 950 pts'
1474.8220 	EXP 	unnamed TextStim: text = ''
1474.8220 	EXP 	unnamed TextStim: text = '+10 Points'
1474.8220 	EXP 	unnamed TextStim: foreColor = [0.1, 0.8, 0.3]
1474.8220 	EXP 	unnamed ImageStim: ori = -3
1474.8220 	EXP 	unnamed ImageStim: image = '/Users/burgerks/Documents/GitHub/motivated_bandit/_task/stimuli/win/sweet/sweet_bandit_111.jpg'
1474.8220 	EXP 	unnamed ImageStim: ori = -5
1474.8220 	EXP 	unnamed ImageStim: image = '/Users/burgerks/Documents/GitHub/motivated_bandit/_task/stimuli/win/sweet/sweet_bandit_099.jpg'
1474.8220 	EXP 	unnamed ImageStim: ori = 3
1474.8220 	EXP 	unnamed ImageStim: image = '/Users/burgerks/Documents/GitHub/motivated_bandit/_task/stimuli/win/sweet/sweet_bandit_062.jpg'
1474.8220 	EXP 	unnamed ImageStim: ori = 3
1474.8220 	EXP 	unnamed ImageStim: image = '/Users/burgerks/Documents/GitHub/motivated_bandit/_task/stimuli/win/sweet/sweet_bandit_010.jpg'
1474.8222 	EXP 	TRIGGER 20 (bandit_win)
1476.9887 	EXP 	unnamed Rect: fillColor = [0.85, 0.85, 0.85]
1476.9887 	EXP 	unnamed Rect: fillColor = [0.85, 0.85, 0.85]
1476.9887 	EXP 	unnamed Rect: fillColor = [0.85, 0.85, 0.85]
1476.9887 	EXP 	unnamed TextStim: text = ''
1476.9887 	EXP 	unnamed TextStim: foreColor = 'white'
1476.9887 	EXP 	unnamed TextStim: text = 'Score: 950 pts'
1476.9887 	EXP 	unnamed TextStim: text = ''
1476.9887 	EXP 	TRIGGER 10 (choice_onset)
1477.3531 	DATA 	Keypress: left
1477.3556 	EXP 	Device response: <KeyPress from None: t=1477.349663915811, value=left, duration=None>
1477.3720 	EXP 	TRIGGER 11 (choice_made)
1477.8053 	EXP 	TRIGGER 34 (anticipation)
1477.8056 	EXP 	Device response: <KeyPress from None: t=1477.349663915811, value=left, duration=0.14029516698792577>
1478.8219 	EXP 	unnamed TextStim: height = np.float64(0.035)
1478.8219 	EXP 	unnamed TextStim: height = np.float64(0.035)
1478.8219 	EXP 	unnamed TextStim: height = np.float64(0.035)
1478.8219 	EXP 	unnamed TextStim: text = 'Score: 960 pts'
1478.8219 	EXP 	unnamed TextStim: text = ''
1478.8219 	EXP 	unnamed TextStim: text = '+10 Points'
1478.8219 	EXP 	unnamed TextStim: foreColor = [0.1, 0.8, 0.3]
1478.8219 	EXP 	unnamed ImageStim: ori = -2
1478.8219 	EXP 	unnamed ImageStim: image = '/Users/burgerks/Documents/GitHub/motivated_bandit/_task/stimuli/win/sweet/sweet_bandit_067.jpg'
1478.8219 	EXP 	unnamed ImageStim: ori = -4
1478.8219 	EXP 	unnamed ImageStim: image = '/Users/burgerks/Documents/GitHub/motivated_bandit/_task/stimuli/win/sweet/sweet_bandit_070.jpg'
1478.8219 	EXP 	unnamed ImageStim: ori = -1
1478.8219 	EXP 	unnamed ImageStim: image = '/Users/burgerks/Documents/GitHub/motivated_bandit/_task/stimuli/win/sweet/sweet_bandit_077.jpg'
1478.8219 	EXP 	unnamed ImageStim: ori = 0
1478.8219 	EXP 	unnamed ImageStim: image = '/Users/burgerks/Documents/GitHub/motivated_bandit/_task/stimuli/win/sweet/sweet_bandit_081.jpg'
1478.8220 	EXP 	TRIGGER 20 (bandit_win)
1480.9220 	EXP 	unnamed Rect: fillColor = [0.85, 0.85, 0.85]
1480.9220 	EXP 	unnamed Rect: fillColor = [0.85, 0.85, 0.85]
1480.9220 	EXP 	unnamed Rect: fillColor = [0.85, 0.85, 0.85]
1480.9220 	EXP 	unnamed TextStim: text = ''
1480.9220 	EXP 	unnamed TextStim: foreColor = 'white'
1480.9220 	EXP 	unnamed TextStim: text = 'Score: 960 pts'
1480.9220 	EXP 	unnamed TextStim: text = ''
1480.9220 	EXP 	TRIGGER 10 (choice_onset)
1481.2557 	EXP 	Device response: <KeyPress from None: t=1481.253533624811, value=left, duration=None>
1481.2606 	DATA 	Keypress: left
1481.2720 	EXP 	TRIGGER 11 (choice_made)
1481.7053 	EXP 	TRIGGER 34 (anticipation)
1481.7055 	EXP 	Device response: <KeyPress from None: t=1481.253533624811, value=left, duration=0.1483257501386106>
1482.4220 	EXP 	unnamed TextStim: height = np.float64(0.035)
1482.4220 	EXP 	unnamed TextStim: height = np.float64(0.035)
1482.4220 	EXP 	unnamed TextStim: height = np.float64(0.035)
1482.4220 	EXP 	unnamed TextStim: text = 'Score: 950 pts'
1482.4220 	EXP 	unnamed TextStim: text = ''
1482.4220 	EXP 	unnamed TextStim: height = np.float64(0.1)
1482.4220 	EXP 	unnamed TextStim: height = np.float64(0.1)
1482.4220 	EXP 	unnamed TextStim: height = np.float64(0.1)
1482.4220 	EXP 	unnamed TextStim: text = '-10 Points'
1482.4220 	EXP 	unnamed TextStim: foreColor = [0.9, 0.2, 0.2]
1482.4220 	EXP 	unnamed ImageStim: ori = 1.25
1482.4220 	EXP 	unnamed ImageStim: image = '/Users/burgerks/Documents/GitHub/motivated_bandit/_task/stimuli/loss/lose_pic.png'
1482.4220 	EXP 	TRIGGER 21 (bandit_loss)
1484.5386 	EXP 	unnamed Rect: fillColor = [0.85, 0.85, 0.85]
1484.5386 	EXP 	unnamed Rect: fillColor = [0.85, 0.85, 0.85]
1484.5386 	EXP 	unnamed Rect: fillColor = [0.85, 0.85, 0.85]
1484.5386 	EXP 	unnamed TextStim: text = ''
1484.5386 	EXP 	unnamed TextStim: foreColor = 'white'
1484.5386 	EXP 	unnamed TextStim: text = 'Score: 950 pts'
1484.5386 	EXP 	unnamed TextStim: text = ''
1484.5387 	EXP 	TRIGGER 10 (choice_onset)
1484.8555 	EXP 	Device response: <KeyPress from None: t=1484.8524618328083, value=down, duration=None>
1484.8603 	DATA 	Keypress: down
1484.8720 	EXP 	TRIGGER 11 (choice_made)
1485.3053 	EXP 	TRIGGER 34 (anticipation)
1485.3055 	EXP 	Device response: <KeyPress from None: t=1484.8524618328083, value=down, duration=0.16827691718935966>
1486.0219 	EXP 	unnamed TextStim: height = np.float64(0.035)
1486.0219 	EXP 	unnamed TextStim: height = np.float64(0.035)
1486.0219 	EXP 	unnamed TextStim: height = np.float64(0.035)
1486.0219 	EXP 	unnamed TextStim: text = 'Score: 940 pts'
1486.0219 	EXP 	unnamed TextStim: text = ''
1486.0219 	EXP 	unnamed TextStim: text = '-10 Points'
1486.0219 	EXP 	unnamed TextStim: foreColor = [0.9, 0.2, 0.2]
1486.0219 	EXP 	unnamed ImageStim: ori = 1.0
1486.0219 	EXP 	unnamed ImageStim: image = '/Users/burgerks/Documents/GitHub/motivated_bandit/_task/stimuli/loss/lose_pic.png'
1486.0220 	EXP 	TRIGGER 21 (bandit_loss)
1488.0052 	EXP 	unnamed TextStim: text = 'Bonus round!'
1488.0052 	EXP 	unnamed TextStim: foreColor = 'white'
1488.0052 	EXP 	TRIGGER 30 (bonus_intro)
1489.0719 	EXP 	unnamed TextStim: text = '+15 if fast'
1489.0719 	EXP 	unnamed ImageStim: image = '/Users/burgerks/Documents/GitHub/motivated_bandit/_task/stimuli/neutral/bandit_009.jpg'
1489.0720 	EXP 	TRIGGER 32 (cue_neutral)
1490.6052 	EXP 	TRIGGER 33 (fixation)
1490.9447 	DATA 	Keypress: down
1490.9555 	EXP 	Device response: <KeyPress from None: t=1490.941531874938, value=down, duration=None>
1490.9718 	EXP 	unnamed TextStim: height = np.float64(0.07)
1490.9718 	EXP 	unnamed TextStim: height = np.float64(0.07)
1490.9718 	EXP 	unnamed TextStim: height = np.float64(0.07)
1490.9718 	EXP 	unnamed TextStim: text = 'Too soon!'
1490.9718 	EXP 	unnamed TextStim: foreColor = [0.95, 0.6, 0.1]
1490.9718 	EXP 	unnamed TextStim: text = 'Wait for the white square before you press.'
1490.9719 	EXP 	TRIGGER 37 (bonus_feedback)
1491.0387 	EXP 	Device response: <KeyPress from None: t=1490.941531874938, value=down, duration=0.09399695787578821>
1494.0218 	EXP 	unnamed Rect: fillColor = [0.85, 0.85, 0.85]
1494.0218 	EXP 	unnamed Rect: fillColor = [0.85, 0.85, 0.85]
1494.0218 	EXP 	unnamed Rect: fillColor = [0.85, 0.85, 0.85]
1494.0218 	EXP 	unnamed TextStim: text = ''
1494.0218 	EXP 	unnamed TextStim: foreColor = 'white'
1494.0218 	EXP 	unnamed TextStim: text = 'Score: 940 pts'
1494.0218 	EXP 	unnamed TextStim: text = ''
1494.0219 	EXP 	TRIGGER 10 (choice_onset)
1494.5128 	DATA 	Keypress: right
1494.5221 	EXP 	Device response: <KeyPress from None: t=1494.5100904158317, value=right, duration=None>
1494.5385 	EXP 	TRIGGER 11 (choice_made)
1494.9718 	EXP 	TRIGGER 34 (anticipation)
1494.9720 	EXP 	Device response: <KeyPress from None: t=1494.5100904158317, value=right, duration=0.12032462516799569>
1495.7386 	EXP 	unnamed TextStim: height = np.float64(0.035)
1495.7386 	EXP 	unnamed TextStim: height = np.float64(0.035)
1495.7386 	EXP 	unnamed TextStim: height = np.float64(0.035)
1495.7386 	EXP 	unnamed TextStim: text = 'Score: 930 pts'
1495.7386 	EXP 	unnamed TextStim: text = ''
1495.7386 	EXP 	unnamed TextStim: text = '-10 Points'
1495.7386 	EXP 	unnamed TextStim: foreColor = [0.9, 0.2, 0.2]
1495.7386 	EXP 	unnamed ImageStim: ori = -1.25
1495.7386 	EXP 	unnamed ImageStim: image = '/Users/burgerks/Documents/GitHub/motivated_bandit/_task/stimuli/loss/lose_pic.png'
1495.7386 	EXP 	TRIGGER 21 (bandit_loss)
1497.7885 	EXP 	unnamed Rect: fillColor = [0.85, 0.85, 0.85]
1497.7885 	EXP 	unnamed Rect: fillColor = [0.85, 0.85, 0.85]
1497.7885 	EXP 	unnamed Rect: fillColor = [0.85, 0.85, 0.85]
1497.7885 	EXP 	unnamed TextStim: text = ''
1497.7885 	EXP 	unnamed TextStim: foreColor = 'white'
1497.7885 	EXP 	unnamed TextStim: text = 'Score: 930 pts'
1497.7885 	EXP 	unnamed TextStim: text = ''
1497.7885 	EXP 	TRIGGER 10 (choice_onset)
1498.1138 	DATA 	Keypress: left
1498.1221 	EXP 	Device response: <KeyPress from None: t=1498.1109883747995, value=left, duration=None>
1498.1385 	EXP 	TRIGGER 11 (choice_made)
1498.5718 	EXP 	TRIGGER 34 (anticipation)
1498.5721 	EXP 	Device response: <KeyPress from None: t=1498.1109883747995, value=left, duration=0.12033070810139179>
1499.5549 	EXP 	unnamed TextStim: height = np.float64(0.035)
1499.5549 	EXP 	unnamed TextStim: height = np.float64(0.035)
1499.5549 	EXP 	unnamed TextStim: height = np.float64(0.035)
1499.5549 	EXP 	unnamed TextStim: text = 'Score: 940 pts'
1499.5549 	EXP 	unnamed TextStim: text = ''
1499.5549 	EXP 	unnamed TextStim: height = np.float64(0.1)
1499.5549 	EXP 	unnamed TextStim: height = np.float64(0.1)
1499.5549 	EXP 	unnamed TextStim: height = np.float64(0.1)
1499.5549 	EXP 	unnamed TextStim: text = '+10 Points'
1499.5549 	EXP 	unnamed TextStim: foreColor = [0.1, 0.8, 0.3]
1499.5549 	EXP 	unnamed ImageStim: ori = -2
1499.5549 	EXP 	unnamed ImageStim: image = '/Users/burgerks/Documents/GitHub/motivated_bandit/_task/stimuli/win/sweet/sweet_bandit_060.jpg'
1499.5549 	EXP 	unnamed ImageStim: ori = 0
1499.5549 	EXP 	unnamed ImageStim: image = '/Users/burgerks/Documents/GitHub/motivated_bandit/_task/stimuli/win/sweet/sweet_bandit_062.jpg'
1499.5549 	EXP 	unnamed ImageStim: ori = -1
1499.5549 	EXP 	unnamed ImageStim: image = '/Users/burgerks/Documents/GitHub/motivated_bandit/_task/stimuli/win/sweet/sweet_bandit_017.jpg'
1499.5549 	EXP 	unnamed ImageStim: ori = -3
1499.5549 	EXP 	unnamed ImageStim: image = '/Users/burgerks/Documents/GitHub/motivated_bandit/_task/stimuli/win/sweet/sweet_bandit_015.jpg'
1499.5550 	EXP 	TRIGGER 20 (bandit_win)
1501.5885 	EXP 	unnamed TextStim: height = np.float64(0.07)
1501.5885 	EXP 	unnamed TextStim: height = np.float64(0.07)
1501.5885 	EXP 	unnamed TextStim: height = np.float64(0.07)
1501.5885 	EXP 	unnamed TextStim: text = 'Bonus round!'
1501.5885 	EXP 	unnamed TextStim: foreColor = 'white'
1501.5885 	EXP 	TRIGGER 30 (bonus_intro)
1501.9110 	DATA 	Keypress: left
1501.9221 	EXP 	Device response: <KeyPress from None: t=1501.9058825408574, value=left, duration=None>
1502.0553 	EXP 	Device response: <KeyPress from None: t=1501.9058825408574, value=left, duration=0.13629091694019735>
1502.6885 	EXP 	unnamed TextStim: text = '+15 if fast'
1502.6885 	EXP 	unnamed ImageStim: image = '/Users/burgerks/Documents/GitHub/motivated_bandit/_task/stimuli/win/sweet/sweet_bandit_160.jpg'
1502.6885 	EXP 	TRIGGER 31 (cue_food)
1504.2218 	EXP 	TRIGGER 33 (fixation)
1505.6051 	EXP 	TRIGGER 35 (target)
1505.9646 	DATA 	Keypress: down
1505.9721 	EXP 	Device response: <KeyPress from None: t=1505.9617705408018, value=down, duration=None>
1505.9721 	EXP 	TRIGGER 36 (response)
1505.9884 	EXP 	TRIGGER 37 (bonus_feedback)
1506.0720 	EXP 	Device response: <KeyPress from None: t=1505.9617705408018, value=down, duration=0.10831670905463398>
1506.6217 	EXP 	unnamed Rect: fillColor = [0.85, 0.85, 0.85]
1506.6217 	EXP 	unnamed Rect: fillColor = [0.85, 0.85, 0.85]
1506.6217 	EXP 	unnamed Rect: fillColor = [0.85, 0.85, 0.85]
1506.6217 	EXP 	unnamed TextStim: text = ''
1506.6217 	EXP 	unnamed TextStim: foreColor = 'white'
1506.6217 	EXP 	unnamed TextStim: text = 'Score: 940 pts'
1506.6217 	EXP 	unnamed TextStim: text = ''
1506.6217 	EXP 	TRIGGER 10 (choice_onset)
1507.4785 	DATA 	Keypress: down
1507.4888 	EXP 	Device response: <KeyPress from None: t=1507.4757060830016, value=down, duration=None>
1507.5051 	EXP 	TRIGGER 11 (choice_made)
1507.9218 	EXP 	TRIGGER 34 (anticipation)
1507.9221 	EXP 	Device response: <KeyPress from None: t=1507.4757060830016, value=down, duration=0.13632804178632796>
1508.6052 	EXP 	unnamed TextStim: height = np.float64(0.035)
1508.6052 	EXP 	unnamed TextStim: height = np.float64(0.035)
1508.6052 	EXP 	unnamed TextStim: height = np.float64(0.035)
1508.6052 	EXP 	unnamed TextStim: text = 'Score: 930 pts'
1508.6052 	EXP 	unnamed TextStim: text = ''
1508.6052 	EXP 	unnamed TextStim: height = np.float64(0.1)
1508.6052 	EXP 	unnamed TextStim: height = np.float64(0.1)
1508.6052 	EXP 	unnamed TextStim: height = np.float64(0.1)
1508.6052 	EXP 	unnamed TextStim: text = '-10 Points'
1508.6052 	EXP 	unnamed TextStim: foreColor = [0.9, 0.2, 0.2]
1508.6052 	EXP 	unnamed ImageStim: ori = -1.25
1508.6052 	EXP 	unnamed ImageStim: image = '/Users/burgerks/Documents/GitHub/motivated_bandit/_task/stimuli/loss/lose_pic.png'
1508.6052 	EXP 	TRIGGER 21 (bandit_loss)
1510.6550 	EXP 	unnamed Rect: fillColor = [0.85, 0.85, 0.85]
1510.6550 	EXP 	unnamed Rect: fillColor = [0.85, 0.85, 0.85]
1510.6550 	EXP 	unnamed Rect: fillColor = [0.85, 0.85, 0.85]
1510.6550 	EXP 	unnamed TextStim: text = ''
1510.6550 	EXP 	unnamed TextStim: foreColor = 'white'
1510.6550 	EXP 	unnamed TextStim: text = 'Score: 930 pts'
1510.6550 	EXP 	unnamed TextStim: text = ''
1510.6551 	EXP 	TRIGGER 10 (choice_onset)
1511.0815 	DATA 	Keypress: left
1511.0887 	EXP 	Device response: <KeyPress from None: t=1511.0786058329977, value=left, duration=None>
1511.1050 	EXP 	TRIGGER 11 (choice_made)
1511.5218 	EXP 	TRIGGER 34 (anticipation)
1511.5220 	EXP 	Device response: <KeyPress from None: t=1511.0786058329977, value=left, duration=0.16432412480935454>
1512.2885 	EXP 	unnamed TextStim: height = np.float64(0.035)
1512.2885 	EXP 	unnamed TextStim: height = np.float64(0.035)
1512.2885 	EXP 	unnamed TextStim: height = np.float64(0.035)
1512.2885 	EXP 	unnamed TextStim: text = 'Score: 940 pts'
1512.2885 	EXP 	unnamed TextStim: text = ''
1512.2885 	EXP 	unnamed TextStim: height = np.float64(0.1)
1512.2885 	EXP 	unnamed TextStim: height = np.float64(0.1)
1512.2885 	EXP 	unnamed TextStim: height = np.float64(0.1)
1512.2885 	EXP 	unnamed TextStim: text = '+10 Points'
1512.2885 	EXP 	unnamed TextStim: foreColor = [0.1, 0.8, 0.3]
1512.2885 	EXP 	unnamed ImageStim: ori = -5
1512.2885 	EXP 	unnamed ImageStim: image = '/Users/burgerks/Documents/GitHub/motivated_bandit/_task/stimuli/win/sweet/sweet_bandit_040.jpg'
1512.2885 	EXP 	unnamed ImageStim: ori = 1
1512.2885 	EXP 	unnamed ImageStim: image = '/Users/burgerks/Documents/GitHub/motivated_bandit/_task/stimuli/win/sweet/sweet_bandit_152.jpg'
1512.2885 	EXP 	unnamed ImageStim: ori = 2
1512.2885 	EXP 	unnamed ImageStim: image = '/Users/burgerks/Documents/GitHub/motivated_bandit/_task/stimuli/win/sweet/sweet_bandit_017.jpg'
1512.2885 	EXP 	unnamed ImageStim: ori = 2
1512.2885 	EXP 	unnamed ImageStim: image = '/Users/burgerks/Documents/GitHub/motivated_bandit/_task/stimuli/win/sweet/sweet_bandit_126.jpg'
1512.2886 	EXP 	TRIGGER 20 (bandit_win)
1514.3819 	EXP 	Created unnamed TextStim = TextStim(__class__=<class 'psychopy.visual.text.TextStim'>, alignHoriz=method-wrapper(...), alignText='center', alignVert=method-wrapper(...), anchorHoriz='center', anchorVert='center', antialias=True, autoDraw=False, autoLog=True, bold=False, color=array([1., 1., 1.]), colorSpace='rgb', contrast=1.0, depth=0, draggable=False, flipHoriz=False, flipVert=False, font='', fontFiles=[], height=np.float64(0.04), italic=False, languageStyle='LTR', name='unnamed TextStim', opacity=1.0, ori=0.0, pos=array([0., 0.]), rgb=UNKNOWN, text=str(...), units='height', win=Window(...), wrapWidth=1.2)
1523.8571 	EXP 	Device response: <KeyPress from None: t=1523.8566494998522, value=space, duration=None>
1523.8604 	DATA 	Keypress: space
1523.9411 	EXP 	Device response: <KeyPress from None: t=1523.8566494998522, value=space, duration=0.08429920813068748>
