scenario,dataset,recov_r_alpha_pos,est_gamma_alpha_pos,se_gamma_alpha_pos,ci_excludes0_alpha_pos,true_gamma_alpha_pos,ci_covers_true_alpha_pos,recov_r_alpha_neg,est_gamma_alpha_neg,se_gamma_alpha_neg,ci_excludes0_alpha_neg,true_gamma_alpha_neg,ci_covers_true_alpha_neg,recov_r_beta,est_gamma_beta,se_gamma_beta,ci_excludes0_beta,true_gamma_beta,ci_covers_true_beta,largest_gamma_param,target_is_largest
alpha_pos,0,0.8597593580319366,0.06647596248776702,0.08306844653641186,0,0.1,1,0.8458442415302181,-0.09229635081638328,0.07276316986461266,0,0.0,1,0.9182292713172305,-0.030198786785572033,0.05149952184080527,0,0.0,1,alpha_neg,0.0
alpha_pos,1,0.857996784859967,0.0890799525789905,0.06591161556714142,0,0.1,1,0.8327016079717413,-0.05405879163831775,0.04832111206999253,0,0.0,1,0.9195679301304565,0.05279025669640735,0.04487732932716263,0,0.0,1,alpha_pos,1.0
alpha_pos,2,0.7599923475169893,0.14637199289082403,0.06119340347804866,1,0.1,1,0.7534589761380239,0.05802007150829562,0.05155341056094993,0,0.0,1,0.9418313740628222,-0.03693111369793766,0.05713558219138403,0,0.0,1,alpha_pos,1.0
alpha_pos,3,0.7585873064126153,0.11763038852303087,0.06847342222062966,0,0.1,1,0.7723991920958375,-0.03965681731423553,0.05858231948625403,0,0.0,1,0.9215215551933337,-0.09827309094911324,0.05629067181406012,0,0.0,1,alpha_pos,1.0
alpha_pos,4,0.8016717163900284,0.11906358924726973,0.06125562315138434,0,0.1,1,0.7417338415412634,0.08032536162248186,0.054860957220592595,0,0.0,1,0.9545632124703459,-0.03569595990211597,0.062087201237904635,0,0.0,1,alpha_pos,1.0
alpha_pos,5,0.7464237229857381,-0.003055128951764639,0.05839697462053807,0,0.1,1,0.791846935568765,0.08074045000722534,0.06161704939568868,0,0.0,1,0.9479100141104315,0.05127056441869916,0.05038489747954781,0,0.0,1,alpha_neg,0.0
alpha_pos,6,0.7906326486866507,0.02671263857430726,0.0623865187727544,0,0.1,1,0.7094194323709012,-0.04089981589718775,0.061718573076140516,0,0.0,1,0.9375920199022252,-0.04579895771190793,0.05643672308565134,0,0.0,1,beta,0.0
alpha_pos,7,0.8662453299930313,0.12218226302777355,0.07188935787662395,0,0.1,1,0.7360231290133824,0.09288965003461556,0.0644387449531927,0,0.0,1,0.9420655176655625,-0.057524338861291366,0.05654190546188747,0,0.0,1,alpha_pos,1.0
alpha_pos,8,0.7861685477391749,0.17888898617731874,0.05030191695142225,1,0.1,1,0.8263516169438443,-0.014834965354210458,0.07474025272904405,0,0.0,1,0.8874707895524295,0.043379680894467566,0.04679204713748508,0,0.0,1,alpha_pos,1.0
alpha_pos,9,0.8357025647383548,0.2680555637158566,0.06580967787924605,1,0.1,0,0.8230667503206168,0.0016709380781630614,0.07109189139262172,0,0.0,1,0.9538466659108253,0.017693792010062933,0.05103880012894366,0,0.0,1,alpha_pos,1.0
alpha_pos,10,0.782645732081825,0.2851954085704027,0.069007223665432,1,0.1,0,0.7128960170421555,-0.02897352980845917,0.04800235730913129,0,0.0,1,0.9420752656128528,-0.0213296087364949,0.050774025697036373,0,0.0,1,alpha_pos,1.0
alpha_pos,11,0.8939863598338093,0.23112724043583927,0.07210785946682603,1,0.1,1,0.8261900602742295,-0.07003557941804608,0.07167498604839023,0,0.0,1,0.9356293905414499,-0.004110477784805423,0.051134714359611345,0,0.0,1,alpha_pos,1.0
alpha_pos,12,0.8166261503247119,0.07195656755482181,0.06565190648959603,0,0.1,1,0.7902809853097322,-0.05770200141060524,0.0665812779551356,0,0.0,1,0.8898319616206428,-0.07951730183401819,0.040237086369362685,1,0.0,0,beta,0.0
alpha_pos,13,0.7754101279540557,0.03156645283573153,0.054100815906304264,0,0.1,1,0.7248322885808528,0.08940767414604624,0.06169404842622638,0,0.0,1,0.9440289260090344,-0.021690587387332382,0.049232702546208165,0,0.0,1,alpha_neg,0.0
alpha_pos,14,0.7110874257936152,0.093880644271293,0.05398982493359934,0,0.1,1,0.7933011009918474,0.06642109858803354,0.06583110514115749,0,0.0,1,0.9566102147224975,0.026920819085546843,0.05527899624503896,0,0.0,1,alpha_pos,1.0
alpha_pos,15,0.7911668236822352,0.04716965889505007,0.05726605621118485,0,0.1,1,0.69211564043539,-0.0610042224625867,0.06370526855086756,0,0.0,1,0.9192850865967416,-0.015875546771913582,0.052341467437396524,0,0.0,1,alpha_neg,0.0
alpha_pos,16,0.7194840010500515,0.13405891313095133,0.05595243512158119,1,0.1,1,0.8109743240266671,0.10493672955569354,0.06705827365396261,0,0.0,1,0.9076958697519912,-0.14654917897629663,0.046573351603973856,1,0.0,0,beta,0.0
alpha_pos,17,0.8287516930277057,0.031826722011926184,0.05376079556807116,0,0.1,1,0.8725109794790038,-0.013000019897210993,0.07498784975597046,0,0.0,1,0.9322311176550638,-0.018557603603264684,0.05222750951567669,0,0.0,1,alpha_pos,1.0
alpha_pos,18,0.7124757139015165,-0.0753754237376655,0.06824510134893863,0,0.1,0,0.7817570191278176,0.016360543151168444,0.0492646958429571,0,0.0,1,0.9420930752813089,-0.1255707052639093,0.052779166993601044,1,0.0,0,beta,0.0
alpha_pos,19,0.7912028295688517,0.08445311065701147,0.05654231658386702,0,0.1,1,0.8438380796023175,0.0775909366836585,0.07048414476427003,0,0.0,1,0.9165015749981945,-0.009046990782164767,0.05433069502575363,0,0.0,1,alpha_pos,1.0
alpha_pos,20,0.7600191611695881,0.061758545483168246,0.057716143548226906,0,0.1,1,0.771654349109678,-0.03951928637203513,0.06077520339522156,0,0.0,1,0.9496681366489497,0.02574535105025632,0.055287395312473835,0,0.0,1,alpha_pos,1.0
alpha_pos,21,0.8889340718830799,0.1332175772361613,0.07662647621597782,0,0.1,1,0.8309305803558799,-0.023784012004305265,0.057887433598693444,0,0.0,1,0.9326667639568414,-0.034738359424911665,0.054096068009910625,0,0.0,1,alpha_pos,1.0
alpha_pos,22,0.8575632538216023,0.14548089438767606,0.0712267873391826,1,0.1,1,0.8536799591060107,-0.03821174863724588,0.06148783229424588,0,0.0,1,0.9195196447349893,-0.023213077056885318,0.04611091396908506,0,0.0,1,alpha_pos,1.0
alpha_pos,23,0.8316032495761402,0.1259313457523248,0.06300212262738855,1,0.1,1,0.8281066697265246,-0.14216165103320522,0.06505864543939671,1,0.0,0,0.959464108194646,0.011883511783885413,0.050420423921004306,0,0.0,1,alpha_neg,0.0
alpha_pos,24,0.7688438440256014,0.031965952864530106,0.055327242635994936,0,0.1,1,0.8372927881419893,0.034011885170617706,0.06870358027757863,0,0.0,1,0.9203138831325245,-0.06609168263366047,0.04144577615930928,0,0.0,1,beta,0.0
alpha_pos,25,0.7869430043384051,0.09184000092227697,0.06842062058400808,0,0.1,1,0.8641593341474251,0.03229787968504809,0.06239581810621092,0,0.0,1,0.9341278401596809,-0.03281152365018204,0.04762814576829138,0,0.0,1,alpha_pos,1.0
alpha_pos,26,0.7166665657322939,0.0432542619728388,0.05436223605319067,0,0.1,1,0.828380201696109,0.11284396312972148,0.06371026690418569,0,0.0,1,0.9002049742523692,0.03989397253804894,0.04539385142026131,0,0.0,1,alpha_neg,0.0
alpha_pos,27,0.7677488564895502,0.06045276156722309,0.06371717526836986,0,0.1,1,0.8413008370227996,0.006779550970042063,0.05953905857805702,0,0.0,1,0.9558852545327852,-0.01282926055903252,0.059154507443222995,0,0.0,1,alpha_pos,1.0
alpha_pos,28,0.8455825714437122,0.22078195343199927,0.07109288107275209,1,0.1,1,0.7718775386220034,-0.1425467364269106,0.06221662742650516,1,0.0,0,0.9292693563772082,-0.0036718637855837517,0.05083168734184783,0,0.0,1,alpha_pos,1.0
alpha_pos,29,0.7488266943115434,-0.02073345942287797,0.05629197780486522,0,0.1,0,0.8025377390681178,0.042303816376135256,0.0657399929384789,0,0.0,1,0.9477416392417862,-0.04618570041659394,0.04603516350441248,0,0.0,1,beta,0.0
alpha_pos,30,0.8092412159692651,0.23904094720614852,0.06113923725606634,1,0.1,0,0.7198087443594002,0.080445577662022,0.06312721140159137,0,0.0,1,0.9177501180176282,-0.007923869099497449,0.04516117261121479,0,0.0,1,alpha_pos,1.0
alpha_pos,31,0.8339971362250376,0.16357224907692608,0.0753238762226959,1,0.1,1,0.7310826291411241,0.04306260594145793,0.059275657208392694,0,0.0,1,0.9400886688776257,-0.066029681652276,0.04971256359521204,0,0.0,1,alpha_pos,1.0
alpha_pos,32,0.747798976343915,-0.013728255077363666,0.03981810064729775,0,0.1,0,0.7988600993529679,-0.09584785869636399,0.06154041200838174,0,0.0,1,0.9206432935747364,-0.03704839782494095,0.048402508970015606,0,0.0,1,alpha_neg,0.0
alpha_pos,33,0.8245157695701173,0.2542659042186896,0.05908258693666731,1,0.1,0,0.7382107420760162,0.004781247962014463,0.06724219283780394,0,0.0,1,0.9374574347345124,-0.0015657221523106414,0.056581620267319735,0,0.0,1,alpha_pos,1.0
alpha_pos,34,0.7380121947017583,0.11416759083568397,0.06589859044384447,0,0.1,1,0.8704484588650199,0.017494383999092505,0.06854365355926284,0,0.0,1,0.9389063904207164,0.01253749315993607,0.04982286784305751,0,0.0,1,alpha_pos,1.0
alpha_pos,35,0.7831717251599107,0.08901978314346017,0.05917475872547535,0,0.1,1,0.7198246406588986,-0.05069131919885514,0.05255535898861916,0,0.0,1,0.9290289978444656,-0.00532171087399808,0.058524188376873024,0,0.0,1,alpha_pos,1.0
alpha_pos,36,0.8476822430689462,0.09220869766501179,0.07262761684096879,0,0.1,1,0.7233162421155677,-0.07148427798066719,0.06633836320765851,0,0.0,1,0.9367918395930773,-0.029102042344182476,0.060191437239201534,0,0.0,1,alpha_pos,1.0
alpha_pos,37,0.7178244957960309,-0.024110883226541938,0.05952158682411721,0,0.1,0,0.7421091146947911,-0.03110911805952557,0.062035714390140745,0,0.0,1,0.920812120927183,0.039212954385647224,0.05225540024588382,0,0.0,1,beta,0.0
alpha_pos,38,0.795556511878278,0.05552130699798159,0.06314381000477826,0,0.1,1,0.840406999763693,0.03827219483787792,0.06270906428095517,0,0.0,1,0.9399749085087159,-0.08725666655921455,0.04652905302868169,0,0.0,1,beta,0.0
alpha_pos,39,0.8133933583514948,0.21819330217695385,0.07512809555463043,1,0.1,1,0.8081834826821276,0.0026793179408816556,0.07068904432696621,0,0.0,1,0.9544580041254151,-0.01194859960182676,0.05349547962886316,0,0.0,1,alpha_pos,1.0
alpha_pos,40,0.69903352540125,0.2009552045479373,0.05467490096479356,1,0.1,1,0.7973295947584911,0.027719634588165863,0.05794469650047597,0,0.0,1,0.9509386948931052,0.07780060609647489,0.05241725187797716,0,0.0,1,alpha_pos,1.0
alpha_pos,41,0.8276236117733574,0.09657859290371083,0.05108002233260022,0,0.1,1,0.8126278052576397,-0.08798970848365323,0.06513941110002529,0,0.0,1,0.925161974527046,-0.046517821689875206,0.04389190816523577,0,0.0,1,alpha_pos,1.0
alpha_pos,42,0.8183024514394728,-0.07963101844686643,0.051132239149216295,0,0.1,0,0.7686438302771361,0.024025918858205198,0.0704744067411393,0,0.0,1,0.9443083132928918,-0.04844343297527869,0.051740077095411716,0,0.0,1,alpha_pos,1.0
alpha_pos,43,0.8347859009176356,0.17327902829886313,0.07334184871814851,1,0.1,1,0.7061232207485776,-0.0780915000809266,0.04303877261450309,0,0.0,1,0.9301778763548625,0.07564748193568382,0.05295099082921971,0,0.0,1,alpha_pos,1.0
alpha_pos,44,0.7954165162218452,0.09076715074981377,0.05002827171518043,0,0.1,1,0.8150253833793938,-0.04478500467182756,0.05905903593617967,0,0.0,1,0.9369352115486388,-0.008915335959652212,0.0518701370710812,0,0.0,1,alpha_pos,1.0
alpha_pos,45,0.7012331710342168,0.21310661389924326,0.05529850575423928,1,0.1,0,0.7976986763095497,0.045857349198918776,0.055544593021961845,0,0.0,1,0.9276967257384239,0.012035603495515124,0.0523068297890853,0,0.0,1,alpha_pos,1.0
alpha_pos,46,0.7152556239074723,0.05128056096562102,0.04762189147218866,0,0.1,1,0.8317725389065223,-0.05404230588073161,0.06400505568789087,0,0.0,1,0.918917045017636,0.0003283433833322785,0.05200869957360721,0,0.0,1,alpha_neg,0.0
alpha_pos,47,0.8201413732287598,0.23002378266095067,0.06018697129904267,1,0.1,0,0.6925460239920129,0.017303655977085927,0.04845451589030142,0,0.0,1,0.9499843552405504,0.06616318708315612,0.050838658622936926,0,0.0,1,alpha_pos,1.0
alpha_pos,48,0.7844219471664197,0.1733504495871655,0.06306856291585529,1,0.1,1,0.8556315323339229,-0.05820146978530693,0.05539744698847398,0,0.0,1,0.9375315991210624,0.02743120937190369,0.04772749137383333,0,0.0,1,alpha_pos,1.0
alpha_pos,49,0.8113474045255993,0.21010885753908576,0.058828202711402676,1,0.1,1,0.837383390542674,-0.15840414007268896,0.06407375568079088,1,0.0,0,0.9406645023699692,0.02594128730963457,0.05512012147280485,0,0.0,1,alpha_pos,1.0
alpha_pos,50,0.7877874532258228,0.0013623056829714097,0.06990574648220656,0,0.1,1,0.7796724013574532,0.0662192749760285,0.0599321981976821,0,0.0,1,0.9585828339562161,-0.0011655315971844222,0.05395807965966725,0,0.0,1,alpha_neg,0.0
alpha_pos,51,0.8317514073216163,0.05303419092056662,0.08011447718548222,0,0.1,1,0.8531419270525369,0.04201081447921762,0.07360693318975443,0,0.0,1,0.9566578091176188,-0.02970280476654759,0.04997157988442572,0,0.0,1,alpha_pos,1.0
alpha_pos,52,0.823321738895829,0.1517456203492637,0.06204082868304615,1,0.1,1,0.7186992358336028,0.010240890234607145,0.05562954695536519,0,0.0,1,0.9385747145025386,0.026898272959693093,0.04693917917137079,0,0.0,1,alpha_pos,1.0
alpha_pos,53,0.8404359952536399,0.07506142541833663,0.07181228354424257,0,0.1,1,0.7968935972024036,-0.16193322343095146,0.05927572179827875,1,0.0,0,0.9555731822393929,-0.073391870754798,0.0603866922820558,0,0.0,1,alpha_neg,0.0
alpha_pos,54,0.6980228421692419,0.15988053685574685,0.05479882530517033,1,0.1,1,0.8509214437438126,-0.0686162792271295,0.05739731691187247,0,0.0,1,0.9473910725250901,0.05928705459024003,0.05630146616133156,0,0.0,1,alpha_pos,1.0
alpha_pos,55,0.8444657998306696,0.15560457790862497,0.06166419939667062,1,0.1,1,0.8607802093567519,-0.011271192249975838,0.06337267736588294,0,0.0,1,0.9414948850870739,0.098582414404307,0.04574079213117798,1,0.0,0,alpha_pos,1.0
alpha_pos,56,0.7051389752814546,0.12672122599965813,0.05419441962385341,1,0.1,1,0.7862682753737639,0.10561817971240597,0.07388640998469723,0,0.0,1,0.913284198216714,-0.03543823680688583,0.05395216363655078,0,0.0,1,alpha_pos,1.0
alpha_pos,57,0.7268863346929914,0.032364491640891696,0.06781214163302322,0,0.1,1,0.7780789689781343,-0.07725040949863426,0.06276316766460001,0,0.0,1,0.9307107549832947,0.07621750350330794,0.05126265832425245,0,0.0,1,alpha_neg,0.0
alpha_pos,58,0.7592738006036168,0.15748509973866504,0.06307775185171029,1,0.1,1,0.777418282087875,-0.03908497170954107,0.06813447567522123,0,0.0,1,0.9406873008725499,0.015929266260429287,0.04796654825392995,0,0.0,1,alpha_pos,1.0
alpha_pos,59,0.7808635965797402,-0.044987908013760146,0.07565677818865783,0,0.1,1,0.7995880604226079,-0.04580080434507091,0.06040478031568937,0,0.0,1,0.8757640478455879,-0.013198601476749642,0.039341015155583345,0,0.0,1,alpha_neg,0.0
alpha_pos,60,0.8324328714315582,0.010289831936755816,0.061233595302742284,0,0.1,1,0.7887951227880585,-0.14056163397765195,0.050929358966275366,1,0.0,0,0.907062395590216,0.03795076630000276,0.054448618804221915,0,0.0,1,alpha_neg,0.0
alpha_pos,61,0.7851484261027296,0.2679938092403814,0.06261605818041609,1,0.1,0,0.76666208086429,-0.023107029163586906,0.06176689831294869,0,0.0,1,0.942840534132409,-0.1259787281341249,0.047627681071696154,1,0.0,0,alpha_pos,1.0
alpha_pos,62,0.7295072465084896,0.03837801120145968,0.06361171277685211,0,0.1,1,0.7118045141216308,0.05919591239137011,0.06045014772474926,0,0.0,1,0.8977486400938507,0.05327402214182063,0.05597673817838497,0,0.0,1,alpha_neg,0.0
alpha_pos,63,0.8396331044729088,0.09674455200263342,0.07608098784009865,0,0.1,1,0.8039757479869802,-0.013871304436311845,0.0660165125126699,0,0.0,1,0.9212428629436057,0.03997971771339973,0.04761420771645142,0,0.0,1,alpha_pos,1.0
alpha_pos,64,0.7996398228931263,-0.029285709871553753,0.07440753587803071,0,0.1,1,0.7941861834734647,0.04810407823281432,0.05971979008897584,0,0.0,1,0.9473136255876244,-0.06462299496334671,0.05579550974265431,0,0.0,1,beta,0.0
alpha_pos,65,0.8202516162059196,0.13214562215116885,0.0644870793579298,1,0.1,1,0.8451935208491813,0.07609277726560307,0.07426341184495192,0,0.0,1,0.9431925101311064,-0.06179784544448956,0.05071986000751353,0,0.0,1,alpha_pos,1.0
alpha_pos,66,0.8180166737863539,0.014012066564540264,0.06714650027084341,0,0.1,1,0.821675259862578,-0.023314740016441054,0.06257798857374673,0,0.0,1,0.9360106605560434,0.01679124699067213,0.05445489885188397,0,0.0,1,alpha_neg,0.0
alpha_pos,67,0.862181230130603,0.0325415859251163,0.0790137161808978,0,0.1,1,0.8222431046568653,-0.0012192843182630424,0.07043774569079625,0,0.0,1,0.9608702213257543,-0.027688072088938604,0.055334776617815086,0,0.0,1,alpha_pos,1.0
alpha_pos,68,0.7471542312557876,0.20269751856749121,0.054800952443038405,1,0.1,1,0.822585833561615,-0.006990164632898201,0.058428222057683415,0,0.0,1,0.9454388084419625,0.01785327825097657,0.053374682347550086,0,0.0,1,alpha_pos,1.0
alpha_pos,69,0.7651612958453302,-0.03928543140971829,0.05853146395845679,0,0.1,0,0.8160243147920802,0.056138710979206634,0.06789742937390418,0,0.0,1,0.9242151507087925,-0.03145757176881204,0.04815952586423506,0,0.0,1,alpha_neg,0.0
alpha_pos,70,0.7976590101855935,0.0929411057179257,0.06044890796980833,0,0.1,1,0.8185922011722911,0.010464493750539186,0.07938123940950975,0,0.0,1,0.9384807109329203,0.05934448405244387,0.05166924423598587,0,0.0,1,alpha_pos,1.0
alpha_pos,71,0.7974005763002847,0.04816499624082818,0.061011057767094354,0,0.1,1,0.8113750701904588,0.09972751483783733,0.06416292240244971,0,0.0,1,0.9273921264680444,0.019308212507510535,0.04890497594388871,0,0.0,1,alpha_neg,0.0
alpha_pos,72,0.7623114254830868,0.1690213444162701,0.06377129638109211,1,0.1,1,0.7837628179027152,-0.048611020371883175,0.05851619239569321,0,0.0,1,0.9439218359671439,0.02677543670202843,0.052548881467453915,0,0.0,1,alpha_pos,1.0
alpha_pos,73,0.7307956106129163,0.07547276211196818,0.05686659612223094,0,0.1,1,0.8336567607767202,0.12899244146738867,0.056427704211341516,1,0.0,0,0.918743226692897,0.0019814121749588158,0.049933634759683564,0,0.0,1,alpha_neg,0.0
alpha_pos,74,0.7563376047724695,0.11810587287046895,0.03832619784075615,1,0.1,1,0.7706786084332218,0.03912373948508311,0.05848627393316306,0,0.0,1,0.9144300017735899,0.07590076608059661,0.04010657548600597,0,0.0,1,alpha_pos,1.0
alpha_pos,75,0.7315493448263218,0.11068180833216722,0.0650222300164597,0,0.1,1,0.574564641266374,-0.038235151224345544,0.058211912686166045,0,0.0,1,0.9374900630864564,0.07953326118069723,0.06267193316818154,0,0.0,1,alpha_pos,1.0
alpha_pos,76,0.7759664556149702,0.12784692558631727,0.05710448859105386,1,0.1,1,0.7789633895905907,-0.014938147208868978,0.06173548411950763,0,0.0,1,0.9651365618985882,-0.014291052167395167,0.058714913432440397,0,0.0,1,alpha_pos,1.0
alpha_pos,77,0.8251615911347487,0.010110948875110394,0.0625753984127562,0,0.1,1,0.7511026478334177,-0.04765461586514372,0.06151120136184607,0,0.0,1,0.9539323726739595,0.08794116205615579,0.05447987374377314,0,0.0,1,beta,0.0
alpha_pos,78,0.7880690915990443,0.10932290904145603,0.06308979646110778,0,0.1,1,0.8511535615763764,0.11425695633064238,0.061128507236523716,0,0.0,1,0.928968134012074,-0.06523886778644637,0.048721770861603474,0,0.0,1,alpha_neg,0.0
alpha_pos,79,0.7735616204455315,0.1015336569135261,0.06944039836628112,0,0.1,1,0.8266668445830226,0.06887484548970686,0.060403873950342885,0,0.0,1,0.9291489066767135,-0.05362342801509495,0.051410554320484206,0,0.0,1,alpha_pos,1.0
alpha_pos,80,0.7700329904932844,0.07381686836076995,0.062108325541441634,0,0.1,1,0.7233591983197389,0.17390803207402508,0.05403442286184653,1,0.0,0,0.9670623404104306,-0.02182370086546641,0.05527652272612392,0,0.0,1,alpha_neg,0.0
alpha_pos,81,0.8295282220043353,0.007078370900261286,0.07311040106129804,0,0.1,1,0.8071904266013603,0.08388294154759453,0.06148403294700635,0,0.0,1,0.9238446072310273,-0.011681767991958405,0.04940737763335415,0,0.0,1,alpha_neg,0.0
alpha_pos,82,0.7450520379616935,0.16253863110110542,0.062070732020943965,1,0.1,1,0.7754598273650737,-0.06007626503049307,0.05562539191493248,0,0.0,1,0.9390342831885597,0.03771192907354174,0.05268485582930474,0,0.0,1,alpha_pos,1.0
alpha_pos,83,0.7125742701317679,-0.1025605937392717,0.07944858157823298,0,0.1,0,0.6852339143287853,-0.09105638090375388,0.05314937752312928,0,0.0,1,0.9360415922089667,-0.02242528468909282,0.0508029005552122,0,0.0,1,alpha_pos,1.0
alpha_pos,84,0.7813376653790003,0.14913056571510366,0.06313190525644354,1,0.1,1,0.8521647697187736,-0.014278630554506665,0.0568514894890719,0,0.0,1,0.9182386500439083,-0.00927777223911219,0.05210281250020894,0,0.0,1,alpha_pos,1.0
alpha_pos,85,0.783961537298432,-0.07558021133811774,0.06266515242608095,0,0.1,0,0.8455959702571175,-0.03569603256603527,0.06357290965893539,0,0.0,1,0.856164445156048,-0.06891518325117739,0.06006243353459205,0,0.0,1,alpha_pos,1.0
alpha_pos,86,0.6984127057627508,0.04603964952648742,0.06973606516911965,0,0.1,1,0.7779026085737819,-0.017791877393239803,0.04428132802234402,0,0.0,1,0.9468403684744101,0.027434530856304616,0.06558773277970573,0,0.0,1,alpha_pos,1.0
alpha_pos,87,0.8327112055700672,0.23901328328602262,0.06442508465858729,1,0.1,0,0.7838729653187416,-0.019026258082347806,0.06340192755667824,0,0.0,1,0.9417741491348641,-0.07804903143398413,0.04913407715635756,0,0.0,1,alpha_pos,1.0
alpha_pos,88,0.8070909320951108,0.051865848924174465,0.060087031772467804,0,0.1,1,0.8703991007684517,0.07189794189498991,0.06644688109897012,0,0.0,1,0.9427660448658051,0.00016676344490007807,0.05037702592222576,0,0.0,1,alpha_neg,0.0
alpha_pos,89,0.7545141637506797,0.08337905297562613,0.0619246037293983,0,0.1,1,0.8243268483201783,0.10115771147395702,0.07600755258956225,0,0.0,1,0.9441619874438453,-0.027628205040770338,0.05905810519829734,0,0.0,1,alpha_neg,0.0
alpha_pos,90,0.7868634570479277,-0.016708959317040382,0.06967129016968925,0,0.1,1,0.7785949020307241,-0.045329995916233476,0.0679825148862979,0,0.0,1,0.869731493341426,0.027493391875593624,0.050923020896587845,0,0.0,1,alpha_neg,0.0
alpha_pos,91,0.6907706091448423,0.05034240705294486,0.06205656121850878,0,0.1,1,0.7738167617867243,0.03483772932022222,0.048813229547155466,0,0.0,1,0.9275369797126127,0.09352995222435156,0.04887275363479761,0,0.0,1,beta,0.0
alpha_pos,92,0.782705731954645,0.06496673743249719,0.07042344815335554,0,0.1,1,0.8942792590145369,0.007372480524111741,0.06060791654419502,0,0.0,1,0.9208710574205957,-0.038563428238803606,0.04928710454691199,0,0.0,1,alpha_pos,1.0
alpha_pos,93,0.7490573713929733,0.10961372715426915,0.06520686651709838,0,0.1,1,0.790446601613952,0.07498623507283249,0.059115569734704033,0,0.0,1,0.9068368421365764,0.05119205637236922,0.04392169528152393,0,0.0,1,alpha_pos,1.0
alpha_pos,94,0.8790126003707919,0.048036938590932096,0.06549892448937264,0,0.1,1,0.8302256894524992,-0.08737546782057676,0.06045076798767392,0,0.0,1,0.9511211320283989,0.11871938646114899,0.04828783740333354,1,0.0,0,beta,0.0
alpha_pos,95,0.7310638523979913,0.11702330784473791,0.052325030103104186,1,0.1,1,0.757241760410835,0.062296595164085485,0.059120871878374864,0,0.0,1,0.9143729399230124,-0.020102168053653443,0.05297655198715332,0,0.0,1,alpha_pos,1.0
alpha_pos,96,0.826823389070301,0.07885830186271449,0.05506354504889852,0,0.1,1,0.8885463507971042,0.09030010465279388,0.073550694581914,0,0.0,1,0.9351168871132071,0.0786192531092657,0.05647849154944422,0,0.0,1,alpha_neg,0.0
alpha_pos,97,0.858830774747365,0.11285474185341733,0.06650326878408018,0,0.1,1,0.8642417877023753,-0.06569515755317126,0.07142080111703085,0,0.0,1,0.9282020021874321,-0.03449549498288582,0.05030065833228032,0,0.0,1,alpha_pos,1.0
alpha_pos,98,0.7040192663700559,-0.034966989716695054,0.042008051725613935,0,0.1,0,0.7904448991706117,0.11162115414268496,0.07050289551410055,0,0.0,1,0.9353585809693582,-0.03093495290718181,0.05172518260846432,0,0.0,1,alpha_neg,0.0
alpha_pos,99,0.8725745171210286,0.15137122624704014,0.06019305178203939,1,0.1,1,0.8109426184820084,0.0038578131174429793,0.05890766861587607,0,0.0,1,0.9490893877480245,0.06982550277045182,0.05917561124297229,0,0.0,1,alpha_pos,1.0
alpha_pos,100,0.7618407251622659,0.030343052602652118,0.059478038550240614,0,0.1,1,0.7508074554328916,0.2633325917311435,0.0654192510491478,1,0.0,0,0.8896123949452527,-0.018836512277902215,0.050407440933338175,0,0.0,1,alpha_neg,0.0
alpha_pos,101,0.8475852305685558,0.20214756781399978,0.07164757048921674,1,0.1,1,0.7244832476525509,-0.012883899842938017,0.06555394057797742,0,0.0,1,0.9113626390806301,0.04125890553905978,0.042398489500050235,0,0.0,1,alpha_pos,1.0
alpha_pos,102,0.7727820644781563,0.030914073643396024,0.05162752246857131,0,0.1,1,0.7561915040715543,-0.06239423644632448,0.05854794044702593,0,0.0,1,0.9353096798633871,0.16194525570624535,0.04815682396471472,1,0.0,0,beta,0.0
alpha_pos,103,0.7850959862400336,-0.0808849265683307,0.07480107270533216,0,0.1,0,0.7049583952317203,0.0387112894388383,0.05810527734499572,0,0.0,1,0.9333052446844362,-0.020499019749703126,0.04856339673717644,0,0.0,1,alpha_pos,1.0
alpha_pos,104,0.6606047413008805,-0.04593675259168162,0.043113076314828115,0,0.1,0,0.7999824100917653,0.01850210463121454,0.06110163696306821,0,0.0,1,0.9491092717980361,-0.006632044002240343,0.054995750489901844,0,0.0,1,alpha_pos,1.0
alpha_pos,105,0.8395409760746868,0.16583452374618296,0.08009241619622144,1,0.1,1,0.804905525712831,-0.028220359091239416,0.06727911179316891,0,0.0,1,0.933687841085071,-0.03154803637429003,0.05927112218688204,0,0.0,1,alpha_pos,1.0
alpha_pos,106,0.7432928343612604,0.10657915086022816,0.05696684452722809,0,0.1,1,0.7608203209281599,0.005337773987932226,0.07229391953059837,0,0.0,1,0.9197969451238355,0.025884044628065934,0.051274843901906626,0,0.0,1,alpha_pos,1.0
alpha_pos,107,0.8497062491744258,0.18317007497392387,0.08453962061619054,1,0.1,1,0.7857275469322792,-0.0039261868986389115,0.048181843755703696,0,0.0,1,0.9590980269862833,-0.016893992159427555,0.05694563728401936,0,0.0,1,alpha_pos,1.0
alpha_pos,108,0.845089307402601,0.0100887326691353,0.06955892272657399,0,0.1,1,0.7261695742984328,0.013170882851869471,0.05371461078530957,0,0.0,1,0.9480613951477291,-0.11786660747616698,0.045588755492347116,1,0.0,0,beta,0.0
alpha_pos,109,0.6877368635456949,0.06160591820318075,0.044263209332393756,0,0.1,1,0.8360138303992231,-0.033167044130086316,0.06390269674680622,0,0.0,1,0.9417899487461586,-0.07314276421037211,0.0465677133322254,0,0.0,1,beta,0.0
alpha_pos,110,0.715751124930145,0.23492192699909142,0.06291715281059997,1,0.1,0,0.7726613978805486,0.013020236347238914,0.06972823958976503,0,0.0,1,0.9082774460355012,-0.03847119944114813,0.058263745250072566,0,0.0,1,alpha_pos,1.0
alpha_pos,111,0.8249198404467817,0.1320284091113504,0.07053280941448455,0,0.1,1,0.7508379061650979,-0.1508265104019552,0.05284954954234359,1,0.0,0,0.9146368092777093,0.0650510717639405,0.04591518520557804,0,0.0,1,alpha_neg,0.0
alpha_pos,112,0.7519334888853781,0.11788655285669748,0.07263994790189636,0,0.1,1,0.7983101285160633,0.015383340099305066,0.058180861891283846,0,0.0,1,0.9147194045481946,-0.03167596834338614,0.06150719916783238,0,0.0,1,alpha_pos,1.0
alpha_pos,113,0.881394900830724,-0.011923350611561951,0.06445972373826642,0,0.1,1,0.8326909466799285,-0.08175928076321223,0.06315685075260283,0,0.0,1,0.8948545700004576,0.012224423539643895,0.042812298222402075,0,0.0,1,alpha_neg,0.0
alpha_pos,114,0.734752115354047,0.11228235068121105,0.06027507865680244,0,0.1,1,0.7557882350101084,-0.04427674740319202,0.060489834539130496,0,0.0,1,0.9231836399126051,0.01747836779119181,0.05901528009534954,0,0.0,1,alpha_pos,1.0
alpha_pos,115,0.8155125155915538,0.009535992456142933,0.05762916197055515,0,0.1,1,0.8663427194652951,-0.07880966315523728,0.06965503646728756,0,0.0,1,0.91940317633235,0.012206334535561946,0.0470915915586333,0,0.0,1,alpha_neg,0.0
alpha_pos,116,0.8181213234066294,0.027770346291202563,0.05286069021367117,0,0.1,1,0.7797655358614902,-0.15497357376014695,0.0554198919142593,1,0.0,0,0.9148111824866086,-0.0017767593227754328,0.05222241391929651,0,0.0,1,alpha_neg,0.0
alpha_pos,117,0.7980681381200063,0.21888904739340287,0.04793179141074057,1,0.1,0,0.8360309228399408,-0.045850829078879385,0.06268158051406908,0,0.0,1,0.9333413662135706,0.05923425307334811,0.04127608260578751,0,0.0,1,alpha_pos,1.0
alpha_pos,118,0.8316287145303796,0.07712100807977526,0.07614145765449554,0,0.1,1,0.7917127123272263,-0.013196260487346154,0.06943099070156904,0,0.0,1,0.9449798403998602,-0.035516903176840205,0.0516445107885539,0,0.0,1,alpha_pos,1.0
alpha_pos,119,0.8273099627329374,0.19706305564167878,0.0705068555003787,1,0.1,1,0.7633014254646465,-0.01729750652767381,0.0540673284670062,0,0.0,1,0.9164205061865772,-0.04189904372055621,0.05581604038329254,0,0.0,1,alpha_pos,1.0
alpha_pos,120,0.784319398794712,0.22841373338055698,0.049450625771348275,1,0.1,0,0.8127059533607446,-0.03442838127620182,0.06289117686771838,0,0.0,1,0.9578217519856864,-0.014614124773620273,0.0601594269243645,0,0.0,1,alpha_pos,1.0
alpha_pos,121,0.705092600863106,0.1781100723869654,0.060514492121438127,1,0.1,1,0.7151490597842094,0.01577039344209239,0.051765666514754345,0,0.0,1,0.9469198643413778,0.011422038941765859,0.05719506448059932,0,0.0,1,alpha_pos,1.0
alpha_pos,122,0.8230571804767365,0.057081781942025164,0.06356344441818297,0,0.1,1,0.7958367749967825,0.1130527472522379,0.06421125304373634,0,0.0,1,0.9303709078280233,-0.08427894446388115,0.04955247769613118,0,0.0,1,alpha_neg,0.0
alpha_pos,123,0.6700967836812016,0.03249523251103777,0.05814182855961337,0,0.1,1,0.8525801110906702,-0.04446374326732206,0.05924140959932486,0,0.0,1,0.948393917737155,-0.02353919811451606,0.054085159545851115,0,0.0,1,alpha_neg,0.0
alpha_pos,124,0.7727845774730384,0.06351926374355274,0.06996696779363253,0,0.1,1,0.7857154483616404,0.07967811903784312,0.06232129219839632,0,0.0,1,0.9039479527875027,-0.07324369047639262,0.0491367766468421,0,0.0,1,alpha_neg,0.0
alpha_pos,125,0.7955054178071493,0.1105712632859042,0.05501707057277639,1,0.1,1,0.852815991372733,-0.13882638151891474,0.06301064890478282,1,0.0,0,0.9361978057148231,-0.10867235329039428,0.05262427565946404,1,0.0,0,alpha_neg,0.0
alpha_pos,126,0.7019398495176306,0.07064188475374218,0.05918023296258323,0,0.1,1,0.8389559642339136,0.0070510603342066125,0.06952714749179907,0,0.0,1,0.9091855474421325,0.019096221522001834,0.058934233191538114,0,0.0,1,alpha_pos,1.0
alpha_pos,127,0.764101844877606,0.09848044733125035,0.07352314412917037,0,0.1,1,0.7020593299651875,-0.030015791751529523,0.04886679972047823,0,0.0,1,0.9399407495190896,0.019744691466248566,0.05295835826625832,0,0.0,1,alpha_pos,1.0
alpha_pos,128,0.8275250259139714,0.057793146673217735,0.06064211451264971,0,0.1,1,0.8395267140206009,0.04534381202779544,0.06986033901001747,0,0.0,1,0.8989326324271069,-0.03746215716192588,0.046951681952747876,0,0.0,1,alpha_pos,1.0
alpha_pos,129,0.7458202701002943,0.03559246485807418,0.0485539574942609,0,0.1,1,0.8028738240224704,-0.03077567677141141,0.07082541215067122,0,0.0,1,0.9267196833102198,0.0761115235130934,0.05105846720700946,0,0.0,1,beta,0.0
alpha_pos,130,0.8105722958707948,0.19903782958130095,0.04389735001657965,1,0.1,0,0.8058890984218455,0.026462037541520437,0.07090224984520507,0,0.0,1,0.9168623594056956,-0.008653913891513803,0.03933514510282402,0,0.0,1,alpha_pos,1.0
alpha_pos,131,0.700580924015992,0.05241209943526721,0.05109276498521581,0,0.1,1,0.774412747070857,-0.08187088964394369,0.06715827364738707,0,0.0,1,0.9509841286561503,0.10837878140361686,0.053610584549374174,1,0.0,0,beta,0.0
alpha_pos,132,0.8567689468732841,0.11774262027939496,0.07226014718269914,0,0.1,1,0.7386638075315645,0.022992196782881093,0.06303588563044876,0,0.0,1,0.924778098563202,-0.06588537295667204,0.04796170020800759,0,0.0,1,alpha_pos,1.0
alpha_pos,133,0.830945307570414,0.0482297245805667,0.06305413135060986,0,0.1,1,0.8436391383640202,0.11970888605553062,0.081456518244023,0,0.0,1,0.9265237210986362,0.06485788350343753,0.0531415454780905,0,0.0,1,alpha_neg,0.0
alpha_pos,134,0.7095010669085596,0.11606849237005014,0.04798488177970544,1,0.1,1,0.8063339544006872,-0.15151442405953264,0.06748088160111328,1,0.0,0,0.9123072253171757,-0.005839420820072726,0.04621267565869666,0,0.0,1,alpha_neg,0.0
alpha_pos,135,0.825678785460041,0.10405342269022373,0.06498030983615061,0,0.1,1,0.7282091088947492,-0.067228752145987,0.05335910905301278,0,0.0,1,0.9125914145765472,0.022319036254059954,0.04603970244262121,0,0.0,1,alpha_pos,1.0
alpha_pos,136,0.8770451082339091,0.02749320779276782,0.06832663466512702,0,0.1,1,0.8573986745896903,-0.1085735549462516,0.06669785947907625,0,0.0,1,0.9283867654400242,-0.03579554607759483,0.059654716233477685,0,0.0,1,alpha_neg,0.0
alpha_pos,137,0.7941281075186067,0.1807839642603228,0.07141626505120689,1,0.1,1,0.8254641703728137,-0.06580399558002643,0.071984398905228,0,0.0,1,0.9433294163355277,-0.0028701855517376824,0.04410489791984058,0,0.0,1,alpha_pos,1.0
alpha_pos,138,0.8227643139582799,0.21591571475115423,0.06256910378564165,1,0.1,1,0.7521218953912234,0.008331196611464819,0.07459404215855828,0,0.0,1,0.9371671037204861,0.013835641504244378,0.05702116959843176,0,0.0,1,alpha_pos,1.0
alpha_pos,139,0.825453235517294,0.1757523031656325,0.08338035782012543,1,0.1,1,0.7408959363087239,-0.055319921648017904,0.0621319919947326,0,0.0,1,0.9289065991345773,0.0035924550011790304,0.054263539907082436,0,0.0,1,alpha_pos,1.0
alpha_pos,140,0.7108884289871931,0.1079936575404856,0.047409647875896486,1,0.1,1,0.8389699142812065,0.1188785276866567,0.06938748509901266,0,0.0,1,0.9485883395320408,0.08492246423647469,0.05364194861401693,0,0.0,1,alpha_neg,0.0
alpha_pos,141,0.8494363147203128,0.2118369608167404,0.06523583943370684,1,0.1,1,0.7780725491904943,0.029060587607778236,0.0522384613865182,0,0.0,1,0.9393690351315298,-0.10556452692353847,0.05362126571816103,1,0.0,0,alpha_pos,1.0
alpha_pos,142,0.8511936649868858,0.13014537035210627,0.0716146680263669,0,0.1,1,0.8714522110415743,0.027046655158858818,0.07354716769943671,0,0.0,1,0.938810769740255,-0.045887875605814886,0.04860513004809158,0,0.0,1,alpha_pos,1.0
alpha_pos,143,0.8176069738531806,0.1028404690889626,0.062059006874017796,0,0.1,1,0.810663073857972,0.01643011139167,0.07477264326395838,0,0.0,1,0.9177415192580126,-0.040458998823463384,0.041470523616481396,0,0.0,1,alpha_pos,1.0
alpha_pos,144,0.7370604853808751,0.189104566312854,0.05617341096454693,1,0.1,1,0.7104332847138981,-0.046451844574407174,0.05910907931675726,0,0.0,1,0.9509906223059035,-0.054840540689183634,0.06008466107977424,0,0.0,1,alpha_pos,1.0
alpha_pos,145,0.8162418112496821,0.10171529899590243,0.0675227236224557,0,0.1,1,0.8718736140695159,-0.09106764109949492,0.0603526378128152,0,0.0,1,0.9240427805910544,0.034722850170700884,0.057701764084104434,0,0.0,1,alpha_pos,1.0
alpha_pos,146,0.7653352038465974,0.18194221777924105,0.06825000778620682,1,0.1,1,0.8075466705211627,0.0646465444085391,0.04763485614434138,0,0.0,1,0.9126386589906165,0.03610723660085594,0.047125156152121886,0,0.0,1,alpha_pos,1.0
alpha_pos,147,0.818800931188264,0.07455190412418498,0.06489914616876952,0,0.1,1,0.8191086614785414,0.008110062764047484,0.06782628256093391,0,0.0,1,0.9619651506526233,-0.07976089136091319,0.05942003449285259,0,0.0,1,beta,0.0
alpha_pos,148,0.8269149769721037,0.13800370949360397,0.058175316596055064,1,0.1,1,0.8616323361054921,0.03803644498973354,0.06908797099665046,0,0.0,1,0.9272173207361732,-0.01195344536998842,0.05386673209321505,0,0.0,1,alpha_pos,1.0
alpha_pos,149,0.8344720711273328,0.16790410893090543,0.06896720162815595,1,0.1,1,0.7875237777607201,0.007774917202677587,0.062199493361496994,0,0.0,1,0.943099032955368,-0.022178877340474395,0.05243751691610766,0,0.0,1,alpha_pos,1.0
alpha_pos,150,0.8295355612528427,0.013926785504119082,0.0631761219775536,0,0.1,1,0.8347772542342234,0.06704385570343464,0.06326554486719634,0,0.0,1,0.9085643983517232,0.05749319543960302,0.04770448787942189,0,0.0,1,alpha_neg,0.0
alpha_pos,151,0.810592484456343,0.2504516098336143,0.06643424920136723,1,0.1,0,0.8753876689718901,0.07275534313304163,0.054299360908007605,0,0.0,1,0.9490761868168222,0.008999195330596175,0.05379427952780804,0,0.0,1,alpha_pos,1.0
alpha_pos,152,0.8626315646339543,-0.046859316746630734,0.06614462861029442,0,0.1,0,0.809350123851911,0.0009195814717917813,0.05830062547211926,0,0.0,1,0.9175053605093781,0.01485114214771829,0.05097418202786403,0,0.0,1,alpha_pos,1.0
alpha_pos,153,0.8145166211018433,0.19892571558444547,0.06356988812126496,1,0.1,1,0.7645248427722419,-0.030037196829813158,0.0551114576114202,0,0.0,1,0.9112179176597778,-0.0018183780435840952,0.04649029782163192,0,0.0,1,alpha_pos,1.0
alpha_pos,154,0.8758322354714161,0.18903355531818533,0.06317948258016252,1,0.1,1,0.6688492661405394,0.04582325813728866,0.06440638856728749,0,0.0,1,0.9256623089028746,-0.06792450341727505,0.0459568657219112,0,0.0,1,alpha_pos,1.0
alpha_pos,155,0.826412352522785,0.07282291834212694,0.0558518777538839,0,0.1,1,0.668021143941775,-0.014864685414740326,0.05606581908094473,0,0.0,1,0.9717013920602092,-0.0012945287850155685,0.057145652978346166,0,0.0,1,alpha_pos,1.0
alpha_pos,156,0.8175425572240659,0.12946609283599403,0.05299102496068713,1,0.1,1,0.8273206529818321,-0.028666966804960697,0.0684855766979226,0,0.0,1,0.9197197136843343,0.012850334028774179,0.048128088338914056,0,0.0,1,alpha_pos,1.0
alpha_pos,157,0.7800633158171111,0.11263873261841581,0.058521407306101676,0,0.1,1,0.8064091498209769,0.05173304271366742,0.06956127034062545,0,0.0,1,0.9355585067426703,-0.017071700112420714,0.05116562842531755,0,0.0,1,alpha_pos,1.0
alpha_pos,158,0.8108937082224136,0.14139186235499218,0.06747856093882547,1,0.1,1,0.8593413220372279,-0.0005518136704300356,0.07032535607134249,0,0.0,1,0.933902403372515,0.03085426059405637,0.05666200902291466,0,0.0,1,alpha_pos,1.0
alpha_pos,159,0.8735934827554092,0.1151732887326231,0.07403918675384522,0,0.1,1,0.8347984674104094,-0.013372079623686778,0.06307108045651613,0,0.0,1,0.9322744038527087,0.022092937723231253,0.0493270554649941,0,0.0,1,alpha_pos,1.0
alpha_pos,160,0.8450463135954956,0.009109449106487113,0.06420889660151587,0,0.1,1,0.896545189154105,0.024758488195884634,0.06641214626255691,0,0.0,1,0.9610948286789096,-0.02225768345555628,0.054887116203772714,0,0.0,1,alpha_neg,0.0
alpha_pos,161,0.8240030308981199,-0.03735404465298619,0.06579244434916537,0,0.1,0,0.8180707877793026,0.002747218443402517,0.06594997002465412,0,0.0,1,0.911750960928547,0.007348795922803075,0.04216220155783367,0,0.0,1,alpha_pos,1.0
alpha_pos,162,0.7085499374380396,-0.06506038303329927,0.05402877397642121,0,0.1,0,0.7693492691294906,0.003497028638808909,0.0610043061050127,0,0.0,1,0.942587916500764,0.04726075043698031,0.05190077848371543,0,0.0,1,alpha_pos,1.0
alpha_pos,163,0.8049273867341817,0.20576643279972734,0.07453284947501525,1,0.1,1,0.8428826869384617,0.03703972776296391,0.06500487379413372,0,0.0,1,0.933532124367503,-0.035404547688013314,0.05195897933831544,0,0.0,1,alpha_pos,1.0
alpha_pos,164,0.7816251197705895,0.11809764874205217,0.06436602166547639,0,0.1,1,0.7426212248242356,-0.0006780492757942975,0.05099199656782082,0,0.0,1,0.949432992396171,0.02534550419093735,0.05798573348186665,0,0.0,1,alpha_pos,1.0
alpha_pos,165,0.7766633230225263,0.0662584438703912,0.07242087116197782,0,0.1,1,0.7229280341444428,-0.052930926792021,0.053621257174636415,0,0.0,1,0.9122597782143225,-0.020737977841229074,0.04677511764512956,0,0.0,1,alpha_pos,1.0
alpha_pos,166,0.7366700945482487,0.04932218941750164,0.06725187464733956,0,0.1,1,0.8581938438755221,-0.0510862816806437,0.08357795592895542,0,0.0,1,0.9549806544491712,-0.11447926055909827,0.05034408999445077,1,0.0,0,beta,0.0
alpha_pos,167,0.6915209853436601,0.15852763898331856,0.05442698201611509,1,0.1,1,0.673304359699395,0.011781180051147358,0.0569478004981091,0,0.0,1,0.8849652122178685,-0.011347023174234373,0.05317900807513927,0,0.0,1,alpha_pos,1.0
alpha_pos,168,0.8235502721757904,0.24424140346823556,0.0554109310552391,1,0.1,0,0.8361733073909493,-0.025955385750860253,0.058087708817914516,0,0.0,1,0.9274480511125835,0.022808939801118817,0.04936863378179977,0,0.0,1,alpha_pos,1.0
alpha_pos,169,0.8067306167545697,0.2134306893422236,0.07518441146801423,1,0.1,1,0.9088328176287785,-0.05075620098877575,0.08364474944977211,0,0.0,1,0.9261284216532388,-0.059643937904271416,0.048943650142728515,0,0.0,1,alpha_pos,1.0
alpha_pos,170,0.7968578587055565,0.03990329671386051,0.049850875249165434,0,0.1,1,0.8448464315121916,-0.06392494486574793,0.07207424603972237,0,0.0,1,0.920238265747667,-0.024675437659429034,0.05285277784919672,0,0.0,1,alpha_neg,0.0
alpha_pos,171,0.7174242526103748,0.1733873809216029,0.052160671973916675,1,0.1,1,0.8282013088770338,-0.03174549889274351,0.060902502970538924,0,0.0,1,0.950013930997185,-0.07931857054862117,0.055696413459158024,0,0.0,1,alpha_pos,1.0
alpha_pos,172,0.8052669422374626,-0.17113640510624792,0.06670153318052288,1,0.1,0,0.7444269381544957,-0.013374080718682731,0.05386662537365584,0,0.0,1,0.9455540404563553,-0.017976228935709763,0.05444427696209186,0,0.0,1,alpha_pos,1.0
alpha_pos,173,0.8018262528970546,0.15381842910100701,0.06579108277487991,1,0.1,1,0.837088845323406,0.051353336165924225,0.0699952146998096,0,0.0,1,0.9487436069714459,0.07317279035099244,0.05549362340840867,0,0.0,1,alpha_pos,1.0
alpha_pos,174,0.6891832001270994,0.19104357354750084,0.049323749285295385,1,0.1,1,0.8807336973447654,-0.014620686232734124,0.07266032902648809,0,0.0,1,0.9320481082245162,0.033109836837220574,0.05474099037834966,0,0.0,1,alpha_pos,1.0
alpha_pos,175,0.769836057517695,0.05472453168599072,0.05066725707436935,0,0.1,1,0.8788862434925616,-0.16031503225311847,0.06289634977489861,1,0.0,0,0.9112335332492931,0.015975926068992126,0.052185631974910364,0,0.0,1,alpha_neg,0.0
alpha_pos,176,0.8329299870734492,0.0074089829551155575,0.055735869676612294,0,0.1,1,0.7495364574222521,-0.05182206934052058,0.05722710395527623,0,0.0,1,0.9565439150072911,0.02842620751751399,0.05934622785878706,0,0.0,1,alpha_neg,0.0
alpha_pos,177,0.8085277147877141,0.09576766828385612,0.05989065174746451,0,0.1,1,0.7476535165594371,0.033328792402636136,0.05860662062348196,0,0.0,1,0.9167793338791572,-0.029416497189316916,0.04622830705913257,0,0.0,1,alpha_pos,1.0
alpha_pos,178,0.859551390162787,0.17353733090590145,0.07134262892544802,1,0.1,1,0.844483414680354,0.012156540837494349,0.05782810564119188,0,0.0,1,0.942586517465323,-0.04343373335129829,0.05663732615315801,0,0.0,1,alpha_pos,1.0
alpha_pos,179,0.6663306880901797,0.13627921262591847,0.06498538436474291,1,0.1,1,0.7775274272659446,-0.07567880323034067,0.07229808352620029,0,0.0,1,0.9169325171880451,-0.05254232604898723,0.05195796895650789,0,0.0,1,alpha_pos,1.0
alpha_pos,180,0.8196466755144786,0.1510189272349193,0.05858513429393588,1,0.1,1,0.7714326241726008,0.008903129222366208,0.05119439355789194,0,0.0,1,0.9249476700983249,0.0013796707075098755,0.053799671737588525,0,0.0,1,alpha_pos,1.0
alpha_pos,181,0.8641539503203018,0.1305920144347828,0.071643355165981,0,0.1,1,0.7986449655969076,0.039280003196831934,0.05589714036911215,0,0.0,1,0.929510082840027,-0.021438910277248743,0.04690569727699634,0,0.0,1,alpha_pos,1.0
alpha_pos,182,0.8237798845354972,0.12955274578373335,0.055160135089330424,1,0.1,1,0.744667963505485,-0.038444754922419146,0.06550424811324028,0,0.0,1,0.9470171732524165,0.10816265825741292,0.048050574576903815,1,0.0,0,alpha_pos,1.0
alpha_pos,183,0.8028374422065541,0.044341672714686954,0.07564816426961023,0,0.1,1,0.7973175806626089,0.047983946387579524,0.06533989796500221,0,0.0,1,0.9512954103151525,-0.0957721187103775,0.0517241919332823,0,0.0,1,beta,0.0
alpha_pos,184,0.7749401108210854,0.11083998936070792,0.0630891127979622,0,0.1,1,0.714706922845541,-0.13472299215293884,0.046911927233283746,1,0.0,0,0.8332780833511014,0.02876551747845681,0.037937630437150614,0,0.0,1,alpha_neg,0.0
alpha_pos,185,0.6599199342990903,0.09331016533519314,0.059715427205735395,0,0.1,1,0.8419303775364545,-0.025937968297380643,0.07803617972776443,0,0.0,1,0.9243907016803019,0.03568268497525567,0.054028845999254164,0,0.0,1,alpha_pos,1.0
alpha_pos,186,0.8254754758348635,0.11816013977442719,0.08021063628328526,0,0.1,1,0.8868914840526059,0.01862071169393281,0.07048742941552999,0,0.0,1,0.9328531539414718,0.04654386534354886,0.04800299703002285,0,0.0,1,alpha_pos,1.0
alpha_pos,187,0.7947923965317215,0.007676194184147643,0.07169635717223774,0,0.1,1,0.6983245329493601,-0.05486673399486477,0.052559373528127645,0,0.0,1,0.9549179371704924,0.12262206989539305,0.051737497830476695,1,0.0,0,beta,0.0
alpha_pos,188,0.7388423166024543,0.07045805669030542,0.058111328258256066,0,0.1,1,0.7973672010683817,-0.11481446782380016,0.05606126851785928,1,0.0,0,0.9535966224448765,0.06759357827035656,0.05264229366861889,0,0.0,1,alpha_neg,0.0
alpha_pos,189,0.762661293556763,0.17912004966991965,0.05540633648349532,1,0.1,1,0.8085659022834104,0.09877000531458432,0.06879428352887325,0,0.0,1,0.9452585996415513,-0.10963645974097741,0.05576361222237572,1,0.0,0,alpha_pos,1.0
alpha_pos,190,0.7759056919246768,0.09561843169270899,0.057724106776390845,0,0.1,1,0.791476034196077,0.036414654520743286,0.05439298361361623,0,0.0,1,0.9195210912457034,-0.09773400258895058,0.04401712343551024,1,0.0,0,beta,0.0
alpha_pos,191,0.6273936422178431,0.09774942360034834,0.05714549743301376,0,0.1,1,0.8622135500389386,-0.005669072275226869,0.07573543598320664,0,0.0,1,0.9233626191119193,-0.148810840972632,0.04355759912509874,1,0.0,0,beta,0.0
alpha_pos,192,0.8576218269722047,0.022458747188231855,0.07768837444091545,0,0.1,1,0.7490722447319771,0.033289635059310534,0.046597805731476684,0,0.0,1,0.9388801748681196,-0.03434453896362255,0.059473852498343235,0,0.0,1,beta,0.0
alpha_pos,193,0.7960175824427856,0.10531221069477162,0.055720149449204205,0,0.1,1,0.8013627709703619,-0.06291850264456271,0.06337703325313587,0,0.0,1,0.9298638854590117,-0.018935257081238815,0.04854859205753563,0,0.0,1,alpha_pos,1.0
alpha_pos,194,0.7484879730122481,0.027976303832523797,0.05466917157511249,0,0.1,1,0.7856803304680816,-0.05115135263173263,0.06603613746810406,0,0.0,1,0.9396636987651947,-0.062308828401953724,0.05063267152822115,0,0.0,1,beta,0.0
alpha_pos,195,0.7974308852524521,-0.08641069585449301,0.056467707131203845,0,0.1,0,0.7757855279433656,0.00115981425903444,0.05408989358195595,0,0.0,1,0.8819169028664021,-0.08108159582729806,0.04279822606250243,0,0.0,1,alpha_pos,1.0
alpha_pos,196,0.7914036544656662,0.10790652353782468,0.06353551593925316,0,0.1,1,0.7803457449368716,-0.15557472085464863,0.07286607020162744,1,0.0,0,0.9241823551283831,0.07862936449686622,0.04709750513528818,0,0.0,1,alpha_neg,0.0
alpha_pos,197,0.8419556505991446,0.002097648144129003,0.06279643424743366,0,0.1,1,0.823844227822209,0.1638161947173969,0.06818372465857596,1,0.0,0,0.9051121082012834,0.0015686484471211762,0.051883527780775554,0,0.0,1,alpha_neg,0.0
alpha_pos,198,0.8321383714554801,0.24773842616809405,0.04740128888745555,1,0.1,0,0.7513891830552397,0.02023326934452568,0.05738663455783366,0,0.0,1,0.9283509664832016,-0.04323367796729453,0.05238433029735722,0,0.0,1,alpha_pos,1.0
alpha_pos,199,0.8360354310756316,0.16911559234742127,0.059203129920030434,1,0.1,1,0.7915090213395346,-0.08457658111489903,0.061908168833309116,0,0.0,1,0.9303544352249474,-0.015380677366548377,0.04883285502783175,0,0.0,1,alpha_pos,1.0
alpha_pos,200,0.7798666381227674,0.07772746064272486,0.06974916750567613,0,0.1,1,0.8360683668402159,-0.013884117334129805,0.07628647386780964,0,0.0,1,0.9515229447850976,-0.07017695392574436,0.058414514130989637,0,0.0,1,alpha_pos,1.0
alpha_pos,201,0.7246350886598467,0.248859179781936,0.05498666631545119,1,0.1,0,0.7691331747802886,0.04586341587946313,0.05587694307961436,0,0.0,1,0.9481596239387992,0.055122133488023244,0.05082560431032544,0,0.0,1,alpha_pos,1.0
alpha_pos,202,0.8047293153694659,0.08201771415832537,0.05559185819656282,0,0.1,1,0.7900863089326507,0.024616903476000925,0.0564149036761577,0,0.0,1,0.9244151095813407,0.049110544655347164,0.05565191853204419,0,0.0,1,alpha_pos,1.0
alpha_pos,203,0.8017711309881584,0.11843553210579952,0.05873255836177656,1,0.1,1,0.7764482346309846,0.05131594825690294,0.06935293009943581,0,0.0,1,0.9202656937485312,0.04761335752420786,0.05301424290014575,0,0.0,1,alpha_pos,1.0
alpha_pos,204,0.8242113517880725,0.04651317234345591,0.06081693186788707,0,0.1,1,0.7929746999074386,0.02950724072516991,0.061332843073884806,0,0.0,1,0.9189143981728886,-0.003078334076735909,0.046390740033238044,0,0.0,1,alpha_pos,1.0
alpha_pos,205,0.7764742895901948,0.18587361100044245,0.07106798793994533,1,0.1,1,0.7260241340527339,0.1226745462562172,0.06463979191690361,0,0.0,1,0.951724422378236,0.024507198429758924,0.05671730428023867,0,0.0,1,alpha_pos,1.0
alpha_pos,206,0.761456223767929,0.03729270749435225,0.05027893146063958,0,0.1,1,0.8769537608728654,-0.03505417794002055,0.07694525901549275,0,0.0,1,0.8990032854165436,0.021867097701900293,0.044414074952225574,0,0.0,1,alpha_pos,1.0
alpha_pos,207,0.8009133845938484,0.18350231894529784,0.06260492517700983,1,0.1,1,0.7805684546010851,0.1289406919908662,0.06173325108330255,1,0.0,0,0.9350615617740976,-0.0026276221516686187,0.053464127780737926,0,0.0,1,alpha_pos,1.0
alpha_pos,208,0.7192018914033573,0.02809703555546239,0.05804084061014069,0,0.1,1,0.7272135153282603,0.04885185425839276,0.06309524316404685,0,0.0,1,0.9325524212562292,-0.04638051780426511,0.052597210211707636,0,0.0,1,alpha_neg,0.0
alpha_pos,209,0.7869087032283514,0.20619655651746724,0.06495890618028362,1,0.1,1,0.8237176562958667,-0.06051361715873942,0.07108925753762699,0,0.0,1,0.9498615145643512,0.006384568908031047,0.05806497529010921,0,0.0,1,alpha_pos,1.0
alpha_pos,210,0.6671191946442125,-0.06647311485175288,0.04316489414172367,0,0.1,0,0.7854030128209077,-0.012585876148433752,0.05851203309223253,0,0.0,1,0.9461218198849953,-0.002167629520458524,0.05065965749073773,0,0.0,1,alpha_pos,1.0
alpha_pos,211,0.823658253912597,0.16542244508794507,0.055515134245882676,1,0.1,1,0.7998584629074924,-0.1316647571121865,0.06068602046872674,1,0.0,0,0.9074881371616967,-0.04614876573412664,0.05256870234100692,0,0.0,1,alpha_pos,1.0
alpha_pos,212,0.7606575407009545,0.0007450964723977546,0.0672076897758304,0,0.1,1,0.787517157850284,-0.031210663154065583,0.06188938319231322,0,0.0,1,0.9558315892367615,0.04932208614021176,0.053825432377912735,0,0.0,1,beta,0.0
alpha_pos,213,0.7641688787804136,0.10104941236507066,0.06647178983005456,0,0.1,1,0.705223284195002,0.09412583829202287,0.05928095589375497,0,0.0,1,0.9493609641816061,0.003138207631816281,0.062667313591146,0,0.0,1,alpha_pos,1.0
alpha_pos,214,0.7876367189035457,0.10416522164425433,0.05453987725719215,0,0.1,1,0.8381196356200957,-0.07005587166032694,0.05851672696571189,0,0.0,1,0.9271498048248212,-0.014851060979737221,0.050746883543301015,0,0.0,1,alpha_pos,1.0
alpha_pos,215,0.800090301731565,0.05084219207388063,0.07643944889723277,0,0.1,1,0.7757683992840795,0.09514701485098263,0.0697712090475694,0,0.0,1,0.9046021853924046,-0.0032520661857402453,0.04213280492336517,0,0.0,1,alpha_neg,0.0
alpha_pos,216,0.8316110565744999,-0.005829177422838615,0.06481708961598857,0,0.1,1,0.7011886726921708,0.1210515270510483,0.06493607995307667,0,0.0,1,0.9345905135910758,-0.01878571002304903,0.05207116537278954,0,0.0,1,alpha_neg,0.0
alpha_pos,217,0.7927946865617291,0.1289063566173189,0.05787483045540808,1,0.1,1,0.7833657246952027,-0.11520631333100836,0.06720191033659749,0,0.0,1,0.9216526197320282,0.024412967310939792,0.051381225394220034,0,0.0,1,alpha_pos,1.0
alpha_pos,218,0.8123034686380675,0.113261349079341,0.057648171204411104,1,0.1,1,0.7935472468457909,-0.008504476421775825,0.0660464414021354,0,0.0,1,0.9365376754303391,-0.0041890080617463035,0.03757166029372127,0,0.0,1,alpha_pos,1.0
alpha_pos,219,0.7446044458678521,0.11459757229888445,0.05676235755080649,1,0.1,1,0.7408152269176056,-0.05535099599331198,0.06262120401072127,0,0.0,1,0.9338987112078243,0.03537519220650952,0.0591188916525794,0,0.0,1,alpha_pos,1.0
alpha_pos,220,0.7511179820409426,0.07428473451689575,0.053022903403857326,0,0.1,1,0.7612569235680519,-0.10921643397570875,0.06274402353138132,0,0.0,1,0.9133576982647188,0.07311171069987243,0.054660956235034995,0,0.0,1,alpha_neg,0.0
alpha_pos,221,0.8310447431685163,0.023083125742320954,0.057054193779013065,0,0.1,1,0.738732255025088,0.04518646008799606,0.049384564903062485,0,0.0,1,0.939924110046476,-0.023668130264611467,0.042597480037139826,0,0.0,1,alpha_neg,0.0
alpha_pos,222,0.8098716028798865,-0.11797926228997814,0.060417427875644955,0,0.1,0,0.7748896368774962,0.026688364445873403,0.07019155629918812,0,0.0,1,0.913325117253356,-0.02018933127950509,0.04244698224464151,0,0.0,1,alpha_pos,1.0
alpha_pos,223,0.8097495374861569,0.18973921025639218,0.0660059620474407,1,0.1,1,0.8342352365434624,-0.05576691878181106,0.0672305830851533,0,0.0,1,0.9447438437973223,-0.03579459899126849,0.05282356113085572,0,0.0,1,alpha_pos,1.0
alpha_pos,224,0.7270434987711171,0.14465650541657266,0.05641792455991941,1,0.1,1,0.8304799235031425,0.086834871257122,0.06572917081280408,0,0.0,1,0.9180995937010996,0.0017973319770994984,0.05165637640507416,0,0.0,1,alpha_pos,1.0
alpha_pos,225,0.8289577862612775,0.19685045628465214,0.0705514867550028,1,0.1,1,0.8480675323452475,-0.022385842122909005,0.060152374628207675,0,0.0,1,0.961299663110926,0.007756266570688314,0.05706686951604321,0,0.0,1,alpha_pos,1.0
alpha_pos,226,0.7772947301376639,0.17683279641018532,0.06208944675391864,1,0.1,1,0.7938592950202503,-0.06097304399646684,0.06113674554334409,0,0.0,1,0.8916440795566628,0.010131078641577028,0.059238718500264693,0,0.0,1,alpha_pos,1.0
alpha_pos,227,0.7906429718459611,0.030902629253609717,0.07377880628295373,0,0.1,1,0.73469001396647,0.031056919094940134,0.060518456819603585,0,0.0,1,0.9526482087263234,-0.0075162371271059805,0.05019425185147824,0,0.0,1,alpha_neg,0.0
alpha_pos,228,0.831358016616904,0.06035002261387615,0.07956230964892716,0,0.1,1,0.7092774013230617,0.006035705697088857,0.04744508479627677,0,0.0,1,0.922307695956135,-0.01804304650015742,0.04656186852328793,0,0.0,1,alpha_pos,1.0
alpha_pos,229,0.8478193481318574,0.04405229361607772,0.05891600071446515,0,0.1,1,0.7471637789637944,-0.054708549034096186,0.06217070691193714,0,0.0,1,0.9415236716410361,-0.006728286910856133,0.04929268828291558,0,0.0,1,alpha_neg,0.0
alpha_pos,230,0.8218270656250234,-0.020854578662333156,0.06073200643324266,0,0.1,0,0.8033218119014683,0.04287174447036098,0.06203123801568105,0,0.0,1,0.9221463281316005,0.022791672568774953,0.047879592854563065,0,0.0,1,alpha_neg,0.0
alpha_pos,231,0.7668678213791063,0.16340320259409652,0.059510115334321136,1,0.1,1,0.6768808006292778,0.09489092357982762,0.05095519345010286,0,0.0,1,0.907512467250472,-0.07179244789205513,0.04859286806075006,0,0.0,1,alpha_pos,1.0
alpha_pos,232,0.9088580174683902,0.11649793486778728,0.07849323080416655,0,0.1,1,0.7368331496028067,-0.10104286026583041,0.049055102773102995,1,0.0,0,0.9210440695040081,0.15642288295447718,0.04848439176068789,1,0.0,0,beta,0.0
alpha_pos,233,0.7908611890316729,0.16623893373638984,0.06276283952431848,1,0.1,1,0.7610204796409064,-0.09318348358250413,0.05864043040493555,0,0.0,1,0.9349898795489034,-0.07533927016995091,0.045270035108141045,0,0.0,1,alpha_pos,1.0
alpha_pos,234,0.8596844824550945,0.12742323064216096,0.057527001543912215,1,0.1,1,0.6673515332302781,0.06297303891115852,0.04992058068704241,0,0.0,1,0.9175325799766223,-0.07606864190129986,0.04760141711505753,0,0.0,1,alpha_pos,1.0
alpha_pos,235,0.7663620011809207,-0.011798258415926244,0.05298474308820073,0,0.1,0,0.8109908169130631,-0.11654605302564261,0.058974679196649823,1,0.0,0,0.9576878106030582,0.20494829559840003,0.05109419848170893,1,0.0,0,beta,0.0
alpha_pos,236,0.8450186446186364,0.1883632719714408,0.06025943869503756,1,0.1,1,0.8157118499070277,-0.05281785668681914,0.0659070915694892,0,0.0,1,0.9481292439331839,0.04796287120744593,0.0527472823884827,0,0.0,1,alpha_pos,1.0
alpha_pos,237,0.8605704674362659,0.10262783499220006,0.06625381183090963,0,0.1,1,0.818647717239545,-0.1130800979681211,0.050613487177302074,1,0.0,0,0.9413005259357018,0.002370906755430438,0.0571271587055454,0,0.0,1,alpha_neg,0.0
alpha_pos,238,0.7202482970178199,-0.004032320559145335,0.05756926379104445,0,0.1,1,0.6814466102285991,0.10924052258711037,0.060908984311810195,0,0.0,1,0.9035314027410194,-0.01328336896467868,0.05168304430202635,0,0.0,1,alpha_neg,0.0
alpha_pos,239,0.713084051056533,0.1695768353756283,0.05583061800079872,1,0.1,1,0.7928787092948782,0.01919629976016634,0.07183885429043722,0,0.0,1,0.9286639120457544,0.0772015439060885,0.04668527947474814,0,0.0,1,alpha_pos,1.0
alpha_pos,240,0.7951219993369119,0.16191794780682667,0.054675707016495274,1,0.1,1,0.7999737500282394,0.02090244554199898,0.06602778110608554,0,0.0,1,0.9226448631517755,-0.0920710291734008,0.046007513356896644,1,0.0,0,alpha_pos,1.0
alpha_pos,241,0.6468119500612417,0.1301065428072587,0.05347780856609869,1,0.1,1,0.8745354326145293,0.004621237302060316,0.06585041739299438,0,0.0,1,0.9350025545028698,-0.00427023284799005,0.049852664572373494,0,0.0,1,alpha_pos,1.0
alpha_pos,242,0.8360389206004107,0.0875182622910188,0.07479001210084357,0,0.1,1,0.8028443467588592,0.014208353376692361,0.07106852750752056,0,0.0,1,0.9170526677451929,0.06104797630653668,0.04947431450093121,0,0.0,1,alpha_pos,1.0
alpha_pos,243,0.8211131623434124,0.06889419986049462,0.0573643841416868,0,0.1,1,0.7881000126057964,0.01468386696423885,0.05787335498597378,0,0.0,1,0.90568761988401,0.022009901234721487,0.042242272174054095,0,0.0,1,alpha_pos,1.0
alpha_pos,244,0.7997574989514074,-0.025129843129245953,0.06248499066715517,0,0.1,0,0.8341451804421286,0.0672838167740966,0.07555843518487233,0,0.0,1,0.9264375804969223,0.0853191625698694,0.046173785733507694,0,0.0,1,beta,0.0
alpha_pos,245,0.8332911801467422,0.06574678174444429,0.06600267180570267,0,0.1,1,0.755947360640097,-0.07781533906856641,0.053712516242184156,0,0.0,1,0.9341650396938963,-0.09132060052191344,0.05498932522864482,0,0.0,1,beta,0.0
alpha_pos,246,0.7896675022965003,0.07837762765758706,0.05606957963134152,0,0.1,1,0.8355216210258022,-0.04414881264423725,0.061899548845394455,0,0.0,1,0.928786760615089,-0.08220755782490939,0.04850067173229127,0,0.0,1,beta,0.0
alpha_pos,247,0.7476010197776363,0.055223410323215455,0.06097581781010897,0,0.1,1,0.7517439852215283,-0.099437232708902,0.05752670400518709,0,0.0,1,0.9365027608037964,0.012489051701559284,0.054176366446134314,0,0.0,1,alpha_neg,0.0
alpha_pos,248,0.8308693347929803,0.2683803775439843,0.07188799380131361,1,0.1,0,0.8073128512891032,-0.042932133037325265,0.06451798963944488,0,0.0,1,0.9367456906648485,-0.01783557286821308,0.04835405221025788,0,0.0,1,alpha_pos,1.0
alpha_pos,249,0.7816273414223224,0.04279680814801321,0.056946270668321794,0,0.1,1,0.8361048011249048,-0.022002098843748204,0.06358175661043045,0,0.0,1,0.9070659056036787,0.09695838575692536,0.054392745611655,0,0.0,1,beta,0.0
alpha_pos,250,0.8378171636477904,0.1527541569994088,0.05300266803427858,1,0.1,1,0.7669205343126626,-0.10434188408251091,0.05960248236257443,0,0.0,1,0.9168683891215348,-0.00864714758950723,0.04107913402188202,0,0.0,1,alpha_pos,1.0
alpha_pos,251,0.7991319112699092,0.14553357503873626,0.05788264012472094,1,0.1,1,0.7557237312892596,0.08051466028538315,0.06373930470915026,0,0.0,1,0.9396215309061157,-0.015782858501271913,0.053379603310613456,0,0.0,1,alpha_pos,1.0
alpha_pos,252,0.8597286666274624,0.2118622670430483,0.0647248119326252,1,0.1,1,0.7990906638374102,-0.10326709000227666,0.05069300481505219,1,0.0,0,0.9539734528015031,0.0748153388431855,0.05190147341971704,0,0.0,1,alpha_pos,1.0
alpha_pos,253,0.861502574760008,0.0958963781414439,0.06955788260512633,0,0.1,1,0.8633856807488254,-0.010459681187600024,0.0727097402897124,0,0.0,1,0.9445961919493574,0.0179002309181267,0.053718512040668985,0,0.0,1,alpha_pos,1.0
alpha_pos,254,0.7872310986347009,0.034051877907387694,0.06305262366167405,0,0.1,1,0.8396475964391498,-0.06546166185252171,0.06752703171580617,0,0.0,1,0.9171123958150919,0.042944659134131154,0.05008959284120457,0,0.0,1,alpha_neg,0.0
alpha_pos,255,0.7762565755266009,0.17929322972695977,0.05886376931776165,1,0.1,1,0.804129293881428,-0.019772328184833578,0.05551103541407115,0,0.0,1,0.9483901713323603,-0.032599855863078085,0.05554332785975257,0,0.0,1,alpha_pos,1.0
alpha_pos,256,0.7951374359529854,0.1324860933725773,0.06271109026545343,1,0.1,1,0.7390949230493443,0.045792390435618766,0.054460322280674475,0,0.0,1,0.9450889810201051,-0.05995318364174203,0.05650626088934711,0,0.0,1,alpha_pos,1.0
alpha_pos,257,0.7797148073410645,0.11336762443088823,0.06787784234029168,0,0.1,1,0.8145660852573265,-0.01825509383811992,0.0706358311437567,0,0.0,1,0.939954936894044,-0.03789718332789967,0.05495164114451887,0,0.0,1,alpha_pos,1.0
alpha_pos,258,0.794685880156216,0.05005241892107864,0.06652349015127637,0,0.1,1,0.8519100270031329,0.023412743560907216,0.05658699278247481,0,0.0,1,0.9396268867794824,-0.007520107324194012,0.05034052611939167,0,0.0,1,alpha_pos,1.0
alpha_pos,259,0.7791406156139199,0.02856906796285352,0.061346355842233226,0,0.1,1,0.8241563288379568,-0.04578961126543152,0.07218408632240392,0,0.0,1,0.922388064060524,-0.07561160548427912,0.05295340927993257,0,0.0,1,beta,0.0
alpha_pos,260,0.82754919269157,0.21276796607682505,0.062058733247668064,1,0.1,1,0.7690072759335982,0.04645693687877998,0.05547039420810932,0,0.0,1,0.9270318674332257,0.08311413074890289,0.04980305569874197,0,0.0,1,alpha_pos,1.0
alpha_pos,261,0.8033890199071412,0.2570078643287787,0.0651153158254319,1,0.1,0,0.8137689546104664,-0.022171726573893966,0.06758683542642265,0,0.0,1,0.9271116410138724,0.029169065290606325,0.0473210348602791,0,0.0,1,alpha_pos,1.0
alpha_pos,262,0.6937268480704438,0.11960145451950917,0.055503627039932286,1,0.1,1,0.7967021248976182,0.03577640725192726,0.06342689305745576,0,0.0,1,0.9660783450577388,0.013863621673555218,0.055498854350937495,0,0.0,1,alpha_pos,1.0
alpha_pos,263,0.888300527575123,0.1933506401320671,0.06712199946985267,1,0.1,1,0.8105926554887106,0.12002986833387977,0.050716292842096285,1,0.0,0,0.9404055228571395,0.06479389284591218,0.055679056955364264,0,0.0,1,alpha_pos,1.0
alpha_pos,264,0.8388803219299007,0.2552085001609305,0.05894376862315999,1,0.1,0,0.7542579343072014,-0.019347712454001704,0.0633226709994449,0,0.0,1,0.9489342377891452,-0.03964976377145393,0.05698673790892197,0,0.0,1,alpha_pos,1.0
alpha_pos,265,0.8028987986246321,-0.026846862464273657,0.05939025409707819,0,0.1,0,0.7686029539286496,-0.06349622815950784,0.06755578072751896,0,0.0,1,0.9439179430906853,0.1110220482334146,0.0482386061119905,1,0.0,0,beta,0.0
alpha_pos,266,0.8220029135544971,0.10469633796466737,0.07715180631950574,0,0.1,1,0.7074056214862422,-0.01921774174869768,0.04429649110801333,0,0.0,1,0.9103598172350624,-0.03195628380585356,0.047419013074035864,0,0.0,1,alpha_pos,1.0
alpha_pos,267,0.7944388219186048,-0.0005222704138763889,0.06322657816696933,0,0.1,1,0.8094830645447867,-0.03764039125090363,0.06945797836572264,0,0.0,1,0.9318480775552513,-0.0403238800230857,0.04728297433696615,0,0.0,1,beta,0.0
alpha_pos,268,0.8093649633579912,0.07486636014067183,0.07071013286135341,0,0.1,1,0.7344689560690342,0.05631707122611142,0.06429404088978383,0,0.0,1,0.9308353753684013,0.0798572523554519,0.05206498379960941,0,0.0,1,beta,0.0
alpha_pos,269,0.8325875144507955,-0.05468555661754929,0.07398216235662353,0,0.1,0,0.7866651380256297,-0.004746190549300108,0.05600937632954071,0,0.0,1,0.9169429038317767,0.02861991190730793,0.04800790854053907,0,0.0,1,alpha_pos,1.0
alpha_pos,270,0.7226321139620884,0.07892807886356885,0.04616010899042896,0,0.1,1,0.8556778941768227,-0.08327002041234671,0.07264714893611851,0,0.0,1,0.915785163319409,0.03425086510424057,0.047260839697390866,0,0.0,1,alpha_neg,0.0
alpha_pos,271,0.7588404586970348,0.02380472204961534,0.060196829554201595,0,0.1,1,0.8812143907838096,0.04257397525312896,0.07503655479026664,0,0.0,1,0.9105777070777027,-0.009484283532541174,0.05061488634946521,0,0.0,1,alpha_neg,0.0
alpha_pos,272,0.7862834257076126,0.09421036306828508,0.05015520890922068,0,0.1,1,0.7938275318883301,0.03722377965987646,0.064219161091088,0,0.0,1,0.9416173897451047,0.04681300605983286,0.052564059976065114,0,0.0,1,alpha_pos,1.0
alpha_pos,273,0.7858806830978297,0.1794099697482399,0.05701185764905057,1,0.1,1,0.7482210685443593,-0.059382148205298496,0.06579099792551862,0,0.0,1,0.917591685785755,-0.03844914811148429,0.05162914457277992,0,0.0,1,alpha_pos,1.0
alpha_pos,274,0.7517462303574203,0.10382383089499586,0.06255124919289873,0,0.1,1,0.7579687320605787,0.05641890561077249,0.06322404167634219,0,0.0,1,0.9308047162542107,-0.020779585324943617,0.05511598634738888,0,0.0,1,alpha_pos,1.0
alpha_pos,275,0.7660132568240762,0.02539913776553299,0.07584804061960243,0,0.1,1,0.7969558894109394,0.05593051666475105,0.05582056312085029,0,0.0,1,0.9078008211146861,-0.03485250318260641,0.053860313336497184,0,0.0,1,alpha_neg,0.0
alpha_pos,276,0.8081747089215392,0.13167165355807706,0.06317624348563346,1,0.1,1,0.763168376336839,0.08509289228816592,0.06554478888455863,0,0.0,1,0.9496488269755025,0.05549870802569251,0.05802942595135108,0,0.0,1,alpha_pos,1.0
alpha_pos,277,0.7517782589644565,0.0023159666227177854,0.05892011374087256,0,0.1,1,0.8509969253160916,0.026507877609347474,0.06536182359028436,0,0.0,1,0.9451809078156045,0.023507112485453487,0.06134637315139926,0,0.0,1,alpha_neg,0.0
alpha_pos,278,0.8137731700487412,0.06961978859142415,0.06330884272823059,0,0.1,1,0.7659101190006458,0.022848577446390184,0.054868378039527224,0,0.0,1,0.934769327622648,0.021757184654220427,0.05731634586631588,0,0.0,1,alpha_pos,1.0
alpha_pos,279,0.7587167245022981,0.07005815833683604,0.076191383924671,0,0.1,1,0.769618441652848,-0.013555780384698181,0.06666530722045869,0,0.0,1,0.9438863280763511,0.0012750461063147347,0.053931475021867216,0,0.0,1,alpha_pos,1.0
alpha_pos,280,0.8061317079762925,0.04383667512477293,0.07490712779700892,0,0.1,1,0.7626619440177429,0.05318209739110794,0.06171204358697654,0,0.0,1,0.9493229396508399,0.018826153024202222,0.04678514990726104,0,0.0,1,alpha_neg,0.0
alpha_pos,281,0.8542715744061548,0.02667187162907135,0.06698915670015262,0,0.1,1,0.8493840983533983,-0.09767809787262818,0.07722560530344098,0,0.0,1,0.9483157797691149,-0.023277388143364223,0.05216118419288392,0,0.0,1,alpha_neg,0.0
alpha_pos,282,0.8449592968373374,0.08063428151578829,0.07018245021746425,0,0.1,1,0.8471957393791408,0.09500049653067971,0.061243484988883545,0,0.0,1,0.9383521078868051,-0.01834815596045193,0.049870765005690335,0,0.0,1,alpha_neg,0.0
alpha_pos,283,0.7947039609915911,0.10017713856276082,0.05136023293569151,0,0.1,1,0.7769795899128581,0.06694629320875922,0.0593278219725349,0,0.0,1,0.9409758212079042,0.0018296915689506449,0.04500424599735872,0,0.0,1,alpha_pos,1.0
alpha_pos,284,0.8568157066057712,0.1501807783078389,0.07072777003629221,1,0.1,1,0.864069640674614,-0.07222395842293189,0.06602400478576859,0,0.0,1,0.9298041089660355,-0.02401776898086175,0.04747446907586983,0,0.0,1,alpha_pos,1.0
alpha_pos,285,0.8336289492657974,-0.08567950433239564,0.07163816414262107,0,0.1,0,0.7744836155812698,-0.060225090932607576,0.05840418452814545,0,0.0,1,0.9419604097169619,0.02443069710021943,0.048550427462137474,0,0.0,1,alpha_pos,1.0
alpha_pos,286,0.8472495710283519,0.13797634209223542,0.07084286639981241,0,0.1,1,0.8315472731647525,0.08939863611393258,0.06898680290298634,0,0.0,1,0.9344601565755367,0.04109450283464944,0.04990010181955928,0,0.0,1,alpha_pos,1.0
alpha_pos,287,0.7833411181708682,0.04783108985210373,0.057791263268909904,0,0.1,1,0.7821122744158537,-0.08686207378346308,0.060219291967252404,0,0.0,1,0.9730539095961798,-0.000851815252907028,0.05841191236917249,0,0.0,1,alpha_neg,0.0
alpha_pos,288,0.8298484377676569,0.12755516378305093,0.0662231279206975,0,0.1,1,0.8487580913706255,0.040501534329821134,0.07094069398045406,0,0.0,1,0.9452632039719634,-0.06402433211528241,0.05147192452879505,0,0.0,1,alpha_pos,1.0
alpha_pos,289,0.7747835825494787,0.019662780835679027,0.06437653208182165,0,0.1,1,0.830445202811221,0.04192584997754133,0.07893995592513525,0,0.0,1,0.9399658737317184,-0.041693868604781116,0.05296647301599142,0,0.0,1,alpha_neg,0.0
alpha_pos,290,0.7372074520005817,0.10675229204963559,0.07076213111178326,0,0.1,1,0.8095286514085352,-0.13656913818247077,0.059373883973002854,1,0.0,0,0.9254414460008479,0.03935523545388764,0.05067690193232598,0,0.0,1,alpha_neg,0.0
alpha_pos,291,0.7845088474563383,0.026252518009449197,0.06322151986194587,0,0.1,1,0.8324883753084447,0.07203924815820377,0.06837624680788792,0,0.0,1,0.9204460751379513,-0.06351720555736497,0.05423875490787271,0,0.0,1,alpha_neg,0.0
alpha_pos,292,0.7971941286634894,0.17332111983092252,0.06987037903267874,1,0.1,1,0.8660486752757919,-0.03016393879356407,0.07483596946673232,0,0.0,1,0.9423413434972737,0.024275314592696984,0.04807913723775388,0,0.0,1,alpha_pos,1.0
alpha_pos,293,0.831186335234579,0.14825349370874163,0.06675322289228204,1,0.1,1,0.8641685727329256,-0.06027185808857182,0.0755482114948266,0,0.0,1,0.9095056751181,-0.09290870120632078,0.041423289265451996,1,0.0,0,alpha_pos,1.0
alpha_pos,294,0.7165348823100133,0.2205970158606418,0.06645638635732588,1,0.1,1,0.7716312896584698,-0.02557770884358262,0.06547038114049189,0,0.0,1,0.9579936967808677,-0.019589959864550872,0.056370516775626434,0,0.0,1,alpha_pos,1.0
alpha_pos,295,0.8388217704814933,0.1275037562251041,0.06691927581103108,0,0.1,1,0.8288204379327201,-0.008554308088223283,0.06572349106739885,0,0.0,1,0.9441749115507457,-0.030538288402402816,0.0481509518389592,0,0.0,1,alpha_pos,1.0
alpha_pos,296,0.8364636704051368,0.11746568991005148,0.07453034110686534,0,0.1,1,0.8106045896237366,0.04814497397314964,0.05720784651176165,0,0.0,1,0.9556768200917418,-0.03244271903646668,0.052174847213271244,0,0.0,1,alpha_pos,1.0
alpha_pos,297,0.8241277065281551,-0.03196813445285405,0.07676143452351399,0,0.1,1,0.7718206350026486,0.11599633402422668,0.06187601769700576,0,0.0,1,0.9230925342206154,-0.030045500285304273,0.048347930649786305,0,0.0,1,alpha_neg,0.0
alpha_pos,298,0.8171815232812345,0.028530612484942718,0.06535498946529618,0,0.1,1,0.8005789656246166,0.018777721264964048,0.05486584132179304,0,0.0,1,0.9109548707131384,0.07967409512856338,0.05116764552342942,0,0.0,1,beta,0.0
alpha_pos,299,0.6884697393412353,0.0675144062598223,0.058424771227129725,0,0.1,1,0.756101707000539,0.01119446401237185,0.06734294659753166,0,0.0,1,0.9305423041142813,0.011837994259642362,0.048900718230136565,0,0.0,1,alpha_pos,1.0
alpha_neg,0,0.8650980531360353,-0.15043180763606578,0.06238031603989651,1,0.0,0,0.8377051719887985,0.1318968257524776,0.05741891722156066,1,0.1,1,0.910793519482901,-0.0010774354428521036,0.04845502064457081,0,0.0,1,alpha_pos,0.0
alpha_neg,1,0.7342451328016875,-0.07321367161358233,0.06811811235277226,0,0.0,1,0.8386112167021267,-0.05587478997180015,0.06500729423064451,0,0.1,0,0.9346161179407565,0.06434384371563633,0.05154282176159391,0,0.0,1,alpha_pos,0.0
alpha_neg,2,0.7922298461920039,-0.07561414444983262,0.06925269763867144,0,0.0,1,0.6611773162391039,0.044181101508256035,0.048662421558805194,0,0.1,1,0.9350715869834666,-0.08148952666764116,0.05429530655931843,0,0.0,1,beta,0.0
alpha_neg,3,0.7710826485940486,0.07553934671872435,0.06472002639478401,0,0.0,1,0.8035402950222833,0.1696830676592827,0.06590204021033536,1,0.1,1,0.9439188677689432,0.004700508086065989,0.05043628041289164,0,0.0,1,alpha_neg,1.0
alpha_neg,4,0.7496349562749478,-0.044550427472205605,0.0649233721685988,0,0.0,1,0.778249474611407,0.24098516642777126,0.0620055637239795,1,0.1,0,0.9134171285554518,0.032838238270758525,0.05308414210606115,0,0.0,1,alpha_neg,1.0
alpha_neg,5,0.8125347790196012,-0.013567845871191715,0.06054343063096845,0,0.0,1,0.8211044852827284,0.15295866901826627,0.0657490389490811,1,0.1,1,0.9323426441285607,-0.04940907796236828,0.052724656216917305,0,0.0,1,alpha_neg,1.0
alpha_neg,6,0.8089241563854963,-0.12079778541600167,0.055110600541461406,1,0.0,0,0.828528845771674,0.09348532378741294,0.059435084805049034,0,0.1,1,0.9133329991513752,-0.02947835360723056,0.05267207123156823,0,0.0,1,alpha_pos,0.0
alpha_neg,7,0.7262469564912635,0.04358020635559939,0.05355063295009682,0,0.0,1,0.8270816332737638,0.04192395055031153,0.055155807002707676,0,0.1,1,0.9411023007170606,0.036493503252980654,0.051045168754482756,0,0.0,1,alpha_pos,0.0
alpha_neg,8,0.7468104001202619,-0.007670287717619692,0.05328445541920631,0,0.0,1,0.7645428146371058,0.0846165372517367,0.05662485839989486,0,0.1,1,0.9462802890232598,0.028282808607719256,0.049243491531736384,0,0.0,1,alpha_neg,1.0
alpha_neg,9,0.7088049241518298,-0.06037865741089593,0.054058538136716454,0,0.0,1,0.8292091834437918,0.0776129455768658,0.06720525209145074,0,0.1,1,0.9302863260761611,-0.01751977614006843,0.05520030312347176,0,0.0,1,alpha_neg,1.0
alpha_neg,10,0.8381541652219489,-0.019472006691506092,0.07713746272684285,0,0.0,1,0.7600097772440936,0.048903379221991616,0.055122726850278615,0,0.1,1,0.9403242275146354,-0.054792734509413306,0.05107611257000605,0,0.0,1,beta,0.0
alpha_neg,11,0.7553773871985023,0.059439404126821714,0.08386100635124359,0,0.0,1,0.8124359781725644,0.14221512374675901,0.06719668507654708,1,0.1,1,0.9241755655971228,0.06128888732878978,0.05549528413263671,0,0.0,1,alpha_neg,1.0
alpha_neg,12,0.7865871186516991,-0.05915728886735834,0.0690479510622358,0,0.0,1,0.8447113121342509,0.1533471093144361,0.0754174193328253,1,0.1,1,0.9306709188317481,0.023176636498886058,0.04342877136313479,0,0.0,1,alpha_neg,1.0
alpha_neg,13,0.8243947234312996,-0.06912324854468337,0.06211672314369054,0,0.0,1,0.8297076818726845,0.11550051763409805,0.06320203145997172,0,0.1,1,0.912278050623842,0.020423054499600468,0.05161518742454466,0,0.0,1,alpha_neg,1.0
alpha_neg,14,0.8128020788409993,-0.09399437638094003,0.056294987431447494,0,0.0,1,0.8282961443797324,0.11125502846189302,0.0640801663152191,0,0.1,1,0.9594531807423461,-0.011707619485508426,0.055571724142778285,0,0.0,1,alpha_neg,1.0
alpha_neg,15,0.811859298735228,0.040848387028852406,0.071910836737812,0,0.0,1,0.7800521064754675,0.06755853889532473,0.05675811109307284,0,0.1,1,0.9372729821548361,-0.06543329411119576,0.05157886261438383,0,0.0,1,alpha_neg,1.0
alpha_neg,16,0.7780459684595691,-0.024919699122506765,0.04363035349736574,0,0.0,1,0.84051336559428,0.13482679936872344,0.07307371488838962,0,0.1,1,0.9147491959420745,0.01745841094073557,0.044156790596985365,0,0.0,1,alpha_neg,1.0
alpha_neg,17,0.7719404645940109,-0.03436118638461984,0.0633234701215948,0,0.0,1,0.837618087945946,0.13719126756822766,0.07175401988877833,0,0.1,1,0.8966557213917955,-0.057339416221800374,0.04202200982567742,0,0.0,1,alpha_neg,1.0
alpha_neg,18,0.7842470815466647,0.07231325990225528,0.06252942393342796,0,0.0,1,0.8609385429785132,0.1028092875327855,0.06367336311694677,0,0.1,1,0.9466715574843291,-0.04079675901608939,0.04560887446078735,0,0.0,1,alpha_neg,1.0
alpha_neg,19,0.7666365405668956,-0.07438562781890033,0.0618761718264932,0,0.0,1,0.7574574876601056,0.1656750226290311,0.05073003926042659,1,0.1,1,0.9422509291556338,-0.01823489580551497,0.05650501057451765,0,0.0,1,alpha_neg,1.0
alpha_neg,20,0.8239675766099206,0.07924620445832166,0.05738603142660376,0,0.0,1,0.7672872348195486,0.08746447685121954,0.060915930526397474,0,0.1,1,0.927711753760452,-0.11833500475794437,0.053742963331422804,1,0.0,0,beta,0.0
alpha_neg,21,0.7524878845745108,0.055146371824986135,0.06932590270547241,0,0.0,1,0.7798240095636255,0.19031468754666578,0.0585721976961367,1,0.1,1,0.9221684817502032,-0.015478284978517023,0.053349194693879075,0,0.0,1,alpha_neg,1.0
alpha_neg,22,0.7536155021859706,-0.08046187009370623,0.05640513944245828,0,0.0,1,0.864652849172089,0.0626103251302853,0.06989163065530919,0,0.1,1,0.9500166512393164,-0.02172402269448122,0.05122566185843648,0,0.0,1,alpha_pos,0.0
alpha_neg,23,0.8071627777556456,-0.07379151791278901,0.07294456599384265,0,0.0,1,0.7509562532243588,0.12399487975453796,0.05490474638788983,1,0.1,1,0.9400823528801877,-0.048369409541900894,0.05232253563689185,0,0.0,1,alpha_neg,1.0
alpha_neg,24,0.8218194672232225,-0.007992905000711032,0.0708302996817887,0,0.0,1,0.8035290543635715,0.06494926837108952,0.05769294280788475,0,0.1,1,0.9291808753793002,0.008445015466393778,0.05826974002972921,0,0.0,1,alpha_neg,1.0
alpha_neg,25,0.7765381132619128,-0.07059856593142999,0.04987595773581842,0,0.0,1,0.7954776805343703,0.05455642502024034,0.07293776239493138,0,0.1,1,0.9295373562362731,-0.06752627329606904,0.05216819766693776,0,0.0,1,alpha_pos,0.0
alpha_neg,26,0.8547176977655844,-0.07122625292500423,0.07091997957513065,0,0.0,1,0.8252106337053051,0.1628051956080792,0.06103443157390053,1,0.1,1,0.936749222401901,0.06995107397041372,0.05321699772878348,0,0.0,1,alpha_neg,1.0
alpha_neg,27,0.7755276978089489,0.024810715865692154,0.06902853448917022,0,0.0,1,0.8535338292217026,0.15430068925669518,0.06236579982958653,1,0.1,1,0.8993680278551445,-0.001008836418539646,0.04899011706902272,0,0.0,1,alpha_neg,1.0
alpha_neg,28,0.7195023366758209,-0.05923736057012212,0.05965478837959832,0,0.0,1,0.8238124855333341,0.2003779435745451,0.06743675791630764,1,0.1,1,0.9387506835556244,-0.022399753890444504,0.05242625571099412,0,0.0,1,alpha_neg,1.0
alpha_neg,29,0.8246037707307365,0.03714303154806724,0.06155770030552021,0,0.0,1,0.813294430266395,-0.03469156835964529,0.07159475875223853,0,0.1,1,0.9341153133299622,-0.03223536114941142,0.0538951648666779,0,0.0,1,alpha_pos,0.0
alpha_neg,30,0.7614688408386104,-0.05490413948377617,0.05402536398028479,0,0.0,1,0.8218942974810662,0.11207341445674848,0.060896066331740585,0,0.1,1,0.9092920127741392,0.027693512555816667,0.047944325941607586,0,0.0,1,alpha_neg,1.0
alpha_neg,31,0.7673569743427755,-0.013947511118157884,0.0651305501380911,0,0.0,1,0.6738048114272082,0.1676008618995089,0.05276118851757906,1,0.1,1,0.9300710256694259,0.026550371720167883,0.04590056315895847,0,0.0,1,alpha_neg,1.0
alpha_neg,32,0.8344352005503554,0.04356966053557505,0.07534898837215023,0,0.0,1,0.7856199070820581,-0.028372444314321225,0.059678233017021846,0,0.1,0,0.9243183096760602,0.00659770767917457,0.04930108572676173,0,0.0,1,alpha_pos,0.0
alpha_neg,33,0.785622187491517,-0.09114496471215479,0.057295887144524674,0,0.0,1,0.732074612197708,0.13349902405452055,0.054912387968999464,1,0.1,1,0.9518150706153485,-0.03797507858545632,0.06045492851412463,0,0.0,1,alpha_neg,1.0
alpha_neg,34,0.8437343189557206,-0.10770399005795471,0.07001786047385883,0,0.0,1,0.7908865818930685,0.22050289824594002,0.056205659516077776,1,0.1,0,0.9247872550820538,-0.01062854584742435,0.044242934960575464,0,0.0,1,alpha_neg,1.0
alpha_neg,35,0.776947730075998,-0.03644002627771835,0.04963403386065661,0,0.0,1,0.7491866061789719,0.01707146185220856,0.052289177811883705,0,0.1,1,0.942426112415283,-0.0013634423937238832,0.055599480357693576,0,0.0,1,alpha_pos,0.0
alpha_neg,36,0.7947678983941535,0.10351929113079883,0.06654501480376067,0,0.0,1,0.7032980653739849,0.17970032780241138,0.05518853291149915,1,0.1,1,0.9385993369761577,-0.10151885691585426,0.05107639542825467,1,0.0,0,alpha_neg,1.0
alpha_neg,37,0.7963241257598919,0.07519019053616838,0.07497837213334095,0,0.0,1,0.7958488346431589,0.1878304171909777,0.0565096893982614,1,0.1,1,0.934575498098803,0.004624942377268559,0.06161513532927758,0,0.0,1,alpha_neg,1.0
alpha_neg,38,0.8640727823510472,0.0032238823539238286,0.07071924669534352,0,0.0,1,0.7621902793504032,0.09045044724749732,0.05629774050620713,0,0.1,1,0.9306117880579908,0.00026922772187781434,0.05140488099732563,0,0.0,1,alpha_neg,1.0
alpha_neg,39,0.8226351938738511,-0.00863170510435744,0.0614068344906206,0,0.0,1,0.8466301354850727,0.04068726121139043,0.07346520682121034,0,0.1,1,0.9262527251641799,0.013641893004875527,0.04698666896281233,0,0.0,1,alpha_neg,1.0
alpha_neg,40,0.8439631227369461,0.1452440376022749,0.059212276689375856,1,0.0,0,0.8450887522607212,0.014825806996670876,0.06627173312643798,0,0.1,1,0.9124512957810079,-0.030931986950948984,0.04755480243660345,0,0.0,1,alpha_pos,0.0
alpha_neg,41,0.7330704561671816,0.01750910326783801,0.057124720383637376,0,0.0,1,0.8213760558920324,0.2164487420642109,0.06769442158237456,1,0.1,1,0.9560087044619417,-0.0051843944686247295,0.0488706986135483,0,0.0,1,alpha_neg,1.0
alpha_neg,42,0.8328775684282638,-0.04121965163521345,0.07277907800890154,0,0.0,1,0.8406760807784794,0.057177871300111274,0.06808290657551035,0,0.1,1,0.9415084490715038,0.011953738441369228,0.048519539780372954,0,0.0,1,alpha_neg,1.0
alpha_neg,43,0.7570895465757748,-0.004442904224255205,0.0636980060788892,0,0.0,1,0.7249989437384362,-0.06695561843507365,0.05732597375529913,0,0.1,0,0.9465845714488255,0.0975405768744804,0.05705654039452628,0,0.0,1,beta,0.0
alpha_neg,44,0.7879071620862946,0.0465268681376322,0.04836186439193291,0,0.0,1,0.8090326829348585,0.19222334084177917,0.06573296114077777,1,0.1,1,0.9442120737340511,-0.048525858067973174,0.04995798339350119,0,0.0,1,alpha_neg,1.0
alpha_neg,45,0.7540024225245864,0.03255599716159218,0.06475542600640628,0,0.0,1,0.8806161870403143,0.27895186704490754,0.06317612165852476,1,0.1,0,0.93962191234086,0.040396611001472314,0.04699451622331054,0,0.0,1,alpha_neg,1.0
alpha_neg,46,0.7643071420001342,0.08989251698709,0.055195970407273066,0,0.0,1,0.8455426878230278,0.13583515837059543,0.07045079501330999,0,0.1,1,0.9241400225168597,-0.03002161316394428,0.042552312561313914,0,0.0,1,alpha_neg,1.0
alpha_neg,47,0.8514640206010409,0.12522983945519628,0.06493891153996222,0,0.0,1,0.8115110446397222,0.060505855229249374,0.0631891898473093,0,0.1,1,0.9566222809880396,0.008617154206478425,0.05162387633045403,0,0.0,1,alpha_pos,0.0
alpha_neg,48,0.842971071627719,0.031879289816613435,0.061707666522162634,0,0.0,1,0.8503659448102701,0.07813141350419818,0.07457319564267831,0,0.1,1,0.9244660082843291,0.0788661833875949,0.05510581671619469,0,0.0,1,beta,0.0
alpha_neg,49,0.8177668060474963,-0.017429408770140983,0.07140099232973086,0,0.0,1,0.857020327862208,-0.06899983636026247,0.06249005132660699,0,0.1,0,0.8971152865189627,-0.004735352848401024,0.05151488719903862,0,0.0,1,alpha_neg,1.0
alpha_neg,50,0.7869452030614089,0.004276624825675389,0.04987240452812751,0,0.0,1,0.7065375710466967,0.15228482224731774,0.057444102705614314,1,0.1,1,0.9466127867043055,-0.023822792237523312,0.05407893621145981,0,0.0,1,alpha_neg,1.0
alpha_neg,51,0.740957514939866,-0.028587677217431193,0.04613706426271569,0,0.0,1,0.7384893631069698,0.027926325944236153,0.06295819013321031,0,0.1,1,0.8997222915286178,0.055754468014218315,0.04520522705335733,0,0.0,1,beta,0.0
alpha_neg,52,0.8299715448683708,-0.0015459294728838904,0.07178820389651397,0,0.0,1,0.8043301006269221,0.0334581401525544,0.05555616464371057,0,0.1,1,0.9342075325213179,-0.07635655313589636,0.06613465742124496,0,0.0,1,beta,0.0
alpha_neg,53,0.7408441113906398,-0.08104604895494676,0.05557989718634834,0,0.0,1,0.8163367664859158,0.0032500899761442794,0.07170936781111734,0,0.1,1,0.9295019917053731,-0.0377948052469358,0.05041334666886203,0,0.0,1,alpha_pos,0.0
alpha_neg,54,0.7919575303932372,0.059123403772641955,0.061339002670843856,0,0.0,1,0.8674312271610625,0.08675817667288686,0.06252391137783976,0,0.1,1,0.954459530700624,-0.07155693177999213,0.05008887897498433,0,0.0,1,alpha_neg,1.0
alpha_neg,55,0.7631128168328123,0.029101392137845145,0.07079717514223738,0,0.0,1,0.78827921203685,0.0740130062683689,0.05992267351993066,0,0.1,1,0.9432936168910638,-0.09299353532413593,0.05573600955322102,0,0.0,1,beta,0.0
alpha_neg,56,0.8262615152861117,0.062273646233571046,0.059418643661394155,0,0.0,1,0.8737248103493981,0.09679445434547526,0.06965308729906039,0,0.1,1,0.9432942035681766,-0.03564722790588052,0.05506342216417565,0,0.0,1,alpha_neg,1.0
alpha_neg,57,0.716057576251337,-0.07616324358451038,0.060492063139764345,0,0.0,1,0.6322160420495545,0.1563323889626122,0.0506739305726451,1,0.1,1,0.9356772835337285,0.07362175818075521,0.04984473903143693,0,0.0,1,alpha_neg,1.0
alpha_neg,58,0.7600096143196249,0.08701307118513386,0.061505760794982205,0,0.0,1,0.7115108351253028,0.19314756369745512,0.05777538112508643,1,0.1,1,0.9452520900657786,-0.09340142194408471,0.05656079215424412,0,0.0,1,alpha_neg,1.0
alpha_neg,59,0.8154171613646319,-0.09193746282842741,0.06086152100036612,0,0.0,1,0.77373573080162,0.21308750686920255,0.060225884185228444,1,0.1,1,0.9315354201637707,0.013928541122232675,0.05470327939984778,0,0.0,1,alpha_neg,1.0
alpha_neg,60,0.8173819891386204,0.0427671939223304,0.05729235854675676,0,0.0,1,0.8471686220403427,0.10731524033735017,0.07091302713008847,0,0.1,1,0.9338719943798955,-0.10263350493359148,0.0566783708984269,0,0.0,1,alpha_neg,1.0
alpha_neg,61,0.8031869355028621,-0.04272672049683927,0.04867403170638941,0,0.0,1,0.839572246272475,-0.0074855161786807935,0.07696179117563204,0,0.1,1,0.9437519524925512,0.05661218018304312,0.053073585430222545,0,0.0,1,beta,0.0
alpha_neg,62,0.7587300828828988,0.06618954724414881,0.06674723756823975,0,0.0,1,0.8913949422652673,0.10266706126512189,0.06462245761555536,0,0.1,1,0.9477880688026739,-0.04674307195377304,0.0463749326377674,0,0.0,1,alpha_neg,1.0
alpha_neg,63,0.7782736133074037,0.09417987702124878,0.06378317720553021,0,0.0,1,0.77534843996157,0.15945908405062026,0.05698662629509935,1,0.1,1,0.9321318591295616,0.031565293726807,0.05297095620643715,0,0.0,1,alpha_neg,1.0
alpha_neg,64,0.8059359609964345,0.08418026420822382,0.06311910497832988,0,0.0,1,0.8147514818599029,0.03805967847471844,0.07044470815287966,0,0.1,1,0.9187776412767067,-0.01705295959991047,0.046891473858803996,0,0.0,1,alpha_pos,0.0
alpha_neg,65,0.773304868760607,0.0326077676771461,0.05878807090585482,0,0.0,1,0.8316902618055989,0.046255802403286445,0.06438559427469448,0,0.1,1,0.9232177565326285,0.0472141035313229,0.042869541696147435,0,0.0,1,beta,0.0
alpha_neg,66,0.8292392458601038,0.09589645298990186,0.061731351482349664,0,0.0,1,0.8108536590696493,0.03927223664211697,0.06817780350575203,0,0.1,1,0.9115045911323655,0.02301134344280618,0.05230462048227512,0,0.0,1,alpha_pos,0.0
alpha_neg,67,0.8286886220645766,0.0676796978300237,0.0673757365117204,0,0.0,1,0.8127198620487562,0.1185398400449918,0.06664432785907522,0,0.1,1,0.9401277791059487,0.08878730670363043,0.053587559774760075,0,0.0,1,alpha_neg,1.0
alpha_neg,68,0.7206751427421243,0.014754880744622651,0.04367984295035098,0,0.0,1,0.81439822908957,0.17415898107775213,0.07329499168134296,1,0.1,1,0.9426530332150397,0.042932949739360876,0.047208064344865325,0,0.0,1,alpha_neg,1.0
alpha_neg,69,0.7909892351527623,0.06395749409442528,0.07331962453014233,0,0.0,1,0.7996336074369028,0.014776157333341951,0.06641050146159437,0,0.1,1,0.9465148545212355,-0.07301406648666108,0.05481091029768104,0,0.0,1,beta,0.0
alpha_neg,70,0.7280929265461381,0.11580959891044311,0.05694880168262508,1,0.0,0,0.8219771327108824,0.08547624815525118,0.0696721316717467,0,0.1,1,0.9159599376767835,0.029339457699840664,0.04854234039031546,0,0.0,1,alpha_pos,0.0
alpha_neg,71,0.7962398767528815,0.13346161923252756,0.06978999186216017,0,0.0,1,0.805202898021581,0.10109632987736081,0.06879014902642952,0,0.1,1,0.9282329816965605,0.046604360556789105,0.05060681868359354,0,0.0,1,alpha_pos,0.0
alpha_neg,72,0.754145830158697,0.026207511986695724,0.06545789576471918,0,0.0,1,0.8000646427692596,0.1632286941179218,0.05038048107788907,1,0.1,1,0.9565751550405254,-0.04654017777273937,0.05805569753261888,0,0.0,1,alpha_neg,1.0
alpha_neg,73,0.8232694263465642,-0.05319664387996817,0.05121530955761978,0,0.0,1,0.7178382454237471,0.059036367706128426,0.0597066183318398,0,0.1,1,0.9359986099038836,-0.03181867320257589,0.0494031308826977,0,0.0,1,alpha_neg,1.0
alpha_neg,74,0.7780560115256265,0.10551273032121622,0.05396637323159391,0,0.0,1,0.8701433917669407,0.20861054003876423,0.060660541529864956,1,0.1,1,0.9185263151430375,-0.008116419392490009,0.06203470118220347,0,0.0,1,alpha_neg,1.0
alpha_neg,75,0.8532569779717466,0.023829887531616453,0.05961884465259018,0,0.0,1,0.7975395960208639,0.011344147648320214,0.061203956839695796,0,0.1,1,0.9217126167050067,0.04257559083110585,0.04701927554743574,0,0.0,1,beta,0.0
alpha_neg,76,0.8117081350587858,-0.007523899078249631,0.06674106461317345,0,0.0,1,0.6641379100671005,-0.08264223478444273,0.06386723100517842,0,0.1,0,0.9241322528139184,-0.01337905608445553,0.04242377594632724,0,0.0,1,alpha_neg,1.0
alpha_neg,77,0.6908452606025859,0.047681161642306936,0.05480462950115221,0,0.0,1,0.8279332629294098,0.1062582659438836,0.06737869439444824,0,0.1,1,0.920764999941843,0.008666140942857333,0.049777497114874086,0,0.0,1,alpha_neg,1.0
alpha_neg,78,0.7848642132455063,0.20198916049917479,0.058554739162862746,1,0.0,0,0.7823631152051955,-0.03939967234606731,0.058588780244810304,0,0.1,0,0.959543341168096,-0.06685667836884976,0.061254658918981075,0,0.0,1,alpha_pos,0.0
alpha_neg,79,0.7472841734982716,-0.015851057918613746,0.04504211679058561,0,0.0,1,0.8045741352600682,0.13996455899162114,0.07120491715378893,1,0.1,1,0.8864716621965212,0.020498155583054223,0.05370924615221138,0,0.0,1,alpha_neg,1.0
alpha_neg,80,0.779853593399413,0.07906211557311671,0.06245155908882333,0,0.0,1,0.8166550889436546,0.13088306954509324,0.06382063132878615,1,0.1,1,0.9058094905215848,-0.026967091066891706,0.0427938476966477,0,0.0,1,alpha_neg,1.0
alpha_neg,81,0.7834295644230187,0.015857603967334672,0.06348315041269574,0,0.0,1,0.7372349612596815,0.09468539590970898,0.05254624350422357,0,0.1,1,0.9356862153984167,0.006168290082334936,0.05110708179913775,0,0.0,1,alpha_neg,1.0
alpha_neg,82,0.7857458022183238,-0.06759409747585136,0.07395496546962757,0,0.0,1,0.813235131353143,-0.024117035821519806,0.06715664420768075,0,0.1,1,0.9197914810252564,-0.03423897506394756,0.04519798018506377,0,0.0,1,alpha_pos,0.0
alpha_neg,83,0.8296550965002564,-0.09274846179319778,0.0546248130147626,0,0.0,1,0.7806028599360951,0.03651577499651672,0.0725306662633999,0,0.1,1,0.9518500398485187,0.05575478005718719,0.05757354244611464,0,0.0,1,alpha_pos,0.0
alpha_neg,84,0.7128737869073709,-0.02308222914911752,0.055073328172375306,0,0.0,1,0.7913117846395978,0.05632114117105237,0.07679021553632276,0,0.1,1,0.959166138981112,-0.06428358781700608,0.060664404863288515,0,0.0,1,beta,0.0
alpha_neg,85,0.7477151121416491,0.05658561548962158,0.05864337741354147,0,0.0,1,0.8049501062898847,0.08435166119957062,0.07078417992909457,0,0.1,1,0.9322016714721483,0.05060696886063798,0.04608856740212449,0,0.0,1,alpha_neg,1.0
alpha_neg,86,0.7804337320036735,-0.10945671151871726,0.06537203095634014,0,0.0,1,0.697590529929833,-0.0006908389022792272,0.06033986583469967,0,0.1,1,0.929606450677149,0.055372017231499024,0.050539605743610834,0,0.0,1,alpha_pos,0.0
alpha_neg,87,0.8454063322887791,-0.11346910496947442,0.06454499139115784,0,0.0,1,0.8135287788440787,0.05877501603265561,0.07026849023803576,0,0.1,1,0.9382796704063602,0.10996192514875469,0.04440663035968727,1,0.0,0,alpha_pos,0.0
alpha_neg,88,0.772982200084788,0.052660683812868654,0.06664006898435887,0,0.0,1,0.8482887857983472,0.3389703392964647,0.05595775621522339,1,0.1,0,0.9257741115483433,-0.02645659132989814,0.04582266873354604,0,0.0,1,alpha_neg,1.0
alpha_neg,89,0.8087881187584146,0.07025750777931747,0.06697939286975862,0,0.0,1,0.8727735954007326,0.08757334353035014,0.08384613919654352,0,0.1,1,0.9171006869785259,-0.04735436148761279,0.04912448966253216,0,0.0,1,alpha_neg,1.0
alpha_neg,90,0.7483085456771794,0.044946334377136736,0.07157467702223567,0,0.0,1,0.6674599278611557,0.06790516571249644,0.059167491596723604,0,0.1,1,0.9492331565331169,0.022878425314795794,0.05425434525512612,0,0.0,1,alpha_neg,1.0
alpha_neg,91,0.7032584529884419,-0.06497964018657632,0.060846981254986304,0,0.0,1,0.852735676892742,0.1506946179895781,0.07115370350903003,1,0.1,1,0.941348035400715,-0.05372877279495807,0.057228133206884954,0,0.0,1,alpha_neg,1.0
alpha_neg,92,0.7822948773025667,0.0775879107523871,0.05868674124173394,0,0.0,1,0.8236499152041388,0.22047247478756274,0.06042547881972806,1,0.1,0,0.9208040115961794,0.009264561104462636,0.05207810074707462,0,0.0,1,alpha_neg,1.0
alpha_neg,93,0.821918969835897,0.019846033850772455,0.0699459123222382,0,0.0,1,0.8072747179136849,0.11316158249951819,0.06518426872923506,0,0.1,1,0.9427511151395462,-0.059058908897863534,0.046450818386264574,0,0.0,1,alpha_neg,1.0
alpha_neg,94,0.8220156796096486,0.0279239793832707,0.06650650478960213,0,0.0,1,0.8379913561284843,0.021229400222284898,0.06428021089270941,0,0.1,1,0.956478268068653,-0.02141610742579734,0.04737634760143146,0,0.0,1,alpha_pos,0.0
alpha_neg,95,0.7839120405642057,0.14015700831792918,0.07307010901293014,0,0.0,1,0.8283696366037243,0.13933932417388173,0.06667687546560817,1,0.1,1,0.9109239884335517,0.021497132675135946,0.05400297577004588,0,0.0,1,alpha_pos,0.0
alpha_neg,96,0.7018549608088448,-0.06356369005413186,0.047830224471744,0,0.0,1,0.797699002083565,0.18897659938338868,0.060161995491612406,1,0.1,1,0.9365444452448618,0.022162958963429867,0.050038906999511225,0,0.0,1,alpha_neg,1.0
alpha_neg,97,0.7938143293975921,-0.08847350284981631,0.06964189461673859,0,0.0,1,0.8113853017865346,0.0881857736611862,0.07440492472874924,0,0.1,1,0.9536759303596903,-0.13278034398670766,0.04753299546649834,1,0.0,0,beta,0.0
alpha_neg,98,0.7479349820490593,-0.20993927408958135,0.05882686032503707,1,0.0,0,0.7700296000664412,0.11851135712350208,0.05899209147876356,1,0.1,1,0.9577687482213858,0.15393644883557275,0.05462570889247298,1,0.0,0,alpha_pos,0.0
alpha_neg,99,0.7609153694636971,0.07378577387169007,0.06034217741270895,0,0.0,1,0.7922331278384374,0.21743662310297127,0.06988535149871414,1,0.1,1,0.9430821736900201,-0.019538345058770775,0.050554007056288076,0,0.0,1,alpha_neg,1.0
alpha_neg,100,0.6767481289074752,0.07505116059119661,0.05391088006426454,0,0.0,1,0.7366015553123108,0.047356273303899,0.055500614308900235,0,0.1,1,0.9343371885393067,0.04687819408822183,0.050531630902104545,0,0.0,1,alpha_pos,0.0
alpha_neg,101,0.6585992782334348,0.08938896741220267,0.06055943192688067,0,0.0,1,0.8521544127886743,0.12503619133805052,0.07206417030962874,0,0.1,1,0.9455386982472134,0.01737861749245888,0.05680672939940144,0,0.0,1,alpha_neg,1.0
alpha_neg,102,0.807448763101117,0.01685398789103512,0.06813736307343418,0,0.0,1,0.8141453802613073,0.24386076343933533,0.06791410139858932,1,0.1,0,0.9231608827515781,0.058799093841645125,0.04687512184733207,0,0.0,1,alpha_neg,1.0
alpha_neg,103,0.755166500692655,0.06797691863737076,0.06311514442093621,0,0.0,1,0.7893888228518199,0.028005108046190292,0.05652103875231447,0,0.1,1,0.9217985525919067,0.020616750006873692,0.054340495815452486,0,0.0,1,alpha_pos,0.0
alpha_neg,104,0.8526827189444238,0.08175985160055832,0.06370309309926665,0,0.0,1,0.8597133112786292,0.08583992266792166,0.06859042180667128,0,0.1,1,0.9232380994403694,0.01345653955670841,0.04993429214618805,0,0.0,1,alpha_neg,1.0
alpha_neg,105,0.7314200051849414,0.02195895208450112,0.050231644019508075,0,0.0,1,0.7675300791819845,0.1629017738284,0.0634824171168568,1,0.1,1,0.9070537037895537,0.06271352143143223,0.05471718221658558,0,0.0,1,alpha_neg,1.0
alpha_neg,106,0.8565613347164129,0.0681633048709638,0.053671213782691206,0,0.0,1,0.8895582443650305,0.11440187308624296,0.0684771566719521,0,0.1,1,0.9235338302169686,-0.017086113826889127,0.0498879265246467,0,0.0,1,alpha_neg,1.0
alpha_neg,107,0.7671975151858442,-0.05775919956868054,0.057965908722000796,0,0.0,1,0.8570042395165073,-0.15087136283607958,0.06362910041287057,1,0.1,0,0.9205937941697894,0.02273306510539809,0.0481838700669093,0,0.0,1,alpha_neg,1.0
alpha_neg,108,0.8422455441255475,0.023773470245127954,0.07139292454592429,0,0.0,1,0.7401363739551451,0.14169382209252665,0.06643454949790172,1,0.1,1,0.9371494371668412,-0.08345459567384386,0.056651372062317816,0,0.0,1,alpha_neg,1.0
alpha_neg,109,0.8589879791302765,-0.1376710577888721,0.06305714877139332,1,0.0,0,0.7768914268834204,0.08198657482450707,0.05948122770076189,0,0.1,1,0.9265425066107049,0.05162474013876769,0.05627464850000757,0,0.0,1,alpha_pos,0.0
alpha_neg,110,0.7988098856730227,0.06173169378981236,0.061197981884530954,0,0.0,1,0.7313357796814929,0.04965123942393502,0.04694461649654977,0,0.1,1,0.9242989818979549,-0.019540866089002865,0.05082583420009834,0,0.0,1,alpha_pos,0.0
alpha_neg,111,0.7628482981787403,-0.04943536254427227,0.06176358948527537,0,0.0,1,0.7708513689370068,0.20032436719244054,0.059993422626955235,1,0.1,1,0.9375779955776431,-0.05324272490847131,0.0518412421698333,0,0.0,1,alpha_neg,1.0
alpha_neg,112,0.8347678348212273,0.00919390346237951,0.07143914575724679,0,0.0,1,0.8246313648912801,0.0501185081320365,0.0584733508417005,0,0.1,1,0.9356566762438511,0.04064825888936006,0.04811559644055282,0,0.0,1,alpha_neg,1.0
alpha_neg,113,0.8076407656174901,0.16754124928907851,0.05815227847209102,1,0.0,0,0.7728205866284542,0.04288479037928313,0.07591407659709169,0,0.1,1,0.9505477892529841,0.07971689475238285,0.05912903175786146,0,0.0,1,alpha_pos,0.0
alpha_neg,114,0.8191940221398974,0.0995327155030967,0.05726615616793928,0,0.0,1,0.7660203235819055,0.0495467352731277,0.051725342054089136,0,0.1,1,0.9573740921555134,-0.025366984004767317,0.05720210843091922,0,0.0,1,alpha_pos,0.0
alpha_neg,115,0.8023515978809864,-0.02633554519223626,0.07642743065673117,0,0.0,1,0.8237857880000417,1.9561993455939906e-05,0.06510758987807527,0,0.1,1,0.9411917379880652,-0.03480914768902737,0.05331556362894079,0,0.0,1,beta,0.0
alpha_neg,116,0.8555986602937395,0.11939502609911339,0.07447131765184639,0,0.0,1,0.8889778761710321,0.2602971748037033,0.0720139645900019,1,0.1,0,0.9099889441885879,-0.03586687920777999,0.04690467654460047,0,0.0,1,alpha_neg,1.0
alpha_neg,117,0.8744201608588542,0.07111431775061824,0.06905150786104118,0,0.0,1,0.84299758037223,0.06653945090125668,0.07270541292016319,0,0.1,1,0.9208846889779196,0.017795897244240702,0.05918314409751688,0,0.0,1,alpha_pos,0.0
alpha_neg,118,0.79153127111179,-0.04634176669664939,0.05647038336021019,0,0.0,1,0.7801593620996643,0.02743921053083385,0.06721791974227763,0,0.1,1,0.9512844336111713,0.09866792123534764,0.058818430415251075,0,0.0,1,beta,0.0
alpha_neg,119,-0.001739771598773228,2.0541543151291597e-17,1.2166747166641612e-09,0,0.0,1,0.7862808750840041,0.21288738498000698,0.07384213627951673,1,0.1,1,0.916814481858589,-0.05760991605604998,0.049782516032821314,0,0.0,1,alpha_neg,1.0
alpha_neg,120,0.8251029187590289,-0.05692692696592712,0.06499664969044272,0,0.0,1,0.7838091384058129,0.12292473993722583,0.06260536665563672,1,0.1,1,0.9643591131763112,0.02337403659262202,0.06060238763631822,0,0.0,1,alpha_neg,1.0
alpha_neg,121,0.6784271479240052,-0.2118439683445194,0.06015060509221216,1,0.0,0,0.705483349849942,0.05006349645843194,0.052016945562702796,0,0.1,1,0.9508007672108117,0.027778857403007683,0.05801792437980963,0,0.0,1,alpha_pos,0.0
alpha_neg,122,0.7675969929036458,-0.0027433459703961544,0.06180663007262325,0,0.0,1,0.889347068002127,0.04011883386475392,0.083756972300372,0,0.1,1,0.9019520309582071,0.03920435493838875,0.04433129378875258,0,0.0,1,alpha_neg,1.0
alpha_neg,123,0.8258339933595906,0.002633688645503495,0.06761634924325717,0,0.0,1,0.8015437371835793,0.14331369659127913,0.05532711131306255,1,0.1,1,0.9200968542837497,-0.03447879819181598,0.049629437340368086,0,0.0,1,alpha_neg,1.0
alpha_neg,124,0.7344902631217703,-0.07307964327012971,0.05413130130428208,0,0.0,1,0.8412992881330423,0.16182369447827413,0.06840757471945218,1,0.1,1,0.9417271152718981,-0.0972840226717473,0.04773144491304929,1,0.0,0,alpha_neg,1.0
alpha_neg,125,0.807384176766592,-0.024058526522898627,0.06620031601800194,0,0.0,1,0.8582041543165007,0.12327735704291909,0.07860517993277144,0,0.1,1,0.8733259519911446,-0.024624768293432086,0.050216456436637365,0,0.0,1,alpha_neg,1.0
alpha_neg,126,0.8090209933620441,0.00646076568645019,0.06723407551977224,0,0.0,1,0.7915713544471957,0.15679163018793282,0.05448645342443055,1,0.1,1,0.9372809762035229,-0.11021487005428383,0.053511453282706484,1,0.0,0,alpha_neg,1.0
alpha_neg,127,0.6896691093413201,-0.017747090365101227,0.059668006252857744,0,0.0,1,0.8187147613737524,0.20154135275633064,0.06399553248712442,1,0.1,1,0.9281902370600849,-0.044620294158326426,0.053110893787545355,0,0.0,1,alpha_neg,1.0
alpha_neg,128,0.804297809615131,0.0075237793518386975,0.05806379052359032,0,0.0,1,0.8342142206763199,0.026167340156916408,0.05765349025444526,0,0.1,1,0.9468811564715879,0.02500523745188638,0.05521841589538924,0,0.0,1,alpha_neg,1.0
alpha_neg,129,0.8119715206750453,-0.0709338299024126,0.059532982094688075,0,0.0,1,0.8017711752836164,0.04952429618572033,0.05626778672392397,0,0.1,1,0.9321703075707534,0.049541841311656364,0.052603861991677145,0,0.0,1,alpha_pos,0.0
alpha_neg,130,0.7406380446281621,0.2022825035606289,0.05012762608237885,1,0.0,0,0.8663501217916136,0.13725206266949724,0.06207716052248409,1,0.1,1,0.9407537271898686,0.01916620833516884,0.053232124529348876,0,0.0,1,alpha_pos,0.0
alpha_neg,131,0.6769855008650686,-0.19374349659733786,0.06944712202957862,1,0.0,0,0.6784647100519817,0.03599636416387075,0.05697595635700362,0,0.1,1,0.911427899712463,-0.032647668726883114,0.053314042562367804,0,0.0,1,alpha_pos,0.0
alpha_neg,132,0.6976458005105558,-0.07607735232813223,0.06926704526686514,0,0.0,1,0.8285442513090667,0.08700327404657074,0.0731495883306709,0,0.1,1,0.9238189644299668,-0.03239089069750211,0.051064077632149,0,0.0,1,alpha_neg,1.0
alpha_neg,133,0.8082829678835687,0.0027180540537106623,0.053320802374493416,0,0.0,1,0.7327053699849011,-0.01771469358745591,0.05167169574482742,0,0.1,0,0.9516366397833381,-0.0688302184670219,0.0444057376738876,0,0.0,1,beta,0.0
alpha_neg,134,0.71354290695224,-0.000323910882748036,0.06642581601738107,0,0.0,1,0.7872992489464335,0.17309763691126168,0.06567751280996674,1,0.1,1,0.9300730024102299,0.0005982130753726686,0.05390870120503393,0,0.0,1,alpha_neg,1.0
alpha_neg,135,0.8538610092142909,0.06824065357894903,0.06883962067498306,0,0.0,1,0.7997020902044241,0.05783868182602386,0.05741222009172532,0,0.1,1,0.9520002520083276,0.020311286807450018,0.04631960626088583,0,0.0,1,alpha_pos,0.0
alpha_neg,136,0.7471652039810975,0.009384954928031007,0.051975498596441884,0,0.0,1,0.8591181715053889,0.18564399862759548,0.07273398638039136,1,0.1,1,0.9532757570049339,-0.025413923072730583,0.05900589441381162,0,0.0,1,alpha_neg,1.0
alpha_neg,137,0.7926388136795145,-0.10927259857267077,0.06104481831669547,0,0.0,1,0.771506080970205,0.11864630356802552,0.07471506129115281,0,0.1,1,0.9497218842489933,0.06778580152397247,0.05447189843161332,0,0.0,1,alpha_neg,1.0
alpha_neg,138,0.7421768649090181,-0.14079581720837303,0.06531674179781957,1,0.0,0,0.812700411921133,0.08301717539902201,0.045414053702368624,0,0.1,1,0.9283481752105164,-0.03833466707765351,0.060862861896000396,0,0.0,1,alpha_pos,0.0
alpha_neg,139,0.8529819368799278,-0.0006097515967091536,0.07163553578071191,0,0.0,1,0.8868130402413732,0.1098988305533224,0.07069486194881314,0,0.1,1,0.9423101402051939,0.041918195179842924,0.044019055082682654,0,0.0,1,alpha_neg,1.0
alpha_neg,140,0.8011942753569192,0.044271133252657566,0.05748007327993971,0,0.0,1,0.8189532034989291,0.074874487413183,0.07495174828355468,0,0.1,1,0.9233108305777842,-0.044248341538207475,0.05249190419945703,0,0.0,1,alpha_neg,1.0
alpha_neg,141,0.7874051619139231,-0.03528789144819146,0.06467758035254748,0,0.0,1,0.8528040766057975,0.048120556771300664,0.06824255711305643,0,0.1,1,0.9139029687929212,0.0176767850912925,0.05082819290415393,0,0.0,1,alpha_neg,1.0
alpha_neg,142,0.8077085055059716,-0.128149268076568,0.06852756533597575,0,0.0,1,0.7540479476847293,-0.0546331095846708,0.06448318246506907,0,0.1,0,0.9239166310652309,0.007279114664205627,0.04741986618931094,0,0.0,1,alpha_pos,0.0
alpha_neg,143,0.7698681377526532,-0.048775220515550416,0.05280471765224946,0,0.0,1,0.8145849448099886,0.048720387422297076,0.060169653299446076,0,0.1,1,0.9149402818956636,-0.010144779993813894,0.052467691870949,0,0.0,1,alpha_pos,0.0
alpha_neg,144,0.821649456124837,-0.03263592268524441,0.06248449283606474,0,0.0,1,0.8594363945101205,0.09808038506054281,0.07731658897171058,0,0.1,1,0.940180243682242,0.004935301622735282,0.045735231303791465,0,0.0,1,alpha_neg,1.0
alpha_neg,145,0.8132998092189535,0.00980586027192357,0.06845717011178283,0,0.0,1,0.7283738830739873,0.10812790686793526,0.06540200858675939,0,0.1,1,0.9401817862526028,0.024041102578768788,0.04678420340414137,0,0.0,1,alpha_neg,1.0
alpha_neg,146,0.7423914296255928,0.08149353234617429,0.0684148716445865,0,0.0,1,0.7306399541128433,0.17201728976452457,0.06734080677469456,1,0.1,1,0.9122571599427088,0.09054835462915158,0.04631703129872495,0,0.0,1,alpha_neg,1.0
alpha_neg,147,0.7492096029271679,-0.0039664942915640785,0.06220820965570859,0,0.0,1,0.7621670646910205,0.1567591600416255,0.05239639105581961,1,0.1,1,0.9210940462447818,-0.03418696444294619,0.05551523323726168,0,0.0,1,alpha_neg,1.0
alpha_neg,148,0.7960180844896588,0.015101989390562351,0.09210457769862364,0,0.0,1,0.8155437137926397,0.11856822549777866,0.06722555050164213,0,0.1,1,0.93283737878101,-0.012191564148692826,0.058676275287346806,0,0.0,1,alpha_neg,1.0
alpha_neg,149,0.8043369770172843,0.016638005826538117,0.07691922337247108,0,0.0,1,0.7830929957298527,0.08874391480169463,0.05675934396090615,0,0.1,1,0.9215821035605127,0.04629317069925989,0.05161564916264678,0,0.0,1,alpha_neg,1.0
alpha_neg,150,0.7669019802181113,-0.031137730105137432,0.04566999014019902,0,0.0,1,0.7829721979810595,0.17930762951361914,0.06835471198981918,1,0.1,1,0.8989090998884991,0.02923384360005162,0.047628425014741634,0,0.0,1,alpha_neg,1.0
alpha_neg,151,0.8212847575478481,-0.02250401245115833,0.06202622077887622,0,0.0,1,0.7274836414327084,0.05351407234418418,0.06176124134238274,0,0.1,1,0.9066277949529487,-0.010726758489198272,0.04031251869787057,0,0.0,1,alpha_neg,1.0
alpha_neg,152,0.8478426149916857,0.07678983704810095,0.06655083953791924,0,0.0,1,0.8005502425329458,0.16791694532956553,0.058247902661708886,1,0.1,1,0.9227701449739225,0.028576898027165374,0.05224985264874686,0,0.0,1,alpha_neg,1.0
alpha_neg,153,0.8484936268179513,-0.08006021761503086,0.06517686401702198,0,0.0,1,0.7622803164345586,0.10593977599028387,0.06430451843488164,0,0.1,1,0.9337748374156728,0.07751846200600811,0.04084441792139538,0,0.0,1,alpha_neg,1.0
alpha_neg,154,0.8046724615949835,-0.022063040658277293,0.06496431396250646,0,0.0,1,0.775305449095469,0.10091059023710837,0.059819661799156806,0,0.1,1,0.9178068411646244,0.008391567958263289,0.052403896325045746,0,0.0,1,alpha_neg,1.0
alpha_neg,155,0.708483078839747,-0.08741684546148784,0.06584249869741694,0,0.0,1,0.7932390460569547,0.08780513076295335,0.06097852906752175,0,0.1,1,0.929945018673807,-0.1192174974405562,0.05056226080357668,1,0.0,0,beta,0.0
alpha_neg,156,0.7887758847175287,-0.039120491603172027,0.06646011287266307,0,0.0,1,0.8114827258519863,0.03697620632309401,0.06549380916161276,0,0.1,1,0.9200428119191139,0.05665506618509651,0.05341665799503448,0,0.0,1,beta,0.0
alpha_neg,157,0.7991842684489902,0.01758725626041601,0.0549196034472976,0,0.0,1,0.8403036592118617,0.13763370423920077,0.061173058175239235,1,0.1,1,0.9418007596494412,-0.0009618049348277024,0.054770361625711556,0,0.0,1,alpha_neg,1.0
alpha_neg,158,0.8492895478343946,-0.04172393502248549,0.06873114506997384,0,0.0,1,0.8194388086509529,0.057780382133601496,0.06741351232709519,0,0.1,1,0.926484111441162,0.029901719608515898,0.05333268748372917,0,0.0,1,alpha_neg,1.0
alpha_neg,159,0.8316562013501173,0.10155729425420487,0.06273549709432498,0,0.0,1,0.8331598800164465,0.1328186077127495,0.06890148143737908,0,0.1,1,0.9566307955169295,0.10441618385662878,0.053505677928473085,0,0.0,1,alpha_neg,1.0
alpha_neg,160,0.8182294293393697,0.03875400383003853,0.061651751905783474,0,0.0,1,0.7935735007909934,0.07382655339546894,0.06808783580524097,0,0.1,1,0.9433326221821943,-0.1346403011537267,0.04385899099823661,1,0.0,0,beta,0.0
alpha_neg,161,0.8565017734351716,-0.062559460808222,0.05832144798958273,0,0.0,1,0.7879843895708741,0.045524518847273876,0.06674431928500459,0,0.1,1,0.9495542707818205,-0.08670488820746287,0.050230758933431055,0,0.0,1,beta,0.0
alpha_neg,162,0.8401025598373777,0.022022687898705512,0.07414235441390239,0,0.0,1,0.7992693514714323,0.03264513625020657,0.06073276192973573,0,0.1,1,0.9232225254539689,0.07472536532578074,0.05393342230012303,0,0.0,1,beta,0.0
alpha_neg,163,0.7710699875205279,-0.10706736574454176,0.06722125260491255,0,0.0,1,0.7130234250659648,0.07962844338237145,0.06707290241061743,0,0.1,1,0.941741016969159,0.01074938364858464,0.05302085134538153,0,0.0,1,alpha_pos,0.0
alpha_neg,164,0.7989650535109023,-0.003424005253582547,0.08144112308167302,0,0.0,1,0.7689655302281956,0.026546046818915172,0.057279531495497416,0,0.1,1,0.9280170414208891,0.05247863638722068,0.04585789533881794,0,0.0,1,beta,0.0
alpha_neg,165,0.8186347473569575,0.04218502522653905,0.06141163323129266,0,0.0,1,0.7941253702818057,0.15758776800766724,0.07332858579195953,1,0.1,1,0.9583781073457183,-0.012012100735489478,0.061813866264453524,0,0.0,1,alpha_neg,1.0
alpha_neg,166,0.7847567389200945,-0.040587901040826754,0.05034247627022093,0,0.0,1,0.8549819259131377,0.21853146667866005,0.058771823143887125,1,0.1,0,0.9545150016953757,0.011921920848231527,0.052615918262424184,0,0.0,1,alpha_neg,1.0
alpha_neg,167,0.7714687445149759,-0.048197663910094786,0.0618970852941628,0,0.0,1,0.8172872639687374,0.05641121526959195,0.07036506639841111,0,0.1,1,0.9352634051494174,-0.01457802973745766,0.0554268123407206,0,0.0,1,alpha_neg,1.0
alpha_neg,168,0.8436950602156484,-0.002537830184574749,0.07397055120925171,0,0.0,1,0.8183351504558407,0.11870666840344231,0.059268262477987534,1,0.1,1,0.9175333716508673,0.028341145751606577,0.0491076893596068,0,0.0,1,alpha_neg,1.0
alpha_neg,169,0.7473798096233322,-0.08378280120267008,0.07075785896649837,0,0.0,1,0.8309639570044065,0.1619782359937174,0.06699491844711772,1,0.1,1,0.9382607773698625,0.07290152035358016,0.05513472076960472,0,0.0,1,alpha_neg,1.0
alpha_neg,170,0.8156601129822668,-0.075217827829668,0.061135319993644695,0,0.0,1,0.7951335762557641,-0.03343623100613429,0.0595950973463636,0,0.1,0,0.9280276693455565,0.061244331026051695,0.040016910381666916,0,0.0,1,alpha_pos,0.0
alpha_neg,171,0.7655487342094406,0.04731234615740523,0.06230163420215949,0,0.0,1,0.8285023052382733,0.049975023653768366,0.06492770920863071,0,0.1,1,0.9277459989530473,0.06305415733157543,0.048915204805395796,0,0.0,1,beta,0.0
alpha_neg,172,0.7191980181595349,-0.14505352514407072,0.04617183897809835,1,0.0,0,0.8002083341900399,0.14331325274686124,0.06386161557116231,1,0.1,1,0.9215069612876792,-0.04875537543430225,0.05880490662947874,0,0.0,1,alpha_pos,0.0
alpha_neg,173,0.8574473761692212,0.015057988534746788,0.07589888900526527,0,0.0,1,0.7567602560884382,0.0731198714262257,0.06629909463036363,0,0.1,1,0.9341828267708973,0.05914859791236034,0.04987168086913212,0,0.0,1,alpha_neg,1.0
alpha_neg,174,0.6576150005903708,-0.0040128641250935645,0.044923474474622076,0,0.0,1,0.834554721486529,0.0916713861365186,0.07146441479744452,0,0.1,1,0.9347114896581304,0.05691095860827845,0.05436740818341313,0,0.0,1,alpha_neg,1.0
alpha_neg,175,0.797447852539542,0.01397674892272579,0.06013890131999088,0,0.0,1,0.6320191433916196,0.10252125352640779,0.05670653569886597,0,0.1,1,0.9342524686666418,-0.04589638492762301,0.048893313819214065,0,0.0,1,alpha_neg,1.0
alpha_neg,176,0.8628660708260386,-0.02515002460542751,0.061761322754884024,0,0.0,1,0.8218392243826722,0.0635181442734211,0.06465674279990505,0,0.1,1,0.8977494984130613,0.04887209668923829,0.05215748160051203,0,0.0,1,alpha_neg,1.0
alpha_neg,177,0.7430004795092369,0.023398280709478615,0.06379689736741702,0,0.0,1,0.7971668729256421,0.00339981245651128,0.05850095785801211,0,0.1,1,0.9333699307414817,-0.048865596278713265,0.056147990792499845,0,0.0,1,beta,0.0
alpha_neg,178,0.7164265734052118,0.10239439350598631,0.04553178289773019,1,0.0,0,0.736221911029354,0.11614760444292942,0.05244036095977335,1,0.1,1,0.9173499729408447,-0.012691358193053089,0.05685552176768544,0,0.0,1,alpha_neg,1.0
alpha_neg,179,0.8135764192102125,0.08247407873677473,0.06855344741468951,0,0.0,1,0.8760774629925675,0.23746839594183816,0.07721006143416177,1,0.1,1,0.9209595683108637,0.05464349201539223,0.04453166704829676,0,0.0,1,alpha_neg,1.0
alpha_neg,180,0.8268932384034328,0.02539468775506866,0.0773470443358118,0,0.0,1,0.8227730342349527,0.023381541462225076,0.07706272580337184,0,0.1,1,0.9300074328849104,0.0351696711020166,0.04457335668675654,0,0.0,1,beta,0.0
alpha_neg,181,0.7448146425200772,-0.07919133511112059,0.06472684366882195,0,0.0,1,0.8171137747566493,0.20436483974063,0.06408668987107154,1,0.1,1,0.9501122676371557,-0.09246368419306628,0.05489551176846788,0,0.0,1,alpha_neg,1.0
alpha_neg,182,0.8172462551892214,0.03163701350815063,0.0754115031219288,0,0.0,1,0.7663630510741435,0.11256048010944461,0.06872499053590476,0,0.1,1,0.9310763673622715,0.051430518179630624,0.04626353129655904,0,0.0,1,alpha_neg,1.0
alpha_neg,183,0.6155094217263998,0.09067424449751364,0.04571116204825078,1,0.0,0,0.8251581476701287,0.07364754418617173,0.07220971086957302,0,0.1,1,0.9348222349199549,-0.03178995867773968,0.047473734811605786,0,0.0,1,alpha_pos,0.0
alpha_neg,184,0.7974314169393899,-0.07530805087816715,0.06788838248306651,0,0.0,1,0.8216797314469253,-0.07735405008991436,0.06993450227754443,0,0.1,0,0.9385888936771173,0.12653977318997675,0.04760198862538477,1,0.0,0,beta,0.0
alpha_neg,185,0.7832959656930888,-0.015807805411223917,0.06297079602409758,0,0.0,1,0.7560031397521038,0.04246756135463961,0.073167144814196,0,0.1,1,0.9374494203920561,-0.018596273559407663,0.05290738144240158,0,0.0,1,alpha_neg,1.0
alpha_neg,186,0.8462081829719096,-0.04715990912790771,0.060770729500608606,0,0.0,1,0.8048692398984891,0.1451503725655366,0.05596587700841773,1,0.1,1,0.9115890099015522,0.009687180723152474,0.046840707509072946,0,0.0,1,alpha_neg,1.0
alpha_neg,187,0.7981866198061242,0.044923682348547225,0.07654939822789207,0,0.0,1,0.8730877733802765,0.10681325449456985,0.060052656585941805,0,0.1,1,0.9224596109994104,0.0504728422260657,0.05328645186766543,0,0.0,1,alpha_neg,1.0
alpha_neg,188,0.7921094509098987,-0.11926557927512332,0.07041707600456613,0,0.0,1,0.77193570028796,0.000966608491725966,0.0669437411897513,0,0.1,1,0.9358853740939915,0.033535361564549435,0.048775403009153964,0,0.0,1,alpha_pos,0.0
alpha_neg,189,0.764813383629318,0.021251387753366827,0.057356889501055955,0,0.0,1,0.8143407607307996,-0.01326110441600851,0.06061110297415919,0,0.1,1,0.9487410847850666,-0.020331866804246944,0.053607681376124434,0,0.0,1,alpha_pos,0.0
alpha_neg,190,0.7056139570983735,-0.0568658680882762,0.052377488490995085,0,0.0,1,0.7775338328568874,0.008172268669391379,0.06012386235211024,0,0.1,1,0.9296982613538831,0.09827979317398992,0.042128731377087864,1,0.0,0,beta,0.0
alpha_neg,191,0.8231277842775787,0.06147547012624751,0.06548214019848085,0,0.0,1,0.8149836874815599,0.1430284311294705,0.06843825174391899,1,0.1,1,0.9542753813728181,0.10610750545824044,0.05017027832645952,1,0.0,0,alpha_neg,1.0
alpha_neg,192,0.8678384481272404,-0.05947243971939072,0.08386201346353617,0,0.0,1,0.809731031456875,-0.07232792106922131,0.04513208211301596,0,0.1,0,0.9311304745323061,0.029747018553696932,0.05319544725922501,0,0.0,1,alpha_neg,1.0
alpha_neg,193,0.7777063754173457,-0.09541527139611822,0.06357686993375002,0,0.0,1,0.8151041629151609,0.10125036620344854,0.06490263555500012,0,0.1,1,0.9472170638877823,0.0963458952173007,0.04687986003865051,1,0.0,0,alpha_neg,1.0
alpha_neg,194,0.7780129885793539,-0.08125045280554577,0.04201800574114134,0,0.0,1,0.6981997143937364,0.10349280751039337,0.05333552139337935,0,0.1,1,0.9520167289976394,0.0023495629952149056,0.04958530814479512,0,0.0,1,alpha_neg,1.0
alpha_neg,195,0.7978933582461644,0.021320286410833156,0.058125586487905896,0,0.0,1,0.7634849445152075,0.10078258613656103,0.07061620449663579,0,0.1,1,0.9407412436623769,-0.05755649790489966,0.05493307075719889,0,0.0,1,alpha_neg,1.0
alpha_neg,196,0.8413808395384961,-0.028444035256799546,0.07331919020475805,0,0.0,1,0.8074904301288669,-0.009135259497815526,0.06595423277229591,0,0.1,1,0.9579732747235616,0.10720211348085514,0.052253485827831896,1,0.0,0,beta,0.0
alpha_neg,197,0.7463111908477653,-0.002137741334936197,0.05156082169488698,0,0.0,1,0.8300400782846605,0.13605840200658886,0.06719758486497521,1,0.1,1,0.878711402455909,-0.09213665668375903,0.04540981015586803,1,0.0,0,alpha_neg,1.0
alpha_neg,198,0.798008293798889,-0.08651855856655304,0.05178074429796851,0,0.0,1,0.7302064174196333,0.08900764606257208,0.05880372714675989,0,0.1,1,0.9423286717732986,-0.07294564393746014,0.05085484032496611,0,0.0,1,alpha_neg,1.0
alpha_neg,199,0.879901240863987,-0.02899160810078603,0.06634804630130704,0,0.0,1,0.8924206130371263,0.10857267758044212,0.06418875345806101,0,0.1,1,0.9481609460915162,-0.03320279309514122,0.04997093042105222,0,0.0,1,alpha_neg,1.0
alpha_neg,200,0.8151920437740438,-0.022303164996904924,0.05713254801380574,0,0.0,1,0.8176248877503158,0.19847498213464904,0.06452512232299285,1,0.1,1,0.9137212781133894,-0.06673589248639648,0.0406728564986203,0,0.0,1,alpha_neg,1.0
alpha_neg,201,0.7640783349132355,0.03308907071327853,0.057000306503745164,0,0.0,1,0.7757619159481801,0.08675336414925111,0.06393686014380469,0,0.1,1,0.9459959797022424,0.00041901609179711405,0.06043326871227343,0,0.0,1,alpha_neg,1.0
alpha_neg,202,0.8914595031529157,-0.11441327107361783,0.0752090306501625,0,0.0,1,0.7238263515270422,0.03640048769344486,0.05656706134564727,0,0.1,1,0.9333698682928422,0.049841348092406215,0.054936242196407636,0,0.0,1,alpha_pos,0.0
alpha_neg,203,0.6807196064250178,-0.036303300687695536,0.04759858450106196,0,0.0,1,0.7975875705036469,-0.029166941654348962,0.0680524855455254,0,0.1,1,0.9513813167378682,-0.09732386594965127,0.04685464568537728,1,0.0,0,beta,0.0
alpha_neg,204,0.7867469666533399,-0.12000079787903443,0.08238211922339372,0,0.0,1,0.8420421584621335,0.061936409099898816,0.0736501530977587,0,0.1,1,0.9105171663142756,0.049675213435742174,0.04716080794123729,0,0.0,1,alpha_pos,0.0
alpha_neg,205,0.864752498149353,0.09047396866123687,0.08108903733475177,0,0.0,1,0.7770641740382667,0.19791294813827767,0.06522043083239507,1,0.1,1,0.9198840198926765,-0.05152475498358846,0.05290334584575552,0,0.0,1,alpha_neg,1.0
alpha_neg,206,0.8670500643846236,-0.06075604278062803,0.07055172724822717,0,0.0,1,0.8326759760395425,0.07314735787043464,0.0650782299499559,0,0.1,1,0.8678996603698232,-0.042672767233264214,0.04516565709377986,0,0.0,1,alpha_neg,1.0
alpha_neg,207,0.8087749469912346,-0.15611247856325514,0.06236517319974306,1,0.0,0,0.789778263237308,0.11111637297025023,0.04858968307882773,1,0.1,1,0.8974414505885785,-0.0074716344183112975,0.05036951941666099,0,0.0,1,alpha_pos,0.0
alpha_neg,208,0.8071215055233867,-0.08614622679413686,0.06277903403372269,0,0.0,1,0.8419625516636141,0.1636204771022146,0.06831170410255288,1,0.1,1,0.9138706395143964,0.033609136323005676,0.0529353073723408,0,0.0,1,alpha_neg,1.0
alpha_neg,209,0.7372463373002296,0.1094199825944871,0.04059054750926629,1,0.0,0,0.8545037272229162,0.014501215876487755,0.0739827817115206,0,0.1,1,0.9571669434863429,0.005499700524512305,0.05611795221781244,0,0.0,1,alpha_pos,0.0
alpha_neg,210,0.7281268910909113,-0.01663981271263246,0.06920063743514097,0,0.0,1,0.7790457624333683,-0.08635312991537954,0.05652282299620208,0,0.1,0,0.9208856473739944,0.08458141062516214,0.04735529663033965,0,0.0,1,alpha_neg,1.0
alpha_neg,211,0.8136870943293191,-0.07716600199177463,0.07425415042988809,0,0.0,1,0.6966422288095614,0.04469107469261412,0.04915656863100098,0,0.1,1,0.9317920540404433,-0.03482589892485992,0.059607470518482995,0,0.0,1,alpha_pos,0.0
alpha_neg,212,0.7707302582626523,-0.020377835650626938,0.06659172049276832,0,0.0,1,0.8290846778664606,0.08689431480203245,0.08251915935323846,0,0.1,1,0.8758029556363884,-0.01027233632258818,0.053102711142220684,0,0.0,1,alpha_neg,1.0
alpha_neg,213,0.7916297430872835,-0.09303393748349463,0.062462546761392984,0,0.0,1,0.8373803722359039,0.08341365231968625,0.05816028660989375,0,0.1,1,0.9102777211891296,0.045952197969321706,0.050232920361489464,0,0.0,1,alpha_pos,0.0
alpha_neg,214,0.777632285301932,-0.08678965691792123,0.07306672589990552,0,0.0,1,0.7635958081376325,0.15025411730473237,0.06513872879765721,1,0.1,1,0.9062153200825002,-0.08946927221245676,0.056084627617686275,0,0.0,1,alpha_neg,1.0
alpha_neg,215,0.8440712447681878,0.08915986802891618,0.07274905844392844,0,0.0,1,0.8409109589335093,0.16937326408547912,0.0671803194643729,1,0.1,1,0.9447719751033878,0.04431012863569442,0.04767752029781417,0,0.0,1,alpha_neg,1.0
alpha_neg,216,0.8488722224515353,0.16424711459722582,0.06563097702593385,1,0.0,0,0.7973867523599284,0.04727801291249791,0.05749795226745977,0,0.1,1,0.9417125753983003,-0.015854491930261963,0.052193090823695984,0,0.0,1,alpha_pos,0.0
alpha_neg,217,0.7834710838742149,-0.0004966548827846144,0.06452553045217442,0,0.0,1,0.8180120732030901,0.044538143197714375,0.06141297207870205,0,0.1,1,0.9414422944167089,0.08220282695497509,0.05979399884884039,0,0.0,1,beta,0.0
alpha_neg,218,0.7434688858885431,-0.11277618533459716,0.050501796886026025,1,0.0,0,0.8477302219606887,-0.013041493832374585,0.06237277296090294,0,0.1,1,0.9447383396166026,-0.05030849330975019,0.03662044023063114,0,0.0,1,alpha_pos,0.0
alpha_neg,219,0.6825973387121921,-0.056159084085118875,0.05260980101780191,0,0.0,1,0.8587605788265473,0.050415726680859155,0.07324195993749692,0,0.1,1,0.9281979320512135,0.07998650786577492,0.04476512418819784,0,0.0,1,beta,0.0
alpha_neg,220,0.7446774258561217,-0.05369683897731574,0.07100182413124623,0,0.0,1,0.7763518699145928,-0.041208204537169946,0.06155054337418145,0,0.1,0,0.9351014493362467,-0.02980742301640685,0.04700837186046471,0,0.0,1,alpha_pos,0.0
alpha_neg,221,0.8138009087953952,0.04154115914384447,0.07181198669438298,0,0.0,1,0.7764709335401364,-0.05278279102734224,0.06105860739918813,0,0.1,0,0.8967093775738028,-0.019520019126793804,0.05319523873507763,0,0.0,1,alpha_neg,1.0
alpha_neg,222,0.7482271449231099,0.15337831271029628,0.0695609638251413,1,0.0,0,0.6478135820022133,-0.1008534215083469,0.0563131531093689,0,0.1,0,0.9364833858204374,-0.014543997617225591,0.04948627353562852,0,0.0,1,alpha_pos,0.0
alpha_neg,223,0.6404247813790809,-0.0800302251094401,0.06597354229524874,0,0.0,1,0.7879405677063454,0.1797516312289928,0.057568704239663544,1,0.1,1,0.9529101966136649,-0.050711098210993844,0.06044289567408393,0,0.0,1,alpha_neg,1.0
alpha_neg,224,0.8058952169786848,-0.0351985016791423,0.055143558696326866,0,0.0,1,0.8442675531323086,0.030552919782299546,0.06509060445291366,0,0.1,1,0.9571819821223466,0.003389071432322028,0.06139875249896014,0,0.0,1,alpha_pos,0.0
alpha_neg,225,0.8318679252177199,0.1777624268630849,0.05513405381203999,1,0.0,0,0.8108083071575566,0.15951109549134398,0.0571488499213251,1,0.1,1,0.927030760736543,-0.102765559849649,0.04971682321394969,1,0.0,0,alpha_pos,0.0
alpha_neg,226,0.806380539128992,0.08593865927446243,0.06913182166704022,0,0.0,1,0.7950452507762905,0.10355202696706964,0.05132658744344811,1,0.1,1,0.92463733295258,-0.038763279038938676,0.04878791753573936,0,0.0,1,alpha_neg,1.0
alpha_neg,227,0.8093061222856685,0.06993150081826732,0.07826068381001335,0,0.0,1,0.8353263528722205,0.09392730571706288,0.0666898763255619,0,0.1,1,0.911163644925075,0.08112924213998705,0.0490463512202185,0,0.0,1,alpha_neg,1.0
alpha_neg,228,0.8592166550722347,0.1372399485303838,0.060269975915165926,1,0.0,0,0.8246107926899919,0.16928774308774877,0.05462164956681298,1,0.1,1,0.9337960979477434,-0.04013458223688546,0.05314328200861275,0,0.0,1,alpha_neg,1.0
alpha_neg,229,0.7491300847480483,0.07150024990007588,0.04887527237477356,0,0.0,1,0.8671538451703769,-0.041553743912299684,0.06120896747845324,0,0.1,0,0.9442911847280162,-0.10043417748266836,0.04766460062683064,1,0.0,0,beta,0.0
alpha_neg,230,0.8103764170860903,-0.0692481650063782,0.07544968973288478,0,0.0,1,0.7705527655469268,0.1317018332211624,0.06143532095011914,1,0.1,1,0.9493725660886881,0.05029375474547557,0.05451753118609619,0,0.0,1,alpha_neg,1.0
alpha_neg,231,0.7811449232840321,-0.04762893326157523,0.06643487652422245,0,0.0,1,0.8219145255678727,0.13483890384202246,0.06836689298034217,1,0.1,1,0.9483801060385734,0.11331325942879705,0.0646188636012422,0,0.0,1,alpha_neg,1.0
alpha_neg,232,0.7785808356971267,0.06601555923161821,0.06589637087108587,0,0.0,1,0.7933350561212861,0.17979445250462844,0.06841469757028472,1,0.1,1,0.9474962692684262,-0.05141139822514819,0.06051982559530224,0,0.0,1,alpha_neg,1.0
alpha_neg,233,0.8086490913768237,0.09991637467622247,0.06120457553378831,0,0.0,1,0.8305722223502864,0.08126170766244785,0.06918042937867243,0,0.1,1,0.9520348922878004,-0.05793585968997134,0.057568442807119556,0,0.0,1,alpha_pos,0.0
alpha_neg,234,0.7748241265104856,-0.061353145852119935,0.0638953712633821,0,0.0,1,0.6803762905469127,0.03955372558123183,0.05935994970485814,0,0.1,1,0.9216261045966745,0.0004874526209540532,0.047158336255467385,0,0.0,1,alpha_pos,0.0
alpha_neg,235,0.8182358247124757,-0.028082011895512446,0.06690530618002731,0,0.0,1,0.7817896457848105,0.0927398270600931,0.05017912030313599,0,0.1,1,0.965072197800836,-0.07028196829564982,0.05723355990086698,0,0.0,1,alpha_neg,1.0
alpha_neg,236,0.6818987157333047,-0.019926581389095935,0.05287250976519196,0,0.0,1,0.8396934509019699,0.010060345767366469,0.08398779133598568,0,0.1,1,0.9382802661051117,0.07454330992001021,0.04640173400572765,0,0.0,1,beta,0.0
alpha_neg,237,0.8965573180778609,0.07800549641747069,0.06874756005865873,0,0.0,1,0.8317652190976638,0.30477563583295336,0.07118096883509434,1,0.1,0,0.9059582816921498,0.01647846012620126,0.04415487439623574,0,0.0,1,alpha_neg,1.0
alpha_neg,238,0.806013361705103,-0.027571838813824873,0.04822166106056416,0,0.0,1,0.798957566168568,0.1698905759680241,0.05497703501380218,1,0.1,1,0.9413540702203284,0.013603906117503721,0.04862624289428807,0,0.0,1,alpha_neg,1.0
alpha_neg,239,0.8329018713246474,-0.0289573494007404,0.06562024626352089,0,0.0,1,0.7451274999959571,0.04793101756852196,0.05263528686372767,0,0.1,1,0.9341558333493206,0.07279911219274801,0.04756802257251862,0,0.0,1,beta,0.0
alpha_neg,240,0.6500300296448902,0.06922371863622513,0.05293700347963928,0,0.0,1,0.8739139683866101,0.09190474445260144,0.09063719128264854,0,0.1,1,0.9010005094096604,0.00883158579008328,0.06302649064462197,0,0.0,1,alpha_neg,1.0
alpha_neg,241,0.79273343224617,-0.02473943801162886,0.0672481200626499,0,0.0,1,0.8294229089991944,0.14148514513127272,0.0673526461227527,1,0.1,1,0.9596249230650882,0.07064752495140904,0.05443927435840267,0,0.0,1,alpha_neg,1.0
alpha_neg,242,0.7557806605642806,-0.12633414283310418,0.05698596343012821,1,0.0,0,0.7195344018239087,0.052894113059941426,0.05142832111973397,0,0.1,1,0.9172160117165261,-0.01974709199552741,0.057391780517356515,0,0.0,1,alpha_pos,0.0
alpha_neg,243,0.6781301047087287,0.05868044937460281,0.07149664526024964,0,0.0,1,0.770694498953503,0.005691525969272112,0.06779510442492677,0,0.1,1,0.910642949437927,0.05934193239977378,0.04970675163847909,0,0.0,1,beta,0.0
alpha_neg,244,0.8858840451097857,0.04086776955096651,0.06920449590152686,0,0.0,1,0.8658968488549823,0.17818121059203024,0.07377170915136474,1,0.1,1,0.921146786319389,-0.016887189190984073,0.05241607820748971,0,0.0,1,alpha_neg,1.0
alpha_neg,245,0.7980181704420318,-0.06759779273044628,0.06361322746773748,0,0.0,1,0.8472187305338313,0.22503670798504058,0.07296682104481975,1,0.1,1,0.9147803194753752,0.07062730296987862,0.04470938907279242,0,0.0,1,alpha_neg,1.0
alpha_neg,246,0.8108072407658302,-0.14779270172270126,0.05984423325854687,1,0.0,0,0.8821445400203807,-0.06622263770421792,0.06796476316532343,0,0.1,0,0.9292613106243739,-0.0425282512456962,0.0505684418222902,0,0.0,1,alpha_pos,0.0
alpha_neg,247,0.7923675308961072,0.036976703152544435,0.06430058169956275,0,0.0,1,0.8269636255237491,0.10100096723335036,0.057027179487851014,0,0.1,1,0.9504385063279653,-0.01263805377138282,0.0567486590443906,0,0.0,1,alpha_neg,1.0
alpha_neg,248,0.7783758161980184,0.030093716337448184,0.049438509474319096,0,0.0,1,0.7543936448556384,0.057120112024068505,0.05866126864055444,0,0.1,1,0.9336455953609458,-0.01545381309687033,0.05222539195367603,0,0.0,1,alpha_neg,1.0
alpha_neg,249,0.7900177263741837,0.0609066197206975,0.08227853155574753,0,0.0,1,0.7778838056423099,-0.033451977353815644,0.06272037836359672,0,0.1,0,0.9576799422137677,-0.002146446303710432,0.05415278026407794,0,0.0,1,alpha_pos,0.0
alpha_neg,250,0.83180815763649,-0.11580273577130798,0.06046972940576186,0,0.0,1,0.7859485526886723,0.1942599525265883,0.0532678971482404,1,0.1,1,0.9487451431504899,-0.1137475854063731,0.050619571973849385,1,0.0,0,alpha_neg,1.0
alpha_neg,251,0.8250580263931201,-0.03667890600190186,0.06488144074483876,0,0.0,1,0.7740111923654761,0.06500413491256021,0.0638341183017508,0,0.1,1,0.9336687118279172,0.08755936088682534,0.054604581048143364,0,0.0,1,beta,0.0
alpha_neg,252,0.7387790311204193,-0.07973720776417138,0.06441781938504852,0,0.0,1,0.8414116901602773,0.08943227366664269,0.07039117854962815,0,0.1,1,0.9334445557421143,0.013555004885895864,0.04516849386661892,0,0.0,1,alpha_neg,1.0
alpha_neg,253,0.7809166688274607,-0.10663507502856544,0.06281862537114956,0,0.0,1,0.7845591293425941,0.1088080446983662,0.04969103656989104,1,0.1,1,0.913308682335917,0.004813903651168124,0.05674140281169164,0,0.0,1,alpha_neg,1.0
alpha_neg,254,0.80951792725415,-0.13030853057045866,0.07192661662037188,0,0.0,1,0.7919470025962888,0.018040319587444495,0.0639043407623696,0,0.1,1,0.9151053499118043,0.008951908342444706,0.05175242404611939,0,0.0,1,alpha_pos,0.0
alpha_neg,255,0.7956941963812952,0.0025280733159170287,0.06364676498608302,0,0.0,1,0.8192265138516092,0.07266067663139905,0.06819142201342121,0,0.1,1,0.9519048851831662,-0.014862532526756038,0.04942502667752568,0,0.0,1,alpha_neg,1.0
alpha_neg,256,0.7734884935260268,0.020052270700015543,0.05885556741901192,0,0.0,1,0.7199274363941416,0.20677672636804917,0.05947975008359791,1,0.1,1,0.9445692044955818,-0.005733726863687937,0.05509682644406474,0,0.0,1,alpha_neg,1.0
alpha_neg,257,0.8422420543594352,-0.002481047804991961,0.06345691254924972,0,0.0,1,0.7930667246740144,0.09091192745765246,0.06513828027878334,0,0.1,1,0.9197699678946184,0.0714327347739296,0.05677410978820893,0,0.0,1,alpha_neg,1.0
alpha_neg,258,0.7857371445356478,-0.1600233884055657,0.05734523807035445,1,0.0,0,0.7586551054456155,-0.0857679060801754,0.06127540372619579,0,0.1,0,0.9243114639115311,0.08937416047114571,0.046554282616568236,0,0.0,1,alpha_pos,0.0
alpha_neg,259,0.8282057767818064,-0.13141260627329704,0.06494253456166217,1,0.0,0,0.8132518891877433,0.2592092208922926,0.056538934006972456,1,0.1,0,0.9247357640031788,-0.07740752709606373,0.04836039079871513,0,0.0,1,alpha_neg,1.0
alpha_neg,260,0.8027423357863784,0.09742605990085247,0.07009612420901704,0,0.0,1,0.7048344533814465,0.026984156309343293,0.0558833259713018,0,0.1,1,0.9616329984230422,-0.019329129937775975,0.04720633258921497,0,0.0,1,alpha_pos,0.0
alpha_neg,261,0.793601571100669,0.12961739402475764,0.061487862160789705,1,0.0,0,0.7920029940202999,-0.002503776891216974,0.06705419283802866,0,0.1,1,0.9314628030825464,-0.10145121478563247,0.047852431696223004,1,0.0,0,alpha_pos,0.0
alpha_neg,262,0.7801063320335845,0.023887488988257807,0.0643530421714682,0,0.0,1,0.9050688630769899,0.056864797179581116,0.08550966591319804,0,0.1,1,0.8417364389153815,0.03757336085365529,0.051302323424974115,0,0.0,1,alpha_neg,1.0
alpha_neg,263,0.8066841828415449,-0.08522177748730939,0.06212841763369497,0,0.0,1,0.8233396443339485,0.1731484632771799,0.0651615755566996,1,0.1,1,0.9011884628624339,0.005026034443563156,0.04716305480705116,0,0.0,1,alpha_neg,1.0
alpha_neg,264,0.797096753320888,0.11119772658558918,0.05902803402848123,0,0.0,1,0.7524892270961456,0.1630229973021129,0.06690924403428943,1,0.1,1,0.9616328550072747,0.004698950038183704,0.06249797113861936,0,0.0,1,alpha_neg,1.0
alpha_neg,265,0.7987124618671846,0.1311898925718532,0.06643165674927021,1,0.0,0,0.7620899679002259,-0.0027596484418341417,0.0606660665261485,0,0.1,1,0.9395001712576245,-0.017811666612274474,0.046028467387694456,0,0.0,1,alpha_pos,0.0
alpha_neg,266,0.8144568388766699,0.013894029492345144,0.06939079911957455,0,0.0,1,0.775306415258326,0.048640823918571066,0.05507168576747784,0,0.1,1,0.9201422325368273,-0.026975729600878916,0.04308751928877934,0,0.0,1,alpha_neg,1.0
alpha_neg,267,0.7608800576287622,-0.08270653882246183,0.060867352287133324,0,0.0,1,0.7663620031924576,0.12622435546582894,0.05723731209433216,1,0.1,1,0.926666474385459,-0.11245989767089264,0.04819255620066581,1,0.0,0,alpha_neg,1.0
alpha_neg,268,0.767749432754887,0.10921091868757823,0.06206595462058524,0,0.0,1,0.711961335555397,0.06648906171991018,0.059792365904765055,0,0.1,1,0.9428260564964934,0.06468459381391936,0.050272380545638616,0,0.0,1,alpha_pos,0.0
alpha_neg,269,0.8145529331648256,-0.01300440125412348,0.06262905184229081,0,0.0,1,0.838583404786756,0.2795726923757929,0.05918208057208147,1,0.1,0,0.8986486388789332,0.0766938288848079,0.05219477989164938,0,0.0,1,alpha_neg,1.0
alpha_neg,270,0.7788441820533287,0.2367174833489322,0.05910562771086187,1,0.0,0,0.7988261025402666,0.013450682924446674,0.04738739616851264,0,0.1,1,0.9298551685333342,0.011115927886456923,0.05832591286096295,0,0.0,1,alpha_pos,0.0
alpha_neg,271,0.7803303527280409,-0.003892534517217239,0.05713521884709975,0,0.0,1,0.8379713342966327,0.05329526836470768,0.059150935781860675,0,0.1,1,0.9518764071366979,0.01675407702232192,0.04844447475869739,0,0.0,1,alpha_neg,1.0
alpha_neg,272,0.8124789084855145,-0.17948498140148766,0.06815291708386845,1,0.0,0,0.8448251618008586,-0.04626078467264841,0.06339466308981866,0,0.1,0,0.8958903949697795,0.003470690272852456,0.051476214374786,0,0.0,1,alpha_pos,0.0
alpha_neg,273,0.776854814299437,0.04365770507197775,0.06551081659342596,0,0.0,1,0.7682418922268147,-0.0062376175881331715,0.06073053487978546,0,0.1,1,0.9411735540605749,0.015388136801462267,0.05539023260124594,0,0.0,1,alpha_pos,0.0
alpha_neg,274,0.7745623991950895,0.033572840717029484,0.055048751585703465,0,0.0,1,0.7818109795149432,0.05541706218077599,0.06962979711679125,0,0.1,1,0.9305679953171866,-0.010873517305316657,0.051791287113166516,0,0.0,1,alpha_neg,1.0
alpha_neg,275,0.835016430796179,0.11059502383796808,0.08056792643504174,0,0.0,1,0.8306849080896538,-0.031423704731122645,0.07599904833949711,0,0.1,1,0.914573230395085,0.013129056571669035,0.0509299808509605,0,0.0,1,alpha_pos,0.0
alpha_neg,276,0.7553973940411104,0.02177271615358883,0.04863260787300427,0,0.0,1,0.8459997607426296,0.06499176428143277,0.057283917544457746,0,0.1,1,0.9330571046693829,0.010923161529642665,0.05482791951224903,0,0.0,1,alpha_neg,1.0
alpha_neg,277,0.7903097382201116,-0.002855816296507636,0.05820466678136578,0,0.0,1,0.7220425043055569,0.08057707889670981,0.06290824185810763,0,0.1,1,0.942522610426554,-0.026137904412652006,0.05681958552635549,0,0.0,1,alpha_neg,1.0
alpha_neg,278,0.8322787043830998,0.020328260693070192,0.06818153166587515,0,0.0,1,0.8500408216351147,-0.003134659119476514,0.06257309968743936,0,0.1,1,0.9299758292895346,0.020963255224080164,0.04777680724401727,0,0.0,1,beta,0.0
alpha_neg,279,0.7417902945296686,0.08812938409905219,0.05728011187091339,0,0.0,1,0.8218637684994615,0.03192102461739283,0.06517645915964859,0,0.1,1,0.9274030257267113,-0.03701831223114551,0.05481850214506052,0,0.0,1,alpha_pos,0.0
alpha_neg,280,0.7178948870646472,-0.022408243777332595,0.04987296011599708,0,0.0,1,0.7865719770856952,0.0549233838123616,0.05817665573076352,0,0.1,1,0.9689136649493291,0.043615524840621596,0.053135194346306605,0,0.0,1,alpha_neg,1.0
alpha_neg,281,0.7805851488940563,-0.03705468291169954,0.06838496752959357,0,0.0,1,0.7708005600789003,0.040294677089023546,0.06345429385849351,0,0.1,1,0.9483137581829244,-0.046990538346857104,0.05350594914650304,0,0.0,1,beta,0.0
alpha_neg,282,0.7930013186459052,-0.06625583278105164,0.052190903832107054,0,0.0,1,0.8070575513137493,-0.016535316306334574,0.06702230996530614,0,0.1,1,0.9547961535893297,0.020700788748640404,0.052817872177975525,0,0.0,1,alpha_pos,0.0
alpha_neg,283,0.7360176155554777,0.009209116352498284,0.06054476160003349,0,0.0,1,0.8493229618282054,0.0852129583908818,0.058228966321057986,0,0.1,1,0.9452613450895538,0.036070981817943194,0.05534970944540211,0,0.0,1,alpha_neg,1.0
alpha_neg,284,0.8651861222451743,-0.0006502070062188362,0.07359446424258795,0,0.0,1,0.8460030990533768,0.03900995433789847,0.07915280874837535,0,0.1,1,0.9352260510500069,0.036871893426636194,0.0460362514757104,0,0.0,1,alpha_neg,1.0
alpha_neg,285,0.8003691634393877,0.03197424503072066,0.07783177145306698,0,0.0,1,0.842886379018338,-0.03378791846184394,0.062026091288845626,0,0.1,0,0.9311604605245279,0.07756260803320554,0.0540725267240699,0,0.0,1,beta,0.0
alpha_neg,286,0.7644238689260285,-0.05629295642525529,0.05488266089457344,0,0.0,1,0.7159696130784794,0.06032553199698016,0.06290572783780858,0,0.1,1,0.9298443273551299,-0.13134899268961236,0.04655712876951398,1,0.0,0,beta,0.0
alpha_neg,287,0.7189317585528565,-0.015686338535207938,0.060233003261415105,0,0.0,1,0.7633574219907746,0.06361875800122026,0.058717421908454144,0,0.1,1,0.9248940669006321,0.0005108669757102824,0.05643921568442387,0,0.0,1,alpha_neg,1.0
alpha_neg,288,0.8250994781957078,-0.020358607265377696,0.05392656061283587,0,0.0,1,0.8022382377367698,0.11646772168404798,0.0660798015397897,0,0.1,1,0.9442951119247873,0.045096275790110295,0.04921818146761257,0,0.0,1,alpha_neg,1.0
alpha_neg,289,0.8039515056856005,-0.055783312651883334,0.057348833754408496,0,0.0,1,0.8099496668215703,0.22866908744994638,0.06187526851757805,1,0.1,0,0.9343980983512583,-0.1340592926369174,0.05814886264603918,1,0.0,0,alpha_neg,1.0
alpha_neg,290,0.8267569978214729,0.05021635451525388,0.07126682770096172,0,0.0,1,0.7948826707846567,0.05947139965067387,0.05757610482537932,0,0.1,1,0.9357115360020908,-0.01277352621207241,0.04456821868286077,0,0.0,1,alpha_neg,1.0
alpha_neg,291,0.7124316810944574,0.039630002195524074,0.06024127129007013,0,0.0,1,0.8425468271069684,0.06382368537226712,0.06577731738024596,0,0.1,1,0.9369094856615549,0.01728029887447074,0.0548030444200302,0,0.0,1,alpha_neg,1.0
alpha_neg,292,0.7467391649863745,-0.050850678640533206,0.05899740811863507,0,0.0,1,0.8130596774691292,0.19127510746153673,0.07005524871037086,1,0.1,1,0.9410334243661039,-0.003279386380597696,0.05133323988248381,0,0.0,1,alpha_neg,1.0
alpha_neg,293,0.774066956352723,-0.012300147935911719,0.06067207026863008,0,0.0,1,0.8646464453376812,0.0964622504396739,0.07725871216989413,0,0.1,1,0.902959945882838,0.011643108398251936,0.06209214242395431,0,0.0,1,alpha_neg,1.0
alpha_neg,294,0.7522066820942507,0.0853469597901904,0.06097711970978513,0,0.0,1,0.7538814631751057,0.09496422503441798,0.06700365868531888,0,0.1,1,0.9388752877761046,0.12117624438364381,0.05471823194395398,1,0.0,0,beta,0.0
alpha_neg,295,0.8053826474215982,-0.0014742624490766698,0.07519499193100337,0,0.0,1,0.7905263292238933,0.08597878870993525,0.04669874398005422,0,0.1,1,0.9412801938027952,0.024117970576289314,0.05143352032901617,0,0.0,1,alpha_neg,1.0
alpha_neg,296,0.8097737101820569,0.07386229126920399,0.06544651445180079,0,0.0,1,0.8132161305290926,0.21360599382102896,0.0688523009128072,1,0.1,1,0.9213279760773044,0.07332319983432724,0.04435689753756209,0,0.0,1,alpha_neg,1.0
alpha_neg,297,0.7476458315494791,-0.012117790489874925,0.04863891603585299,0,0.0,1,0.8250186630160493,0.07858310665198524,0.05785090158853056,0,0.1,1,0.9596689180113057,0.07919349631959359,0.05862622575557528,0,0.0,1,beta,0.0
alpha_neg,298,0.825091989053486,0.01895041571477332,0.06876406933898392,0,0.0,1,0.7553637824461003,0.032246676881172893,0.06771624099691914,0,0.1,1,0.9165313048733387,0.07698009842108668,0.06057623661356478,0,0.0,1,beta,0.0
alpha_neg,299,0.7789837817613882,0.13181554310875226,0.057499987854502894,1,0.0,0,0.8170957902856618,0.16050582027026375,0.0668407954982189,1,0.1,1,0.8955749605114993,0.03232851989750588,0.0478039623842642,0,0.0,1,alpha_neg,1.0
beta,0,0.7298794695662217,0.040337673949720335,0.05374697781312628,0,0.0,1,0.7692315774554477,0.04689340769560875,0.05388700328303107,0,0.0,1,0.9389274893929919,0.14286589932500593,0.05236487795430061,1,0.1,1,beta,1.0
beta,1,0.8321382798378714,-0.03216071754346084,0.06973725439295506,0,0.0,1,0.8455265713530162,-0.12806818519166097,0.0634334599457837,1,0.0,0,0.93774932586329,0.06008367040962827,0.054297946304428364,0,0.1,1,alpha_neg,0.0
beta,2,0.7593334365252564,-0.1575863593948497,0.06422097509454623,1,0.0,0,0.7790373682799923,0.1527469463121247,0.0699537678849767,1,0.0,0,0.9294190027419695,0.12240931943597717,0.04664028333018557,1,0.1,1,alpha_pos,0.0
beta,3,0.805376495879592,-0.09089568762726957,0.06500209182067834,0,0.0,1,0.8339995587066065,0.04708431660481232,0.05872736926043245,0,0.0,1,0.8931019199289086,0.06275719539116344,0.04495285096326397,0,0.1,1,alpha_pos,0.0
beta,4,0.8309939481537968,-0.05421163048641179,0.06888364181060369,0,0.0,1,0.8098291593547567,0.04452825589968597,0.06281685619555133,0,0.0,1,0.8844524449924339,0.11951014552089706,0.04404334577512367,1,0.1,1,beta,1.0
beta,5,0.8199380739568815,-0.0010656766311132216,0.062279880142447466,0,0.0,1,0.8672132594327455,-0.09275316080594524,0.0688654414054367,0,0.0,1,0.8950599327886871,0.05654544352805337,0.0404005136520761,0,0.1,1,alpha_neg,0.0
beta,6,0.6912481516300727,-0.03892219459263458,0.0622678188153486,0,0.0,1,0.6834427914952813,0.05748613329568265,0.04073800410319379,0,0.0,1,0.9226809977647551,0.15108233418151767,0.054582802674708976,1,0.1,1,beta,1.0
beta,7,0.8593258194203496,0.11421160963977144,0.07379484354208155,0,0.0,1,0.8235146363212695,-0.19190237281096675,0.07591302507083393,1,0.0,0,0.934908738179539,0.08011254549764198,0.05358018040695719,0,0.1,1,alpha_neg,0.0
beta,8,0.7434849306078392,0.15012013421147835,0.06445931154342727,1,0.0,0,0.7913258636879857,-0.006389933107677001,0.06585710545304999,0,0.0,1,0.9341545924742924,0.07038556642213935,0.05285069498153853,0,0.1,1,alpha_pos,0.0
beta,9,0.7139916389480362,0.04267129245086304,0.049459793327566406,0,0.0,1,0.8029136295109746,-0.0706711876223515,0.0656839490791191,0,0.0,1,0.9462596270472501,0.10036360904916464,0.04746321231877656,1,0.1,1,beta,1.0
beta,10,0.7406064574305562,0.008830724722028128,0.05715773303139451,0,0.0,1,0.8553551267832294,-0.15813387717297023,0.06009639055841112,1,0.0,0,0.9482303928128034,0.11787864845558824,0.052380956180730874,1,0.1,1,alpha_neg,0.0
beta,11,0.7874552382411171,-0.1297798632834072,0.06077087555337528,1,0.0,0,0.7779014795909359,0.05965472507620094,0.053505660132532065,0,0.0,1,0.9167327438380726,0.04334904218065735,0.05278962467738965,0,0.1,1,alpha_pos,0.0
beta,12,0.8757488625859239,0.034991845943323455,0.07996577227463164,0,0.0,1,0.8521990255313345,-0.028306526954096627,0.07340068766439362,0,0.0,1,0.9178887155700234,0.0994039307907931,0.053333578568299185,0,0.1,1,beta,1.0
beta,13,0.787743292840099,0.006874616486912777,0.04722835476156832,0,0.0,1,0.7330896078862839,0.011890880673564789,0.060813406372991284,0,0.0,1,0.9516883622356571,-0.050722788321923756,0.051416106035893486,0,0.1,0,beta,1.0
beta,14,0.8231248563190213,0.013860488476715145,0.06834938503831178,0,0.0,1,0.8252902656561484,-0.03757125750730129,0.06693184181519166,0,0.0,1,0.9056413734996778,0.1695292830896447,0.04756571338685233,1,0.1,1,beta,1.0
beta,15,0.8011057271971426,-0.06906416543216365,0.0520079395975529,0,0.0,1,0.8087120759289336,0.1013792785194353,0.06583639930087236,0,0.0,1,0.9340594993258245,0.07163142086714408,0.04820600125090392,0,0.1,1,alpha_neg,0.0
beta,16,0.8013472341994626,-0.05038850067164122,0.07080946464498841,0,0.0,1,0.7885900085653037,-0.07399679600039953,0.06152154385040701,0,0.0,1,0.9397129943214029,0.03349274057303123,0.05590706909409495,0,0.1,1,alpha_neg,0.0
beta,17,0.8125969804334949,-0.11624242398509983,0.06289936414451602,0,0.0,1,0.7592622399918973,-0.0590941767926603,0.052599655347232245,0,0.0,1,0.9497350673255299,0.13426089307865208,0.05422473597605181,1,0.1,1,beta,1.0
beta,18,0.829525029912758,-0.04579040307328866,0.06436803921006025,0,0.0,1,0.7770183866109588,0.018754868848164023,0.06401513296197611,0,0.0,1,0.9176305307868448,0.14273721885019744,0.03960687233455473,1,0.1,1,beta,1.0
beta,19,0.7667002192634177,-0.04447022977041956,0.06097604451483896,0,0.0,1,0.7567513144936137,-0.06482123132185355,0.058761351217684624,0,0.0,1,0.9117062860622941,0.08955954503518562,0.05448573045520056,0,0.1,1,beta,1.0
beta,20,0.7144626622380632,-0.035526571605536315,0.06401986298710967,0,0.0,1,0.7432292912487051,0.002551319708461941,0.046613535108741534,0,0.0,1,0.9120847871101819,0.10394814660572206,0.04158722053995531,1,0.1,1,beta,1.0
beta,21,0.7946886446890279,0.09161890361018518,0.0518224504333743,0,0.0,1,0.6982085955157338,-0.06268858785638076,0.06088347701173616,0,0.0,1,0.9218843326777626,-0.024326161507908034,0.05176956292812035,0,0.1,0,alpha_pos,0.0
beta,22,0.828085810556825,0.03527439271185248,0.053189998385560835,0,0.0,1,0.7921829144002059,-0.0015041286635932532,0.052864616069433656,0,0.0,1,0.9398031661759195,0.1699050837799362,0.05353542295288621,1,0.1,1,beta,1.0
beta,23,0.7400383623133553,0.03635901286627229,0.05748895384728649,0,0.0,1,0.8506517441200558,0.10747423619831485,0.07741050315500685,0,0.0,1,0.9349175107828512,-0.00417144439058512,0.05160263960286627,0,0.1,0,alpha_neg,0.0
beta,24,0.7448033988054477,-0.04465579668483548,0.059411712643337534,0,0.0,1,0.8180032579991202,-0.021870024106743623,0.06989012617882574,0,0.0,1,0.9568397555974973,0.1505796828344235,0.04590901562703013,1,0.1,1,beta,1.0
beta,25,0.7844889097665038,0.03424970336603323,0.06045396610269437,0,0.0,1,0.820924580210931,0.023005796456345717,0.06934601169730002,0,0.0,1,0.9381560491533257,0.0881800623958705,0.047441646424377655,0,0.1,1,beta,1.0
beta,26,0.8189328431601397,-0.009947274763310948,0.06680653488312369,0,0.0,1,0.7536972350179705,0.008620714137602997,0.05452511321846619,0,0.0,1,0.9342024479005407,0.03227397625485804,0.05989532576533997,0,0.1,1,beta,1.0
beta,27,0.7639470477252704,0.011691213208725525,0.06403513824224709,0,0.0,1,0.8451898680582257,0.04909686808561039,0.06224672379611846,0,0.0,1,0.9544452870306425,0.12677075154156878,0.05429928104058303,1,0.1,1,beta,1.0
beta,28,0.8407847493951115,0.08707854400279172,0.06432151794291845,0,0.0,1,0.7652640172432598,-0.1269562481133524,0.061785807455371794,1,0.0,0,0.9263149955774301,0.07993071490107342,0.053346544074453175,0,0.1,1,alpha_neg,0.0
beta,29,0.8454268384543077,0.04597841000365285,0.08092042126217172,0,0.0,1,0.8439570174858301,-0.008829096873707773,0.07307954363304252,0,0.0,1,0.9163257623330917,0.049466181145483776,0.049982192793133005,0,0.1,1,beta,1.0
beta,30,0.8043329900719579,-0.06554306077173885,0.05854490136920439,0,0.0,1,0.7858548537422673,0.023110186317994816,0.05974080013681578,0,0.0,1,0.9437261340403694,0.03912576954166696,0.0454900786154783,0,0.1,1,alpha_pos,0.0
beta,31,0.749155805503412,-0.05415908412019449,0.05451110890056572,0,0.0,1,0.848101777521079,0.10719370097601101,0.04800633418484899,1,0.0,0,0.9331196146718861,0.04264227406122143,0.04634396900908799,0,0.1,1,alpha_neg,0.0
beta,32,0.7808567253260211,0.07970769225213131,0.056783040812215406,0,0.0,1,0.8422245217214556,0.07410612499621734,0.04992951755236099,0,0.0,1,0.9403227703833638,0.04763330148171074,0.044931003389907916,0,0.1,1,alpha_pos,0.0
beta,33,0.7289365339025543,0.04714252483579281,0.06063750691696688,0,0.0,1,0.7958513094837871,0.11621112843798087,0.06821918144056101,0,0.0,1,0.9497258750107481,0.016369013112907407,0.05432264077417624,0,0.1,1,alpha_neg,0.0
beta,34,0.839522634184503,-0.06986563484197236,0.06033325650247934,0,0.0,1,0.8374815901599388,-0.05661573640950962,0.07181202366005293,0,0.0,1,0.9252569594670006,-0.004298708748064387,0.04335758132338349,0,0.1,0,alpha_pos,0.0
beta,35,0.7842942112519544,0.07444426822912488,0.050548757619773434,0,0.0,1,0.8199920900489913,0.025236850166863334,0.06734209026972983,0,0.0,1,0.9244389616393154,0.04831783426092309,0.05108553036167141,0,0.1,1,alpha_pos,0.0
beta,36,0.8259593457680564,-0.10374286485919455,0.07231264433877672,0,0.0,1,0.8751078821195399,0.13223236081724743,0.0759621800940814,0,0.0,1,0.9110159943774407,0.19416136414849497,0.04885659955384679,1,0.1,1,beta,1.0
beta,37,0.7592593122532793,-0.1185740199520013,0.05852515282926685,1,0.0,0,0.7152371013702027,-0.0075712255080617125,0.06151346610349747,0,0.0,1,0.947955705767358,0.037460263304409804,0.05286877555525997,0,0.1,1,alpha_pos,0.0
beta,38,0.7830677412422682,0.0694557835581464,0.0719142504407314,0,0.0,1,0.8961729854760336,0.08206326109137481,0.08241823173195627,0,0.0,1,0.9440700119591997,0.10638715319123744,0.04805544860028824,1,0.1,1,beta,1.0
beta,39,0.7499290230918466,0.03282148172492856,0.05009917810245026,0,0.0,1,0.8067688669661991,-0.038306151857947654,0.07715871928077604,0,0.0,1,0.8487773117712542,0.13598388253693824,0.055929574928116184,1,0.1,1,beta,1.0
beta,40,0.7781673715874202,-0.014018700389997155,0.05366480781262787,0,0.0,1,0.7043815913990545,-0.06121942413817203,0.05820484182733607,0,0.0,1,0.9406597790610405,0.09192636923458239,0.05556559297627329,0,0.1,1,beta,1.0
beta,41,0.7260563191487358,0.04773947548074375,0.04829828446160433,0,0.0,1,0.7699927434419043,-0.09789314178879774,0.05305286539056381,0,0.0,1,0.9234163582194936,0.09424747028737558,0.05403707873854105,0,0.1,1,alpha_neg,0.0
beta,42,0.8116763339490015,-0.003209651677588315,0.07119605924275814,0,0.0,1,0.7547771170352017,0.06921122052252107,0.0555647188413417,0,0.0,1,0.9495728825087261,0.05990268391216888,0.0609811145705916,0,0.1,1,alpha_neg,0.0
beta,43,0.7483649359032889,0.16713721444245114,0.07108227836069822,1,0.0,0,0.7630020842535437,-0.042004263621846276,0.06301933578581417,0,0.0,1,0.9464267092957399,0.09670999012351876,0.046548652245328614,1,0.1,1,alpha_pos,0.0
beta,44,0.830158852574501,-0.02993524054336993,0.07744977295228517,0,0.0,1,0.8259928224497125,-0.013131241466750468,0.07164103418638876,0,0.0,1,0.9419512070562829,0.03365086796631987,0.05245155138428825,0,0.1,1,beta,1.0
beta,45,0.8116762000746949,-0.008024111360864826,0.06226951547078386,0,0.0,1,0.802693312774229,0.06520016698271316,0.07000440189429234,0,0.0,1,0.8903394885626982,0.11006188478033581,0.04351828464840364,1,0.1,1,beta,1.0
beta,46,0.7129471705346455,0.16835887103458524,0.051969831881228404,1,0.0,0,0.8316581211593917,0.030867440672881594,0.05082730731407624,0,0.0,1,0.9234362757888512,0.01798117503095574,0.05101082311166392,0,0.1,1,alpha_pos,0.0
beta,47,0.8151333160674664,0.014475841517176784,0.06665100761933064,0,0.0,1,0.8289065210514989,0.06776491389091892,0.06408505833482532,0,0.0,1,0.9207879379365489,0.05082119607552714,0.050459742970059444,0,0.1,1,alpha_neg,0.0
beta,48,0.8347325842394311,0.031003935196103956,0.07325549628402955,0,0.0,1,0.8446295141641068,-0.008667152004111668,0.06485360459761122,0,0.0,1,0.9321117316007428,0.03215735524606049,0.05431014648534825,0,0.1,1,beta,1.0
beta,49,0.7236049614333029,-0.10243050431941496,0.0550384260919717,0,0.0,1,0.8125086956293427,-0.04910954484362902,0.05722935509685239,0,0.0,1,0.9090957025510346,0.2271951756869724,0.044987311667896865,1,0.1,0,beta,1.0
beta,50,0.8565697723750487,0.06950628856236711,0.0621470279369164,0,0.0,1,0.8613181059562778,0.05137483102749863,0.056189503516183084,0,0.0,1,0.9368489711059886,0.029409773168624295,0.0473431376682666,0,0.1,1,alpha_pos,0.0
beta,51,0.7573732526654913,0.07925137988705358,0.064298021305595,0,0.0,1,0.7601765011991759,0.021787678681384804,0.05059105608022472,0,0.0,1,0.9251070215966523,-0.06640717111040112,0.058735707394264265,0,0.1,0,alpha_pos,0.0
beta,52,0.7739777407763033,0.10528880397675988,0.06981229835422552,0,0.0,1,0.7767269751966815,0.03364551671660758,0.05947342441893409,0,0.0,1,0.9543397561433823,0.06570841048030658,0.05668946221527094,0,0.1,1,alpha_pos,0.0
beta,53,0.8227778822731544,-0.17880367760261304,0.06404045503377846,1,0.0,0,0.8227934942470518,0.008236471617288363,0.05851376902540562,0,0.0,1,0.9387646166765989,0.07360045840641442,0.049060900677423414,0,0.1,1,alpha_pos,0.0
beta,54,0.7995866968839801,0.1291777935214029,0.0705674737310164,0,0.0,1,0.6956800876922683,0.029435144682450818,0.05973160000359558,0,0.0,1,0.9420321965277303,0.14048471603151164,0.053987960497904115,1,0.1,1,beta,1.0
beta,55,0.7344099778414611,0.09680493997022172,0.06628218770143722,0,0.0,1,0.7656877710711983,0.04092334589827238,0.050878969937555064,0,0.0,1,0.9476502784781949,0.10576197739118663,0.04588908238295208,1,0.1,1,beta,1.0
beta,56,0.8284043785718893,-0.019739231178344793,0.06292345572094286,0,0.0,1,0.7903182848893332,-0.0360928546786621,0.061062715631359635,0,0.0,1,0.91843903355302,0.09111381751403773,0.057139092360426476,0,0.1,1,beta,1.0
beta,57,0.7366633923746085,0.018134606270332497,0.06028368731078212,0,0.0,1,0.8712465328010831,-0.030190639799109867,0.07442399556701143,0,0.0,1,0.9531835017711616,0.18423583966024035,0.05508846516794519,1,0.1,1,beta,1.0
beta,58,0.7789992212114071,0.010779613104329278,0.0630975284273541,0,0.0,1,0.8252975896855397,-0.028303153174885416,0.07402109244689663,0,0.0,1,0.8831739732377246,0.05615662982146224,0.048177031230995475,0,0.1,1,beta,1.0
beta,59,0.6835458846615284,-0.053374161803422734,0.054993250242886524,0,0.0,1,0.8158177529231085,-0.013819761430126547,0.06853598838576064,0,0.0,1,0.938281589966294,-0.009948499782826328,0.049702647838371694,0,0.1,0,alpha_pos,0.0
beta,60,0.8417370333042725,0.1080353804197678,0.06592503881814102,0,0.0,1,0.8184581843144846,-0.1168876570245409,0.0694860452131175,0,0.0,1,0.930318837571494,0.050504678795958574,0.0651122780473878,0,0.1,1,alpha_neg,0.0
beta,61,0.7945280304697367,-0.03343776569664616,0.058701990140672136,0,0.0,1,0.7548928458467077,-0.11862791154226139,0.06095728567731648,0,0.0,1,0.9526844253895264,0.0515861400116768,0.05180527022490765,0,0.1,1,alpha_neg,0.0
beta,62,0.8712290268069149,0.059291215739714534,0.06908021108987548,0,0.0,1,0.7459562825161306,0.04275931764337566,0.06695645823681465,0,0.0,1,0.903421606497145,0.09959592035340849,0.0394595636883334,1,0.1,1,beta,1.0
beta,63,0.819620536906446,0.03922034836854536,0.06811331650346272,0,0.0,1,0.7353663292244604,-0.06003109564430709,0.07076880558536515,0,0.0,1,0.9568153724951556,0.1341811884727943,0.054532407218985994,1,0.1,1,beta,1.0
beta,64,0.7977830346275732,0.10976728994783524,0.057006384331278886,0,0.0,1,0.8084649723289763,-0.027028175014675276,0.0703065580594556,0,0.0,1,0.9133405162357298,0.08198521027971732,0.04304108877072187,0,0.1,1,alpha_pos,0.0
beta,65,0.7556120394614,-0.05743830798720338,0.07186676101319917,0,0.0,1,0.8237886175497364,0.057120039763043945,0.06906678313299112,0,0.0,1,0.9253537995267296,0.10873141230021698,0.055380197276299795,1,0.1,1,beta,1.0
beta,66,0.8027797078254645,-0.0309581214314925,0.07712597042624328,0,0.0,1,0.6999628578095097,0.009619378071572758,0.06144861388002026,0,0.0,1,0.9443671226863968,0.1548602784071585,0.05229512155353723,1,0.1,1,beta,1.0
beta,67,0.7846487491900869,-0.12416182876921057,0.053216249158124576,1,0.0,0,0.7765567825887557,0.026804285483087862,0.06715943342156172,0,0.0,1,0.9125890554706726,0.160186671113384,0.03898123956960881,1,0.1,1,beta,1.0
beta,68,0.7397308044433857,0.09373028719694568,0.04840756700520651,0,0.0,1,0.8612042258963609,0.06668537144367939,0.07223622362520782,0,0.0,1,0.9300584028823898,0.011979027270006971,0.050145392184304804,0,0.1,1,alpha_pos,0.0
beta,69,0.7949378750026826,0.03859618060527332,0.0718246046925861,0,0.0,1,0.8372808746934115,0.012008881850563008,0.06865633146464831,0,0.0,1,0.9359546090417455,0.04627992548883465,0.04524483069654682,0,0.1,1,beta,1.0
beta,70,0.7615755326970375,0.00893749599523931,0.05086850509032796,0,0.0,1,0.7640176406285167,0.06813195208385713,0.05775518802009273,0,0.0,1,0.8997370460731181,0.08600842110954865,0.047413336902680736,0,0.1,1,beta,1.0
beta,71,0.7965411402478637,-0.1510450452214748,0.058822309023471644,1,0.0,0,0.8349619685918928,-0.017721000647554157,0.06781189708823139,0,0.0,1,0.938850866882778,0.0040119283871634945,0.04563876550130722,0,0.1,0,alpha_pos,0.0
beta,72,0.7563132693476853,-0.021228290339227143,0.0527929797545597,0,0.0,1,0.771204616655538,0.06269510067145671,0.06034765075596053,0,0.0,1,0.9496065860814601,0.04652901462725592,0.055987580211333904,0,0.1,1,alpha_neg,0.0
beta,73,0.7723732981015798,0.06885508678295252,0.05164617630706925,0,0.0,1,0.8465326999601578,0.07971455908001342,0.060730370551085364,0,0.0,1,0.9142267638801802,0.007612648680469789,0.048045179386429264,0,0.1,1,alpha_neg,0.0
beta,74,0.8096832029788825,0.12106683124129859,0.06409553640647504,0,0.0,1,0.7657977737978909,0.011270937816815558,0.0646917585198711,0,0.0,1,0.9430267214653016,0.02062798633795492,0.052158471877123566,0,0.1,1,alpha_pos,0.0
beta,75,0.8470296412703103,-0.043365705660312816,0.07290586435284777,0,0.0,1,0.7753847802342391,0.027942640478018848,0.057583613161046515,0,0.0,1,0.9411797932610869,0.015683364257016618,0.05632113207129998,0,0.1,1,alpha_pos,0.0
beta,76,0.8072344082046495,-0.027605095940518822,0.062405283565235316,0,0.0,1,0.8417326899867231,-0.05328555472346234,0.05607999291545705,0,0.0,1,0.926391102577061,0.07540729249831508,0.047613517139471276,0,0.1,1,beta,1.0
beta,77,0.7949615124215725,-0.008183490501048867,0.07062891414264864,0,0.0,1,0.8264932081059486,0.12189334894189507,0.06508179671333758,0,0.0,1,0.9654833635100576,0.11609207492713558,0.05382968283555393,1,0.1,1,alpha_neg,0.0
beta,78,0.7621670968798417,0.13873453251392445,0.07531185544694846,0,0.0,1,0.8127970621873303,-0.13816749877774284,0.06093472636693945,1,0.0,0,0.9630528736905593,0.22386361909083552,0.05245239447361283,1,0.1,0,beta,1.0
beta,79,0.8587126344491922,0.05469483968686838,0.06462525349681689,0,0.0,1,0.7910322005714706,-0.04977924980249504,0.05668273022690188,0,0.0,1,0.9334912585859237,0.11334218037448959,0.05083180259121859,1,0.1,1,beta,1.0
beta,80,0.8127710951475506,-0.025308843443426123,0.08087018850948029,0,0.0,1,0.812790584466204,0.017635032313442402,0.06749821349277435,0,0.0,1,0.9127247347995462,-0.02035735870684088,0.049496662795398876,0,0.1,0,alpha_pos,0.0
beta,81,0.7881357035186319,-0.004522129331907193,0.05975225396897905,0,0.0,1,0.7908274642497969,-0.08305066175226725,0.06027516990928711,0,0.0,1,0.947660350364711,-0.026873846370644126,0.05801337373152067,0,0.1,0,alpha_neg,0.0
beta,82,0.7506045846152314,-0.16155754718506452,0.051712661971172635,1,0.0,0,0.7810631281322428,0.11454722264030658,0.0695332411962651,0,0.0,1,0.9460556940158414,0.06295768770182351,0.06494097071174346,0,0.1,1,alpha_pos,0.0
beta,83,0.8745994991935752,-0.02730986571015313,0.08557263683524895,0,0.0,1,0.8102377266302261,-0.06418092331518568,0.054118817718626734,0,0.0,1,0.9051502006034756,0.09257835567399342,0.04347202042489258,1,0.1,1,beta,1.0
beta,84,0.7868172043795384,0.025997032645185596,0.06055332844179703,0,0.0,1,0.8476599515442383,0.10573940486261285,0.065496238631314,0,0.0,1,0.9623524933135117,0.1206732399117866,0.05527183668430728,1,0.1,1,beta,1.0
beta,85,0.7867794778372401,0.003488839667696403,0.05090202581134102,0,0.0,1,0.7890403281992112,-0.12247116972268698,0.051757567280449356,1,0.0,0,0.9333545286225247,0.05086603576553591,0.046768100642006566,0,0.1,1,alpha_neg,0.0
beta,86,0.823762276779953,0.02990193623649158,0.06396750532013594,0,0.0,1,0.7050551656435309,0.03636393777144725,0.05281886039221039,0,0.0,1,0.9117367530642356,0.11492875307546468,0.044264723188643204,1,0.1,1,beta,1.0
beta,87,0.7434316220317716,-0.01874944003523038,0.046545628505569515,0,0.0,1,0.7797387051244311,-0.05706205812675631,0.06284781393894975,0,0.0,1,0.9401788463123976,0.1107287347875578,0.060797485812197655,0,0.1,1,beta,1.0
beta,88,0.8162798527440682,-0.07606078696547375,0.06528963138179912,0,0.0,1,0.8506027353791676,0.02413712779840279,0.06015520415397541,0,0.0,1,0.9494733256263934,-0.02435428133121033,0.05282369414450835,0,0.1,0,alpha_pos,0.0
beta,89,0.7609091882215888,-0.09676470835228553,0.060604577111830496,0,0.0,1,0.7584285266891959,0.08770413950683352,0.05433862775048499,0,0.0,1,0.9224356608666054,0.10011070952155149,0.048436241684992117,1,0.1,1,beta,1.0
beta,90,0.8055100228237131,0.11472866198278603,0.07331103629443382,0,0.0,1,0.8567022591790552,0.11301446952477488,0.06663899041804552,0,0.0,1,0.9583977224198391,0.2227379795943599,0.053766764582789596,1,0.1,0,beta,1.0
beta,91,0.7798668645352309,0.01734726209007754,0.06488359145350996,0,0.0,1,0.7926222079864587,-0.05766387050203175,0.0621741241211409,0,0.0,1,0.9367445643847622,0.11307546618907509,0.06269097026258252,0,0.1,1,beta,1.0
beta,92,0.7573874700401129,0.02052567111780647,0.05918282233938205,0,0.0,1,0.6857396287937697,-0.05871538512963134,0.06264412875568522,0,0.0,1,0.9462880289346369,0.006738415215922144,0.05635967712643301,0,0.1,1,alpha_neg,0.0
beta,93,0.721085652407866,-0.038947995012708334,0.054535601703512106,0,0.0,1,0.8253098429134068,0.14410125628528045,0.07041495338999969,1,0.0,0,0.9454973814651856,0.07762038748323093,0.051010072283040865,0,0.1,1,alpha_neg,0.0
beta,94,0.761594816862362,0.07656293500031618,0.06315441319801526,0,0.0,1,0.7176419330310385,0.1113955681009363,0.04814162336800155,1,0.0,0,0.9369461528893328,0.12584533687831134,0.051447319956466106,1,0.1,1,beta,1.0
beta,95,0.7925410563367187,0.030395269210852838,0.06227321677928857,0,0.0,1,0.7562063857726048,0.07287259125548946,0.05857086148003989,0,0.0,1,0.9329601619339083,0.09651336755034313,0.05348172237227755,0,0.1,1,beta,1.0
beta,96,0.85288140512337,-0.03948769108060448,0.06793400334539683,0,0.0,1,0.7618309416626935,-0.09653117934537246,0.056509318266423934,0,0.0,1,0.9310471497944082,0.21729613019190758,0.05190659182931103,1,0.1,0,beta,1.0
beta,97,0.7878807108985293,-0.04187444795994418,0.07016430093683136,0,0.0,1,0.7252092570491537,0.029636282049437322,0.049918036672881395,0,0.0,1,0.9320477298361057,0.10585851580252492,0.04717454631615886,1,0.1,1,beta,1.0
beta,98,0.8133399754260892,0.08349313771598585,0.06259536256649695,0,0.0,1,0.7793452336606673,-0.1430842557161478,0.06110486209114997,1,0.0,0,0.9399199060844643,0.07389521856732519,0.05133408561539528,0,0.1,1,alpha_neg,0.0
beta,99,0.8284436325823694,-0.0760775166770538,0.06737233412084902,0,0.0,1,0.814312533303621,0.08128551441233976,0.06430029171841688,0,0.0,1,0.928543744053807,0.13199634477156896,0.047509916763016864,1,0.1,1,beta,1.0
beta,100,0.8647060551685422,-0.0043343635592017656,0.05821281393863813,0,0.0,1,0.7750415349011052,-0.040278495353003575,0.04766804519361823,0,0.0,1,0.9283383752957322,0.07178103918735385,0.04674724563099875,0,0.1,1,beta,1.0
beta,101,0.8137504115103482,0.07124442770045077,0.06803575090122836,0,0.0,1,0.7903469369213819,0.07733000773962904,0.06299107766778853,0,0.0,1,0.9235092009695136,0.09714193921945488,0.05009876342157225,0,0.1,1,beta,1.0
beta,102,0.7403297030525627,-0.03029067968212063,0.057494174936396324,0,0.0,1,0.8199382189742521,-0.07496918278797154,0.06492314077034729,0,0.0,1,0.9441659488063838,0.04494805927493835,0.0530515029970963,0,0.1,1,alpha_neg,0.0
beta,103,0.7599237827339471,-0.1598680613976911,0.054013292552060325,1,0.0,0,0.8201790094330116,-0.03623528570266795,0.06772047535945379,0,0.0,1,0.9468213787382801,0.12737566676302803,0.04874240281230682,1,0.1,1,alpha_pos,0.0
beta,104,0.8014266775379334,0.10054638001965265,0.057276436892546585,0,0.0,1,0.784079890036246,0.06651046261677732,0.07556505830669216,0,0.0,1,0.9369350028939122,0.06261752656144193,0.04839374362447991,0,0.1,1,alpha_pos,0.0
beta,105,0.7976642783284549,0.057498903900816245,0.05453147770509128,0,0.0,1,0.8085631020527143,-0.020200191952800504,0.06692415246807905,0,0.0,1,0.9375928586478844,0.09491546879212133,0.04917435345999951,0,0.1,1,beta,1.0
beta,106,0.8566820098186634,-0.12323848482710684,0.0677067603312976,0,0.0,1,0.8385124063573354,0.11083008050036373,0.05964475343606576,0,0.0,1,0.9371058786666289,0.14680482233772502,0.05450524274019998,1,0.1,1,beta,1.0
beta,107,0.7347408200228548,0.03375633952776903,0.05313234763904843,0,0.0,1,0.8326928354594517,0.026965264939545243,0.05610180540185232,0,0.0,1,0.938390821981845,0.17789669422971507,0.0569091340740903,1,0.1,1,beta,1.0
beta,108,0.8435243595319457,0.000677787066328179,0.05792911246987843,0,0.0,1,0.7883118512102649,-0.023823362597945524,0.07148514538512037,0,0.0,1,0.9290524569682755,-0.007035580296172433,0.0575249828469298,0,0.1,1,alpha_neg,0.0
beta,109,0.7671923193051642,-0.13104246259916397,0.06610177237049498,1,0.0,0,0.8046369535330213,0.15220304398579337,0.06142738384066106,1,0.0,0,0.9116431046793545,0.1685933323342345,0.059635319121797536,1,0.1,1,beta,1.0
beta,110,0.8012366456788809,-0.05479890785361191,0.06193632938341568,0,0.0,1,0.8304002509205346,0.0020864782196545906,0.0664689689564365,0,0.0,1,0.9473522568317907,0.15635491467730792,0.052085348567942044,1,0.1,1,beta,1.0
beta,111,0.8286277402328723,-0.020535905507630136,0.0769675880578519,0,0.0,1,0.8782193298971765,0.0811171692601893,0.06638681237249897,0,0.0,1,0.9396279900086629,0.15157582571296987,0.047503105903973324,1,0.1,1,beta,1.0
beta,112,0.8788603596520373,0.08341833166714692,0.08223986111532423,0,0.0,1,0.8530479983176981,-0.05000665725122482,0.06597438518494646,0,0.0,1,0.9382721824869544,0.14542818578976008,0.05075195851273475,1,0.1,1,beta,1.0
beta,113,0.8346497609132815,0.06152211369712185,0.06123357684849594,0,0.0,1,0.7034670054828075,0.043572303675522096,0.048668752955879795,0,0.0,1,0.9150295184104535,0.06935029462338366,0.04899174730764627,0,0.1,1,beta,1.0
beta,114,0.7436859899966429,0.042887952187589604,0.06260049912790128,0,0.0,1,0.7280984379552337,0.050072902471606395,0.061162643790989436,0,0.0,1,0.9554993261733029,0.12565807235504528,0.045093333937947094,1,0.1,1,beta,1.0
beta,115,0.7898113970542551,-0.13490909954393335,0.07268792313508883,0,0.0,1,0.8295974437771865,0.022386603339209693,0.07193196218838321,0,0.0,1,0.9418350992286643,-0.027279878039267805,0.05838813745241211,0,0.1,0,alpha_pos,0.0
beta,116,0.7459167967823251,0.07451957364744984,0.04825314225197955,0,0.0,1,0.7809427767317833,0.08237493487500708,0.06290969470388212,0,0.0,1,0.9025326360918081,0.10163322538094868,0.0496868905731849,1,0.1,1,beta,1.0
beta,117,0.7690265442104729,0.08648609723709376,0.06408297668328321,0,0.0,1,0.8445322945139241,0.000646708950073284,0.06404556272007088,0,0.0,1,0.9252601756961392,-0.0355828077106317,0.053905006885862694,0,0.1,0,alpha_pos,0.0
beta,118,0.7523594596251676,0.16241985256031863,0.05718686115043907,1,0.0,0,0.7706792206604801,-0.04229149099041542,0.055216908428557386,0,0.0,1,0.9405733477489199,0.10518913381836195,0.04564307574690235,1,0.1,1,alpha_pos,0.0
beta,119,0.8421894267307208,-0.15922931067659626,0.06799825801771042,1,0.0,0,0.8601529153565349,-0.09003950118888944,0.07195489812905687,0,0.0,1,0.9467724808766583,0.11764423825510957,0.047387579116460896,1,0.1,1,alpha_pos,0.0
beta,120,0.7793682307939265,-0.019488517094932288,0.06752429123458194,0,0.0,1,0.7872369289291749,-0.06937409843905351,0.06768423856102247,0,0.0,1,0.956805157828847,0.13169190181603457,0.05007633296962348,1,0.1,1,beta,1.0
beta,121,0.7658117078027578,-0.036321216032285976,0.07183413420028206,0,0.0,1,0.6780959869423231,-0.16419606245282534,0.05492350716180843,1,0.0,0,0.93380513873183,0.13853793341600273,0.049144700871554155,1,0.1,1,alpha_neg,0.0
beta,122,0.8434835724165788,-0.11634679291989028,0.06382176448102327,0,0.0,1,0.8610842724493267,-0.05560908173838155,0.07244053561254152,0,0.0,1,0.8943675747768282,0.07197291937587,0.052646826029233575,0,0.1,1,alpha_pos,0.0
beta,123,0.8038207085138286,0.12124288656629524,0.06951783347527922,0,0.0,1,0.8275228456343406,-0.012817276528072997,0.0628173812891451,0,0.0,1,0.9559095766335096,0.015042615223053533,0.060006316255352014,0,0.1,1,alpha_pos,0.0
beta,124,0.776557119949691,0.07575419804552787,0.0657239122222404,0,0.0,1,0.7689340793490174,-0.06520777997485193,0.055820194798027044,0,0.0,1,0.9348233929307315,0.04382000249130992,0.05543664231426066,0,0.1,1,alpha_pos,0.0
beta,125,0.744367036651709,0.0116047428135931,0.05800000854566161,0,0.0,1,0.8071420159462694,-0.0012917803805382246,0.06960737975505706,0,0.0,1,0.9428450187123715,0.1255932482452192,0.049036586671132164,1,0.1,1,beta,1.0
beta,126,0.7796472931994668,-0.0916880209603193,0.08274313079769055,0,0.0,1,0.7672612966915879,-0.01891921082794081,0.05444591280278633,0,0.0,1,0.9612787674823219,0.13734676797051099,0.0490219092135107,1,0.1,1,beta,1.0
beta,127,0.850194007791169,0.06862839404410769,0.07499036421306952,0,0.0,1,0.7463602653829086,-0.009351680163410151,0.05400968013784119,0,0.0,1,0.9442133350243831,0.1290404820887137,0.05105191610081774,1,0.1,1,beta,1.0
beta,128,0.8131918887401983,-0.12506854733046718,0.06685526423583142,0,0.0,1,0.697321955415982,-0.1435728806068074,0.06823060684511494,1,0.0,0,0.918654372320106,0.02204490721648872,0.04869308267587654,0,0.1,1,alpha_neg,0.0
beta,129,0.7795082423917418,-0.025511717510830652,0.07316230977260356,0,0.0,1,0.7524358967246598,0.012559677406095803,0.055233518138958645,0,0.0,1,0.9670496437608732,0.13333820594987741,0.04826299390450231,1,0.1,1,beta,1.0
beta,130,0.825672986168094,0.03847553487214148,0.05967748019536857,0,0.0,1,0.8073577254664667,0.1706353967527278,0.06724395374433957,1,0.0,0,0.9613899411460919,0.08305316923556291,0.054369112135463686,0,0.1,1,alpha_neg,0.0
beta,131,0.8474522673890225,-0.03160443019611724,0.06256293736299977,0,0.0,1,0.7850936296331217,-0.03304632902657847,0.053994854369047905,0,0.0,1,0.9581245946973909,0.05313206958331023,0.05355220570938249,0,0.1,1,beta,1.0
beta,132,0.7580838554673714,0.14098572225517092,0.06448866238448811,1,0.0,0,0.6988749099301542,-0.0397418293341781,0.05969430145264154,0,0.0,1,0.9638732193504651,0.12118742566507724,0.05274682124235328,1,0.1,1,alpha_pos,0.0
beta,133,0.7806066831938112,-0.0647740736017318,0.07828259174458027,0,0.0,1,0.8220101488728713,0.11066969994323851,0.06234535889128698,0,0.0,1,0.9024751071415431,0.03542611256714789,0.05264769177898249,0,0.1,1,alpha_neg,0.0
beta,134,0.7663187243132206,-0.03589344816592086,0.06287687881934818,0,0.0,1,0.6778554238652197,-0.14427147091318632,0.06445685165945525,1,0.0,0,0.9125887113844232,0.2114931734645696,0.05065463186092454,1,0.1,0,beta,1.0
beta,135,0.8084259343558882,0.1541436390017497,0.07703787570534151,1,0.0,0,0.857300427842479,-0.11588529386375913,0.07782968893260625,0,0.0,1,0.9645875603324748,0.0360830296001503,0.05623550682714084,0,0.1,1,alpha_pos,0.0
beta,136,0.806100185694376,-0.09179413916142112,0.06128158046344243,0,0.0,1,0.7872023577601656,-0.03689119811162192,0.05242558851097277,0,0.0,1,0.9367529452766848,0.005585755897719742,0.06261323784360733,0,0.1,1,alpha_pos,0.0
beta,137,0.8377089385820795,0.09090190044387593,0.07332731164952644,0,0.0,1,0.8166147440153234,0.025042797329794402,0.05932232459702192,0,0.0,1,0.9558558489672857,-0.0705068883614247,0.05663680142019911,0,0.1,0,alpha_pos,0.0
beta,138,0.7761938320107646,-0.03588076139375263,0.06469235153762405,0,0.0,1,0.6917204842778621,0.005172297586437499,0.051488388147151835,0,0.0,1,0.9433065487288611,0.0979454358697363,0.04808418593527994,1,0.1,1,beta,1.0
beta,139,0.8043842342451901,0.13454135120827743,0.05867201886725129,1,0.0,0,0.7917733543893831,0.07357486164454767,0.05226597998575909,0,0.0,1,0.9521967134419309,0.06456954573631331,0.053687195359023665,0,0.1,1,alpha_pos,0.0
beta,140,0.7009325506274631,0.03713503674463274,0.06283427959794691,0,0.0,1,0.8522018407199335,0.03291032275567966,0.05981462506441461,0,0.0,1,0.9642088161839296,-0.005288883843393221,0.05460022849866629,0,0.1,1,alpha_pos,0.0
beta,141,0.7732485131717213,-0.04544490927043249,0.0583631110580432,0,0.0,1,0.7219758389563555,-0.04682566999570508,0.061806338860220515,0,0.0,1,0.9490258647023734,0.09054150135010727,0.05444366483232112,0,0.1,1,beta,1.0
beta,142,0.7737622645087443,-0.08167970518566571,0.057688272766489294,0,0.0,1,0.7773758714952539,-0.12480216432107197,0.057944614095651624,1,0.0,0,0.9449074978777021,0.13672024157525306,0.05639590428964031,1,0.1,1,beta,1.0
beta,143,0.7852500747809469,-0.02221285056024548,0.0627896640235491,0,0.0,1,0.8357383135569145,-0.07856657957395348,0.07824200494703656,0,0.0,1,0.9061526174227841,0.06903782175940146,0.04238448676148423,0,0.1,1,alpha_neg,0.0
beta,144,0.7652544520031623,-0.00021979705072506275,0.06038345126577014,0,0.0,1,0.7533347493830145,-0.1237552784064213,0.06195899092368427,1,0.0,0,0.9349180559132811,0.13796682851826653,0.0514753362889842,1,0.1,1,beta,1.0
beta,145,0.7534388835781176,-0.1072109739792626,0.052786000821931876,1,0.0,0,0.7882407893483279,0.006898333964179916,0.06853311583955601,0,0.0,1,0.892529958346214,0.07190985939995924,0.0590009715018968,0,0.1,1,alpha_pos,0.0
beta,146,0.8780468689745473,0.05096872622411611,0.06591495024259263,0,0.0,1,0.7815346899121693,-0.21005708437051232,0.05483652184727021,1,0.0,0,0.9485054337211075,0.15802122745828315,0.04254951452736339,1,0.1,1,alpha_neg,0.0
beta,147,0.8401856645060237,0.04816120792406304,0.05842885469099451,0,0.0,1,0.8251000432927119,0.07093691788771575,0.05511356123878781,0,0.0,1,0.9505549152694477,0.04512149086950157,0.05380931753591635,0,0.1,1,alpha_neg,0.0
beta,148,0.734972408559059,-0.11903786809453536,0.06549572117908246,0,0.0,1,0.758275108899998,-0.022153479125793355,0.04478765698088046,0,0.0,1,0.913294935031254,0.023301787247983888,0.05588790414975573,0,0.1,1,alpha_pos,0.0
beta,149,0.7657569801029555,0.07101229709753315,0.0690976604450543,0,0.0,1,0.8201456760966381,0.06501990776456242,0.05886108550721084,0,0.0,1,0.9606937554040935,0.13414697114186774,0.06065775567869856,1,0.1,1,beta,1.0
beta,150,0.8081773671423566,-0.07074900786275728,0.06542800681677387,0,0.0,1,0.7166181826684519,0.13028468613992963,0.0579531583179147,1,0.0,0,0.9116937084692753,0.11516310216161967,0.05136069527676602,1,0.1,1,alpha_neg,0.0
beta,151,0.7334526670486139,0.08809561502438683,0.056885547571166116,0,0.0,1,0.8273887641186811,-0.08923227082475181,0.06930595282956967,0,0.0,1,0.9462294569469465,0.1411931771539216,0.052176498105657255,1,0.1,1,beta,1.0
beta,152,0.8223751482303194,-0.03654967081505556,0.0636519607030658,0,0.0,1,0.8621300713333916,-0.06423116108546364,0.0715060960212743,0,0.0,1,0.9536449480821385,0.0891339027329175,0.05478439664686662,0,0.1,1,beta,1.0
beta,153,0.7642254982877567,-0.1752500359270257,0.06555123284638864,1,0.0,0,0.8355014642306834,0.08172833170103959,0.06478593827172413,0,0.0,1,0.9129552985536453,0.17829845496979305,0.04314650364476314,1,0.1,1,beta,1.0
beta,154,0.7790174142512215,-0.06837368373879704,0.07032707947748117,0,0.0,1,0.7491372357878915,0.062041956757465426,0.06015550516796283,0,0.0,1,0.9220814963999283,0.011687896707387574,0.05205527832305588,0,0.1,1,alpha_pos,0.0
beta,155,0.8341493141691114,-0.13569362944709687,0.05600400278104614,1,0.0,0,0.7950150616770548,0.13886235154126844,0.05982269441475866,1,0.0,0,0.9021845610920597,-0.07875602011070808,0.04086514610843979,0,0.1,0,alpha_neg,0.0
beta,156,0.8928341427238226,0.042561577792041214,0.06378963294133987,0,0.0,1,0.6593068562053948,-0.05652208838611927,0.06079154613913084,0,0.0,1,0.9503445394513337,0.023852764630362813,0.05690621700480681,0,0.1,1,alpha_neg,0.0
beta,157,0.883382395486562,0.0003554709069010744,0.0690043031880372,0,0.0,1,0.8304138177486174,0.013484028388384197,0.07434982718128344,0,0.0,1,0.9401613237702753,0.017109428524443072,0.05149285793749549,0,0.1,1,beta,1.0
beta,158,0.6972628270680533,-0.012257845804018683,0.059964952827491105,0,0.0,1,0.8006880094775258,0.06978709474791106,0.06058884303726158,0,0.0,1,0.9589353933978355,0.0500553574636583,0.052089299131846734,0,0.1,1,alpha_neg,0.0
beta,159,0.7800667445231899,-0.016306184310086732,0.04962414599053227,0,0.0,1,0.8427054559157211,0.010630666199672721,0.07278719689602837,0,0.0,1,0.911000511211497,0.05542771532527606,0.05189293696007945,0,0.1,1,beta,1.0
beta,160,0.7177110963210919,0.0777346462702056,0.045268100944309296,0,0.0,1,0.8347328048053694,-0.006578484392995612,0.06952701977126106,0,0.0,1,0.9052870003628916,0.15892023624757054,0.051768008688312286,1,0.1,1,beta,1.0
beta,161,0.7480658482190558,-0.00023572218128129328,0.07779857468334238,0,0.0,1,0.8227345749008134,-0.1389131594547208,0.06678349508345033,1,0.0,0,0.9538083813816479,0.18542530815345573,0.049742257879111934,1,0.1,1,beta,1.0
beta,162,0.8448881682603773,0.14539731439601083,0.05610805532476375,1,0.0,0,0.7821377775367766,0.08232188494078804,0.0658648775072823,0,0.0,1,0.9348883201531016,0.08879727059484586,0.053378456848853006,0,0.1,1,alpha_pos,0.0
beta,163,0.843087836200817,-0.05616464626152434,0.06031231898722043,0,0.0,1,0.676037071614253,0.05540109939929111,0.047867995403329,0,0.0,1,0.9396238291082045,0.10248160132977897,0.04952429186227316,1,0.1,1,beta,1.0
beta,164,0.782317563010457,0.031418195941047444,0.04918623197063803,0,0.0,1,0.8228914325380836,-0.029199901091915823,0.07098233128546243,0,0.0,1,0.9355093054983309,0.02902905874306241,0.04702164292164256,0,0.1,1,alpha_pos,0.0
beta,165,0.842377281519853,0.012009722183456977,0.062418684855716916,0,0.0,1,0.8136855971726609,0.05559875655229616,0.06705706751328905,0,0.0,1,0.9061419430250515,0.021315544489332844,0.048497171047526044,0,0.1,1,alpha_neg,0.0
beta,166,0.7263847163269749,0.15968092578939483,0.04985037434327493,1,0.0,0,0.8727046458607809,-0.046458845374921266,0.06041243490872417,0,0.0,1,0.9254120073201052,0.01810110903017558,0.05397471554402334,0,0.1,1,alpha_pos,0.0
beta,167,0.8513066752692314,-0.1641798526085501,0.05614943603885936,1,0.0,0,0.8218884406293456,-0.048046323882645965,0.06249262097977202,0,0.0,1,0.9302617811010239,0.05357807835950778,0.04965100370373014,0,0.1,1,alpha_pos,0.0
beta,168,0.7998734282472183,-0.012843599117254367,0.06913345267230446,0,0.0,1,0.7303766494132935,0.1197752808562648,0.05141392904272111,1,0.0,0,0.9509282752551758,0.023362566218688843,0.06217100389515916,0,0.1,1,alpha_neg,0.0
beta,169,0.8239944550977344,-0.034060525812807475,0.08359419512864835,0,0.0,1,0.8099906849874854,0.07646699339589062,0.05470906236878921,0,0.0,1,0.9367332879974853,0.0909263649861035,0.0446784396570525,1,0.1,1,beta,1.0
beta,170,0.8223381092311758,-0.05643656617579585,0.0712736340226058,0,0.0,1,0.9044349672843924,0.10012107432537054,0.06255656562352169,0,0.0,1,0.930299602385747,0.02883471029116847,0.05932667319167828,0,0.1,1,alpha_neg,0.0
beta,171,0.7926668103302951,-0.003841595766943841,0.06448255335283119,0,0.0,1,0.7493837539690906,-0.031685762627231336,0.06107577784528057,0,0.0,1,0.9237618999845381,0.13035051087267638,0.054965381155002796,1,0.1,1,beta,1.0
beta,172,0.8213287973203018,-0.0358851062917736,0.06557510874558291,0,0.0,1,0.8037417831806465,0.02402150721196001,0.07247962501372636,0,0.0,1,0.9245196824646565,0.16604868042734686,0.05097470588638114,1,0.1,1,beta,1.0
beta,173,0.8139799867720398,0.004607993653255922,0.061109822616613754,0,0.0,1,0.8124771343002565,-0.2100759630773546,0.06618996917615297,1,0.0,0,0.944117678544976,0.15172980457737117,0.05487024629692279,1,0.1,1,alpha_neg,0.0
beta,174,0.7410167297497395,0.12498068899478969,0.059546361907335726,1,0.0,0,0.8365503512241941,0.015341750817570995,0.057382535426604125,0,0.0,1,0.9182802437531478,-0.011265184851378295,0.04983433946516687,0,0.1,0,alpha_pos,0.0
beta,175,0.8498293588088893,0.07897411573304779,0.06548579662918913,0,0.0,1,0.8429441786165254,-0.028192354147004006,0.06645617488643363,0,0.0,1,0.9454540781221235,0.03298210865947396,0.05296598359877992,0,0.1,1,alpha_pos,0.0
beta,176,0.8211619780859966,0.07084480904860567,0.06544913864050263,0,0.0,1,0.7048820426356232,-0.004675784012722838,0.048832232833958975,0,0.0,1,0.9454230032168499,0.07561155234820789,0.04658983513903928,0,0.1,1,beta,1.0
beta,177,0.8386092313259129,-0.03570016677497872,0.06040658860950665,0,0.0,1,0.8163638397725406,-0.07590280472476457,0.06209694733486433,0,0.0,1,0.9413486094923702,0.020940048833099367,0.04947246471190806,0,0.1,1,alpha_neg,0.0
beta,178,0.8444213581348936,-0.04889352408570729,0.0614584673202519,0,0.0,1,0.7509977528250631,0.12538387538216617,0.0654652798343447,0,0.0,1,0.9268450713163157,0.0780085126775699,0.050294009298364285,0,0.1,1,alpha_neg,0.0
beta,179,0.7431473284115845,0.07549458584343206,0.07416680038486097,0,0.0,1,0.7538995447301585,0.023227991459304532,0.06033046141813405,0,0.0,1,0.9437361777764778,0.05821467497307385,0.052542382463565074,0,0.1,1,alpha_pos,0.0
beta,180,0.8123036562758454,0.0068368484588778615,0.06172210424196673,0,0.0,1,0.8185504756715846,0.13128096858715715,0.07024289818458651,0,0.0,1,0.9117082587719019,-0.07996163005873323,0.046798914364365306,0,0.1,0,alpha_neg,0.0
beta,181,0.7865923733061915,0.17736163884774245,0.06188312198569177,1,0.0,0,0.7796338345991827,0.017787101480143903,0.061257603616325776,0,0.0,1,0.936791318209383,0.09388439762879866,0.05096298834231017,0,0.1,1,alpha_pos,0.0
beta,182,0.7984881803594729,0.08216354742808465,0.050634197195344455,0,0.0,1,0.8454386673802339,-0.019418322562750022,0.05746195206239083,0,0.0,1,0.9619356485578429,0.1325180200334108,0.058734079491998,1,0.1,1,beta,1.0
beta,183,0.6939996916498236,0.040154478924581447,0.052483986631890855,0,0.0,1,0.8441270049676224,0.07254592071639009,0.07761811152022668,0,0.0,1,0.9209727443129149,-0.0652664666797923,0.05361710673149479,0,0.1,0,alpha_neg,0.0
beta,184,0.8452653521232807,-0.0925950620871609,0.0702757265370122,0,0.0,1,0.7674604730450387,-0.009986285157224913,0.06894835082430155,0,0.0,1,0.9184600007430571,0.01861922881479816,0.03924002838005426,0,0.1,0,alpha_pos,0.0
beta,185,0.7690432614254431,0.03382481365067728,0.05901765953633768,0,0.0,1,0.8212704395538125,-0.02511254187111839,0.06820063016136468,0,0.0,1,0.9225377833927326,0.1369399714656727,0.04969720139566534,1,0.1,1,beta,1.0
beta,186,0.7931832593874697,0.02349453156477876,0.06875753605779655,0,0.0,1,0.7962861534977247,0.1870299542898013,0.05804900668185494,1,0.0,0,0.9247028408854778,0.00949513117262838,0.043867610802665706,0,0.1,0,alpha_neg,0.0
beta,187,0.7372218626235779,0.08265431428657181,0.05684655123925691,0,0.0,1,0.7577581742267484,0.024733753815116194,0.060695246800046725,0,0.0,1,0.9101228912722197,0.14082513986436457,0.05437273953206665,1,0.1,1,beta,1.0
beta,188,0.7756656894107434,-0.028263530749715243,0.06510866029606854,0,0.0,1,0.8024296646318549,0.1852543677160684,0.058834536758451295,1,0.0,0,0.8898485684303223,0.04697619544777085,0.045704815756739965,0,0.1,1,alpha_neg,0.0
beta,189,0.7411470724812702,-0.06815882235280497,0.0587979138128705,0,0.0,1,0.8158705663596091,0.0274878659960526,0.058416521290924436,0,0.0,1,0.9418956161982478,0.05930462356302197,0.05083586285471314,0,0.1,1,alpha_pos,0.0
beta,190,0.8265546561263716,-0.10978564527064122,0.07363871813497422,0,0.0,1,0.8767011299154759,-0.1883291857731708,0.07362467550320716,1,0.0,0,0.9422329745764413,0.12542884128475235,0.06437850064928442,0,0.1,1,alpha_neg,0.0
beta,191,0.8472326094880492,0.032420401837180216,0.06713595152643942,0,0.0,1,0.7155216433607988,0.11040355670446804,0.057250354283213886,0,0.0,1,0.9266686872984746,0.12248526538242423,0.052293603060338374,1,0.1,1,beta,1.0
beta,192,0.7625103019581689,-0.05555997893412614,0.06328783667934132,0,0.0,1,0.8316042687775546,0.05834699720622846,0.07964527406372551,0,0.0,1,0.9368293800161162,0.013618937642141478,0.04853685328797117,0,0.1,1,alpha_neg,0.0
beta,193,0.8333044062425331,-0.003125366204214203,0.06145082589430743,0,0.0,1,0.7277465112449791,0.10833650179996207,0.05094249729102344,1,0.0,0,0.87155871447491,0.03922649682483295,0.04729882078761347,0,0.1,1,alpha_neg,0.0
beta,194,0.8541315440452167,0.02588428589779184,0.054312712222211526,0,0.0,1,0.8296549039808438,0.0236499196724787,0.07349767977819784,0,0.0,1,0.9387490928012148,0.06250029067758894,0.05066923444587884,0,0.1,1,beta,1.0
beta,195,0.7346943737598729,0.22059037578156504,0.06897730600159006,1,0.0,0,0.8219571270110361,0.007889435203362894,0.06637971092664262,0,0.0,1,0.9550601151800636,0.14829322128417546,0.0527546767634627,1,0.1,1,alpha_pos,0.0
beta,196,0.7947252622293359,0.031245272488679077,0.06775116823522495,0,0.0,1,0.733469652843423,-0.050818851293627655,0.06707526447788431,0,0.0,1,0.9362959726356735,0.08530387285927987,0.05577695414975417,0,0.1,1,beta,1.0
beta,197,0.7621092067288875,-0.06411296386281688,0.05582955038565875,0,0.0,1,0.7564478841095622,0.17201840668051444,0.06268640671305123,1,0.0,0,0.8754429084720143,0.14054892324702342,0.045143591705969745,1,0.1,1,alpha_neg,0.0
beta,198,0.7426809725957241,0.058855648029963285,0.05636040114528178,0,0.0,1,0.7684927485688705,0.11262942111362714,0.060596738582381224,0,0.0,1,0.9382754376576117,0.14407718626288538,0.048850086206293095,1,0.1,1,beta,1.0
beta,199,0.8056061753272964,0.04453126532847932,0.05955237213225017,0,0.0,1,0.7957970469903731,-0.009107424777485275,0.06453350080116839,0,0.0,1,0.9510981641091174,0.1749051885930727,0.04465601930353627,1,0.1,1,beta,1.0
beta,200,0.8256166005051888,-0.19710140992678568,0.06438425980565494,1,0.0,0,0.8191794287408993,-0.009942761110399819,0.0640461806667928,0,0.0,1,0.9405718700168927,0.05205996446397524,0.04623530588530618,0,0.1,1,alpha_pos,0.0
beta,201,0.7960036324738679,-0.03500272668570286,0.06651458677040091,0,0.0,1,0.7718468963891933,-0.03434085793893261,0.057115124647236816,0,0.0,1,0.9002303299277462,0.06530210130184233,0.04825959918837662,0,0.1,1,beta,1.0
beta,202,0.7863954165687251,-0.08128284116153446,0.05439720600380513,0,0.0,1,0.8603551723208027,-0.043118785736534035,0.06576330995769647,0,0.0,1,0.9473524768401553,0.23150729215281654,0.05451385354010714,1,0.1,0,beta,1.0
beta,203,0.7885740795788514,-0.039806704893975406,0.06908510596740035,0,0.0,1,0.7866655982747731,0.08814348753910471,0.05581861884141062,0,0.0,1,0.9010845207632365,0.12468032202603238,0.06157145010619498,1,0.1,1,beta,1.0
beta,204,0.7660003851501532,0.057460298056179304,0.05440973561981558,0,0.0,1,0.8110612591548898,0.06439751301291731,0.06268565423845308,0,0.0,1,0.965533501733269,0.06356631009701272,0.0593463900935309,0,0.1,1,alpha_neg,0.0
beta,205,0.7968566061040143,0.03569915734445797,0.06226999987914696,0,0.0,1,0.8471942790935839,-0.07464550102595444,0.06415137723922174,0,0.0,1,0.9450592813766965,-0.02362893314246111,0.05070946905830283,0,0.1,0,alpha_neg,0.0
beta,206,0.7625374089004976,0.03484760992481001,0.06560607645573348,0,0.0,1,0.8252634389871999,0.014808632570306075,0.06700986260619846,0,0.0,1,0.9077601933807005,0.08406060270982146,0.05350302735370971,0,0.1,1,beta,1.0
beta,207,0.8275750285145894,-0.0008026973488908459,0.0603322667560302,0,0.0,1,0.7007843219189838,-0.06213068793725267,0.06318920360884477,0,0.0,1,0.9387590986526931,0.10787432296696817,0.056328732815250415,0,0.1,1,beta,1.0
beta,208,0.7356793042107092,0.029031817860661384,0.057400869550313705,0,0.0,1,0.809832836974448,-0.03348254214099934,0.0719226339230908,0,0.0,1,0.939502208089206,0.0542536506612729,0.05670931057437652,0,0.1,1,beta,1.0
beta,209,0.776441651443315,0.0707130121434556,0.06101049544786674,0,0.0,1,0.8654512271204106,-0.09073213122500648,0.061841551762021045,0,0.0,1,0.9379682860371213,0.0714189430257758,0.04591442129251707,0,0.1,1,alpha_neg,0.0
beta,210,0.8266458562034396,0.029012636646958773,0.05396171025109001,0,0.0,1,0.7809035409426099,0.002501484618575999,0.0721490921788291,0,0.0,1,0.9378450944593985,0.06971261033497103,0.05442549541222553,0,0.1,1,beta,1.0
beta,211,0.8133148941030202,-0.017410177768659746,0.050051165595489326,0,0.0,1,0.7690887306141058,0.028853022829526443,0.0526515774666338,0,0.0,1,0.9072556777841965,-0.023311983197547223,0.05347097861183966,0,0.1,0,alpha_neg,0.0
beta,212,0.8220932893517187,0.08228032154066703,0.06025169577977694,0,0.0,1,0.8918743458594796,0.016050412384383345,0.0822727536389447,0,0.0,1,0.9450178164339239,0.13576996896202315,0.058341763895666844,1,0.1,1,beta,1.0
beta,213,0.7730279233377428,-0.04781183353509295,0.060452621506802154,0,0.0,1,0.746641997827076,-0.0884986140646585,0.06152559193635025,0,0.0,1,0.9461060859097624,0.10044602067530473,0.05022336945803637,1,0.1,1,beta,1.0
beta,214,0.8075628823142706,0.05649820353367016,0.06446621277884013,0,0.0,1,0.7678926867345199,0.002019444005440026,0.06125221700950369,0,0.0,1,0.9385247282211632,0.10674373475562886,0.05579490396355886,0,0.1,1,beta,1.0
beta,215,0.8468188707316162,-0.030973222500744864,0.07818530228121505,0,0.0,1,0.8502111045013708,0.07616846326250172,0.07315235610532565,0,0.0,1,0.9173525376758765,0.1465339164004001,0.04666365293704867,1,0.1,1,beta,1.0
beta,216,0.7451528096729402,-0.0469354861424241,0.06346604324900522,0,0.0,1,0.7811791220725538,-0.0542022903374775,0.06833153021748285,0,0.0,1,0.941907207173219,0.16110146250376334,0.04999900567580959,1,0.1,1,beta,1.0
beta,217,0.73601609985225,0.08266204226897342,0.06552082639847281,0,0.0,1,0.8609061227924824,0.001876210167089702,0.06509686185306247,0,0.0,1,0.9505702005081729,0.08465983074520703,0.050949203157242176,0,0.1,1,beta,1.0
beta,218,0.7464224799364497,0.14991533583026714,0.04385933875491746,1,0.0,0,0.8620110605401646,-0.13446220329944386,0.061062584086840586,1,0.0,0,0.917960416538442,0.03609099762499892,0.0446963760460645,0,0.1,1,alpha_pos,0.0
beta,219,0.7477010032728394,-0.11075420300069629,0.06577871139279647,0,0.0,1,0.7137286961536473,-0.036651711262345635,0.06397619308038185,0,0.0,1,0.9270326648837327,0.09578198747951892,0.05709916709231296,0,0.1,1,alpha_pos,0.0
beta,220,0.7908256187205931,0.09491202509410047,0.07247692963749269,0,0.0,1,0.8091807966245449,-0.01251350755938061,0.07214019076933828,0,0.0,1,0.9383779901309575,0.13196650392266834,0.052941099079623785,1,0.1,1,beta,1.0
beta,221,0.7451323164373942,-0.06125199860265929,0.06786467137718281,0,0.0,1,0.7229521009639234,-0.11637066127440164,0.04627850564183617,1,0.0,0,0.8945970152986036,0.15267495783396365,0.05008372647487842,1,0.1,1,beta,1.0
beta,222,0.7897924496742706,-0.0915047578098721,0.06368589651784459,0,0.0,1,0.7515994259615507,-0.034191599655392105,0.06453780954326124,0,0.0,1,0.940734280687477,0.19954793820952568,0.05215147369756806,1,0.1,1,beta,1.0
beta,223,0.7965313316408072,-0.016825797937583396,0.06079241164442679,0,0.0,1,0.724183548161021,-0.02557765165891321,0.06385100637270008,0,0.0,1,0.9387502052928799,0.11628455582218175,0.05196689645114035,1,0.1,1,beta,1.0
beta,224,0.840262323719525,-0.08704672825236186,0.05313051962331561,0,0.0,1,0.7892401478756834,-0.006220021488433503,0.0657067011909791,0,0.0,1,0.9342408866462684,0.04157033528085401,0.05632342739799964,0,0.1,1,alpha_pos,0.0
beta,225,0.8233568745530809,-0.04622652253440652,0.06160358363892484,0,0.0,1,0.7952314114249892,0.022270403387058095,0.05890958188727743,0,0.0,1,0.9269463120954086,0.0833878018139993,0.04652240664955965,0,0.1,1,beta,1.0
beta,226,0.7516122288541344,-0.05254517728903344,0.06089591458318732,0,0.0,1,0.8490260250316923,-0.12851082531072425,0.07018608461813317,0,0.0,1,0.934016176573257,0.12078054223823019,0.045093145054053985,1,0.1,1,alpha_neg,0.0
beta,227,0.6765315550793085,0.08285312594438113,0.06411536753080978,0,0.0,1,0.7644674095942943,0.021973997703956683,0.05156066463896669,0,0.0,1,0.9050388412936576,0.15407789123975602,0.049451629615222883,1,0.1,1,beta,1.0
beta,228,0.7536987223893585,-0.14124680625854508,0.052054988783399765,1,0.0,0,0.8457318861135655,-0.024835081637969,0.059697693629677986,0,0.0,1,0.9175788781755162,0.07830652998517292,0.049199813334869176,0,0.1,1,alpha_pos,0.0
beta,229,0.7515063249914181,-0.006480903787539036,0.05552552785293573,0,0.0,1,0.7407130216977137,0.057928468302019066,0.06970647099821069,0,0.0,1,0.9441562234704767,0.0634091643702249,0.052794169143320295,0,0.1,1,beta,1.0
beta,230,0.8279572245621183,-0.23263079964149144,0.07056283947521741,1,0.0,0,0.7906443087688256,0.03518125880008647,0.056630717124867565,0,0.0,1,0.9333170826244132,0.047008517160629155,0.05656893110417614,0,0.1,1,alpha_pos,0.0
beta,231,0.801247371522961,0.04124008813304752,0.06325945815525355,0,0.0,1,0.7827145484135835,0.056822545160762565,0.059153641331522566,0,0.0,1,0.9180007842981267,0.14161703450560714,0.04872323008647704,1,0.1,1,beta,1.0
beta,232,0.7028671700105851,0.04305273618990854,0.06016053287219657,0,0.0,1,0.7695293943230018,-0.1745101514632695,0.05210989574470498,1,0.0,0,0.9324412097460884,0.10626968353123963,0.056043490603747956,0,0.1,1,alpha_neg,0.0
beta,233,0.8710628369298381,-0.09477302256362435,0.06019731593789368,0,0.0,1,0.8253386952327306,-0.0371400987416345,0.05549485791768982,0,0.0,1,0.9333161265708243,0.0970216109577364,0.042944696850590346,1,0.1,1,beta,1.0
beta,234,0.8278038465899874,-0.04505240213216914,0.06375034108572869,0,0.0,1,0.7482041624453557,0.03707775851647188,0.04453091922720229,0,0.0,1,0.9502321494810888,0.08475821382165286,0.054587049198403764,0,0.1,1,beta,1.0
beta,235,0.81286014219258,-0.05772117475477057,0.07082620279447013,0,0.0,1,0.7643991776701434,0.12395853489684479,0.06905819744459442,0,0.0,1,0.9300232424751431,0.03274591319868673,0.05037574881110893,0,0.1,1,alpha_neg,0.0
beta,236,0.7874793732581897,0.031077439220143988,0.06125438092127989,0,0.0,1,0.8365198293252343,0.1913958179948678,0.06407756127743469,1,0.0,0,0.9199007416340281,0.04781369323904298,0.045589674028884086,0,0.1,1,alpha_neg,0.0
beta,237,0.6619041499382382,-0.07086872109329967,0.043685877703395666,0,0.0,1,0.8070816944763033,0.020253456898375433,0.05684550044022707,0,0.0,1,0.9464054171311318,0.017075878786670627,0.048654394304554933,0,0.1,1,alpha_pos,0.0
beta,238,0.7305434778856141,0.13904089691199675,0.05376630057120939,1,0.0,0,0.847016837906484,-0.06484307489604445,0.07291498971640753,0,0.0,1,0.9607121511959537,0.16310982474734087,0.06065370312591676,1,0.1,1,beta,1.0
beta,239,0.8592519389923817,0.05428080995751475,0.06523789927497252,0,0.0,1,0.8020751437294733,0.10102330637871462,0.05877935288264957,0,0.0,1,0.91481970431792,0.061017718088380773,0.048361085464527394,0,0.1,1,alpha_neg,0.0
beta,240,0.8496680890547721,-0.0020637223934720514,0.07417546151380977,0,0.0,1,0.8421754602547376,-0.05012266307441582,0.0645432829180419,0,0.0,1,0.9481987212556878,0.08290845685128452,0.05861694784624374,0,0.1,1,beta,1.0
beta,241,0.7726600420881262,0.020619532640819203,0.04854155451223179,0,0.0,1,0.7509427636338878,0.020570477350017408,0.06011969671127642,0,0.0,1,0.9656712530709122,0.023819635478982082,0.05771811176678213,0,0.1,1,beta,1.0
beta,242,0.8340021268066659,0.01494353518618045,0.07868971041579538,0,0.0,1,0.8256066559184589,0.009267362269220031,0.05645912429659271,0,0.0,1,0.9598731889818611,0.14188703881501716,0.05883982524609929,1,0.1,1,beta,1.0
beta,243,0.8833616721665772,0.0748956604903446,0.07331451282529905,0,0.0,1,0.7751570632080778,0.05391544915159178,0.06786761677165877,0,0.0,1,0.9484091576613234,0.06411834993465572,0.050469569756953,0,0.1,1,alpha_pos,0.0
beta,244,0.8682678363642828,-0.03496086277477753,0.06665912990352384,0,0.0,1,0.7903831382988796,-0.01008937444077959,0.05947412736803926,0,0.0,1,0.96078548722021,0.08369249887426837,0.0464883547876575,0,0.1,1,beta,1.0
beta,245,0.7480469941007062,0.0168984144090191,0.06257958621766466,0,0.0,1,0.7752193275261439,-0.08830910503587895,0.05937853327309851,0,0.0,1,0.9328028646192471,0.11318301382058286,0.04189638624186525,1,0.1,1,beta,1.0
beta,246,0.7387125616465192,0.05572672859886754,0.04805057755502118,0,0.0,1,0.7133153006640686,0.10410519025372521,0.06138900197611736,0,0.0,1,0.9404778146161541,0.11319331646099297,0.05592199802432866,1,0.1,1,beta,1.0
beta,247,0.8561470779969895,0.025737776339343942,0.06824094789978756,0,0.0,1,0.7441141591294119,-0.01373997124540236,0.05753893642067665,0,0.0,1,0.9256370625383523,-0.005133384372947758,0.05402087533006035,0,0.1,1,alpha_pos,0.0
beta,248,0.812083988390508,0.008037888589547614,0.06074081338904491,0,0.0,1,0.8001359063148981,0.047888114702254084,0.07097484766061066,0,0.0,1,0.9256924617300362,0.05639635159723729,0.05422502631072476,0,0.1,1,beta,1.0
beta,249,0.777148653768367,-0.1204225299461426,0.06539309314500814,0,0.0,1,0.7928887833918994,-0.024218446950963684,0.04910966644808942,0,0.0,1,0.922455893138204,0.18529859608391788,0.05024605860817161,1,0.1,1,beta,1.0
beta,250,0.8578154402752225,0.03411068438701876,0.07779275305825764,0,0.0,1,0.8160410470564817,0.0005812067864604017,0.06725203377292552,0,0.0,1,0.9027785581585381,0.0688635137573824,0.048490105189690276,0,0.1,1,beta,1.0
beta,251,0.7121922168888525,-0.059196368241556975,0.0504448155071758,0,0.0,1,0.8179152799293186,-0.013178325948500663,0.05990929842590483,0,0.0,1,0.8901380524399115,0.0997771892168236,0.05545493285877637,0,0.1,1,beta,1.0
beta,252,0.8208705746357352,0.059315095693142826,0.07453629096352585,0,0.0,1,0.7936047605775198,-0.0022168247801582727,0.06789211504087575,0,0.0,1,0.8745726236082074,0.07709325301445703,0.0540209698796669,0,0.1,1,beta,1.0
beta,253,0.6886289101620457,0.03148999499722452,0.054160952323115505,0,0.0,1,0.7417923292768358,0.07279809176284532,0.06974674960338502,0,0.0,1,0.9149606583833244,0.05436923491463844,0.047050052773557005,0,0.1,1,alpha_neg,0.0
beta,254,0.8058450988571443,-0.060345636588874624,0.05945859786618962,0,0.0,1,0.8334669916920108,0.08045258165039583,0.054833937265867404,0,0.0,1,0.9160462714684022,0.040091422548591216,0.044398089507602954,0,0.1,1,alpha_neg,0.0
beta,255,0.8267458847661089,0.08055437551243483,0.06132425172933173,0,0.0,1,0.7926856453976241,0.09454911284614761,0.05412039552747193,0,0.0,1,0.9202818502130952,0.07038960810782557,0.0494929993630388,0,0.1,1,alpha_neg,0.0
beta,256,0.8379987052141646,0.020900939485683816,0.06644755981236282,0,0.0,1,0.8164333245852804,-0.03279321689696347,0.05187955184914488,0,0.0,1,0.9360714381650065,0.02661308611162872,0.05183407877076982,0,0.1,1,alpha_neg,0.0
beta,257,0.8358853095882746,0.007392787394346031,0.07076414394407186,0,0.0,1,0.8542310280424942,0.013847684620888274,0.06356847503697667,0,0.0,1,0.9286970495618,0.07763522597804985,0.04493714620288417,0,0.1,1,beta,1.0
beta,258,0.7348448225997359,0.05172873017953631,0.06891599344595928,0,0.0,1,0.8017205468633837,-0.038413230624183385,0.06628613532973567,0,0.0,1,0.9428242766379946,0.10482328825591718,0.05880916741074223,0,0.1,1,beta,1.0
beta,259,0.838293593791223,-0.013977264366294232,0.06552257567604733,0,0.0,1,0.7978976532496401,-0.12369807517460131,0.03868086714062932,1,0.0,0,0.9396920372542278,0.13992752141895837,0.04815441114942808,1,0.1,1,beta,1.0
beta,260,0.7164478951918845,0.04114729259894245,0.05580041395604544,0,0.0,1,0.7701654294359629,0.053130260304152174,0.05736344249910276,0,0.0,1,0.9361804987227621,0.08686738485648343,0.05012471209907621,0,0.1,1,beta,1.0
beta,261,0.7449545629680511,0.04706581296745828,0.0602656502986142,0,0.0,1,0.7549336980335657,0.011418621098934456,0.07370966570051958,0,0.0,1,0.9528390464227087,0.10855157077442851,0.052072334173471874,1,0.1,1,beta,1.0
beta,262,0.8119249993440161,-0.06457486816298623,0.0684541709447586,0,0.0,1,0.8403262293227329,-0.04429512589381953,0.06794739839310238,0,0.0,1,0.957220737791431,0.20009984121251087,0.06194980264414486,1,0.1,1,beta,1.0
beta,263,0.8043103324651625,-0.039651694304905206,0.0760528032216567,0,0.0,1,0.7963412079868798,0.06049253599769234,0.05636056404566945,0,0.0,1,0.9490780520010785,0.07317615155567556,0.04951246970679867,0,0.1,1,beta,1.0
beta,264,0.805236936959759,-0.046377379745010945,0.058073354446651675,0,0.0,1,0.8650178633132886,0.04394355794508882,0.059343746928065745,0,0.0,1,0.957162910020175,0.08758668389213511,0.05481172341112146,0,0.1,1,beta,1.0
beta,265,0.84000825180999,-0.1404303987414075,0.06735719261690451,1,0.0,0,0.8768500618930957,0.031919649685461765,0.0886023867992826,0,0.0,1,0.9488926419780488,0.02597842239965071,0.048791578087361336,0,0.1,1,alpha_pos,0.0
beta,266,0.8071037685061391,0.08173017525231845,0.068863978431228,0,0.0,1,0.759880918175429,-0.027058203282105463,0.053905088850198284,0,0.0,1,0.9431616550390332,-0.022267170053909664,0.05336645575081754,0,0.1,0,alpha_pos,0.0
beta,267,0.6975250091970112,-0.03074312049242217,0.05551388519387638,0,0.0,1,0.801095470401639,0.07955569554707069,0.06981436198741593,0,0.0,1,0.9227904319334627,0.01146352332556282,0.043648555363382927,0,0.1,0,alpha_neg,0.0
beta,268,0.7838720610940175,-0.17216957198484534,0.0683088218135352,1,0.0,0,0.717227471685025,-0.0997885339188726,0.058759152662046135,0,0.0,1,0.9123638166373027,0.12787867462623592,0.049904451032452335,1,0.1,1,alpha_pos,0.0
beta,269,0.7490245247426589,-0.05180251420059461,0.06487545595068675,0,0.0,1,0.8378447689534436,0.04069485353582585,0.06598014304115424,0,0.0,1,0.9466662966128232,0.14490195465773123,0.052412165029752135,1,0.1,1,beta,1.0
beta,270,0.7206762555979375,-0.22898139687787308,0.0554634097277378,1,0.0,0,0.8101189296600394,-0.08469261269530305,0.05926036049848558,0,0.0,1,0.9411811628959537,0.11659719988848805,0.048962257623035486,1,0.1,1,alpha_pos,0.0
beta,271,0.8725392536639953,-0.04674718331062956,0.0661411621092829,0,0.0,1,0.7436725843143144,0.05833412503663401,0.05562572427887881,0,0.0,1,0.9113643196020513,0.07429814709144714,0.050195584212495724,0,0.1,1,beta,1.0
beta,272,0.797398956144592,0.12825546114547734,0.06311600897329249,1,0.0,0,0.8167156128266777,-0.07536974473537963,0.06744062974110233,0,0.0,1,0.9592114732497796,0.11851453006957909,0.05230865454197267,1,0.1,1,alpha_pos,0.0
beta,273,0.6824837297402413,-0.08139356633382647,0.05497353520070937,0,0.0,1,0.7796020959551614,0.15077255269910034,0.0599118185501353,1,0.0,0,0.9381195964755841,0.12050834660445636,0.04701754320394069,1,0.1,1,alpha_neg,0.0
beta,274,0.7822858536550467,0.07596559817126623,0.07512864420397089,0,0.0,1,0.6921934482187406,-0.0827816411736702,0.06475275977733802,0,0.0,1,0.9324978618616468,0.08006830343999848,0.053514864747799096,0,0.1,1,alpha_neg,0.0
beta,275,0.8300570180093882,0.015208969677037464,0.05510664797755923,0,0.0,1,0.786374587747831,0.13854407391995474,0.057299768610306646,1,0.0,0,0.9359737004074896,0.0959492624431642,0.05203308108295517,0,0.1,1,alpha_neg,0.0
beta,276,0.8234039474168093,-0.003656930250422869,0.07598888077668832,0,0.0,1,0.7511953774044737,0.01607853770836371,0.060873787551643015,0,0.0,1,0.9418828974536656,0.09142592652090563,0.04477912660915035,1,0.1,1,beta,1.0
beta,277,0.712731720668237,-0.07206207215075806,0.054672351161283314,0,0.0,1,0.8539644905181045,-0.0658055001866405,0.06634066504855861,0,0.0,1,0.9597081947398698,0.12902885617032359,0.05037578779279549,1,0.1,1,beta,1.0
beta,278,0.8236457858864361,0.06555663325844807,0.05695239586290356,0,0.0,1,0.7224369258287338,-0.003704128782000406,0.06686181803156442,0,0.0,1,0.9207027995531096,0.017454162756021834,0.0466881245918,0,0.1,1,alpha_pos,0.0
beta,279,0.7568525135317727,0.005101230806112002,0.057883523420013114,0,0.0,1,0.7654607205651056,0.01141461758969098,0.050421424452122894,0,0.0,1,0.9416641159292236,0.11319743475503508,0.05266540867185602,1,0.1,1,beta,1.0
beta,280,0.7942623429370259,0.14669050434472516,0.06154124026196086,1,0.0,0,0.8367992023061949,0.10348192484592855,0.06799709701503001,0,0.0,1,0.9496283781217065,-0.0004400223454775408,0.053007907236318305,0,0.1,1,alpha_pos,0.0
beta,281,0.8087554609154713,0.2053291755729922,0.070894475243998,1,0.0,0,0.8734425096917628,0.010479744865493804,0.07358215890056244,0,0.0,1,0.9603254904796888,0.07089877471104916,0.04947207592272427,0,0.1,1,alpha_pos,0.0
beta,282,0.7935983000423845,0.009698758485718492,0.06300559576214781,0,0.0,1,0.7885474149700428,0.018318876454009213,0.05728868365565877,0,0.0,1,0.9504296037149018,0.05159157466317173,0.05780049062904632,0,0.1,1,beta,1.0
beta,283,0.8443141879834131,0.04659635221003575,0.0788225064095953,0,0.0,1,0.6244304634940847,0.06342580267294431,0.06251265291555728,0,0.0,1,0.9544214415358047,0.015919206771643955,0.04980648142189565,0,0.1,1,alpha_neg,0.0
beta,284,0.8549672105358185,-0.08608709397640026,0.07101984774288146,0,0.0,1,0.8627342183233304,0.012856839824056897,0.06621674167825402,0,0.0,1,0.9294783240395504,0.04985474288704689,0.05513844333531488,0,0.1,1,alpha_pos,0.0
beta,285,0.8285305207527383,0.027941190457709646,0.06377965440358144,0,0.0,1,0.8050746528490255,-0.038967115445576496,0.06554117052233639,0,0.0,1,0.9338443309289534,0.06939224567002868,0.04521154449519585,0,0.1,1,beta,1.0
beta,286,0.7748415518136472,-0.10047452678958008,0.06727805979846116,0,0.0,1,0.7593841859258009,-0.026674310812083324,0.06482631120952628,0,0.0,1,0.9400821977504558,0.054022940278642,0.0667313609664596,0,0.1,1,alpha_pos,0.0
beta,287,0.7643875924328879,0.07718695881338332,0.061654139633833316,0,0.0,1,0.7953560431715914,-0.07475938066388944,0.06210000998727169,0,0.0,1,0.9360117258526865,0.11284367699993354,0.04789044266058474,1,0.1,1,beta,1.0
beta,288,0.8191811982803144,-0.01671373592593355,0.05768055144441927,0,0.0,1,0.82738729316971,-0.012531964158711625,0.06654594668947955,0,0.0,1,0.9528999712240324,0.05594502336177839,0.062083472792169775,0,0.1,1,beta,1.0
beta,289,0.7882183008257463,0.01635663352896273,0.057986763943901315,0,0.0,1,0.8678852936157778,-0.05906703690068225,0.06526034356411212,0,0.0,1,0.8619078620961419,0.18147925820558145,0.04790171102229205,1,0.1,1,beta,1.0
beta,290,0.8539792500941287,0.0519332463483614,0.06803380077389298,0,0.0,1,0.7262899010421215,-0.044243227570927995,0.05320316677829362,0,0.0,1,0.904837212974223,0.0740082304570189,0.044403446247977915,0,0.1,1,beta,1.0
beta,291,0.7266737031543826,0.015621581107118433,0.0484528835119831,0,0.0,1,0.8235839978955957,0.018455022132612874,0.06060298457995759,0,0.0,1,0.9451674303143949,0.10502523516954139,0.05303814724517191,1,0.1,1,beta,1.0
beta,292,0.810795633092065,-0.07336123827967325,0.07518109342729343,0,0.0,1,0.7998784752058361,-0.04595798075332239,0.05705714066973603,0,0.0,1,0.9418301596379531,0.13952775941918022,0.05355626652512903,1,0.1,1,beta,1.0
beta,293,-0.14258616435174806,-1.4554928961002198e-17,1.0323827311817395e-09,0,0.0,1,0.8100232921039868,-0.0034114134880144148,0.068505633312932,0,0.0,1,0.9428196346942429,0.053674306090416624,0.053198698117960456,0,0.1,1,beta,1.0
beta,294,0.7474224864601977,0.06424713600468664,0.06002321266217923,0,0.0,1,0.8683475043967337,0.10199861329765915,0.07102097023181646,0,0.0,1,0.944198158507011,0.15498942024208667,0.05464323249552774,1,0.1,1,beta,1.0
beta,295,0.7846403505794343,-0.004033712312393303,0.04967326766714664,0,0.0,1,0.7023421752989054,-0.017358444069349863,0.056878822873766444,0,0.0,1,0.8449138668721212,0.08812098498412135,0.05742613662534232,0,0.1,1,beta,1.0
beta,296,0.602442705516336,-0.006095500033303237,0.04346495557204308,0,0.0,1,0.770132565032492,-0.039172235875296404,0.05692187778964041,0,0.0,1,0.9201859135271093,0.14048641920756028,0.048621021355927926,1,0.1,1,beta,1.0
beta,297,0.6591365768710727,-0.0025029486407896298,0.055551869704500385,0,0.0,1,0.8412568634841993,-0.05022581167362389,0.06928228050063931,0,0.0,1,0.958528639677243,0.13035707345028347,0.052020753836413726,1,0.1,1,beta,1.0
beta,298,0.785594659093872,-0.09892986722416415,0.06270311849385589,0,0.0,1,0.8082579376735637,-0.07029118992389757,0.06507941594183432,0,0.0,1,0.9369490133040203,0.09013669667706847,0.05520718478163942,0,0.1,1,alpha_pos,0.0
beta,299,0.7119128040133269,0.20259679381834195,0.04155945207923486,1,0.0,0,0.8196111339349916,0.05868351555031675,0.07274268759024893,0,0.0,1,0.9138211709640331,0.09235080740360258,0.06173335616863386,0,0.1,1,alpha_pos,0.0
null,0,0.7638155437958678,-0.07967059268938703,0.06797911369498848,0,0.0,1,0.6379023005059818,0.011373310849045016,0.04416823930094687,0,0.0,1,0.908723933633529,-0.017210507361226722,0.05522177772026026,0,0.0,1,,
null,1,0.6754873749641701,0.02176628437648082,0.04674379417843387,0,0.0,1,0.6834804898568798,0.1341237507647646,0.06212413201182112,1,0.0,0,0.9383189868795203,-0.03886649908153289,0.047132730854615064,0,0.0,1,,
null,2,0.8183941759563734,0.13080291292794097,0.06155413214758849,1,0.0,0,0.867865233496005,-0.09649626952720682,0.06282333841114289,0,0.0,1,0.9481821551030447,-0.15287748153225014,0.06203103194787151,1,0.0,0,,
null,3,0.7650072327273885,0.16881880847380812,0.06435084381312492,1,0.0,0,0.8630422890255259,0.031579419389092755,0.07739196525119363,0,0.0,1,0.8880242280256887,-0.017756121934904622,0.04475430739988271,0,0.0,1,,
null,4,0.73784998231295,0.055670671198834815,0.06577302343860857,0,0.0,1,0.8208143560668705,0.06766322030181282,0.06019951956323539,0,0.0,1,0.944977657174095,-0.0010564984604965327,0.04934021763777465,0,0.0,1,,
null,5,0.7986626455303422,0.03008008606229922,0.05641116893040525,0,0.0,1,0.8577389982072414,-0.030412877828646538,0.06841654187602986,0,0.0,1,0.9448386388766866,-0.028700407652303493,0.057420577970023035,0,0.0,1,,
null,6,0.73908282830698,0.043574609403560324,0.05098718658745092,0,0.0,1,0.6934203156371108,0.0031910951216215996,0.05913167548791442,0,0.0,1,0.9441348792714068,0.0622517501976546,0.047969358625322325,0,0.0,1,,
null,7,0.8402691044121421,0.043593610714708644,0.06416839343285899,0,0.0,1,0.7247492252834223,0.02453808542334581,0.05470253302734656,0,0.0,1,0.9097437255247377,0.00027340385203840974,0.054046034311663875,0,0.0,1,,
null,8,0.8260905234929758,0.048281223024633425,0.06495018538011316,0,0.0,1,0.802196577630762,-0.13255043608421457,0.05565066573274179,1,0.0,0,0.9431551694054322,0.09487187855353234,0.05228393921614211,0,0.0,1,,
null,9,0.753499512237512,-0.08490039034120828,0.05880063285827522,0,0.0,1,0.815440851498207,0.0028064433756298437,0.07225170433473684,0,0.0,1,0.9606030175350333,0.03588331687941838,0.06304678136028433,0,0.0,1,,
null,10,0.8272545789571536,0.12291703847075336,0.06155483247729413,1,0.0,0,0.8407609430555678,-0.01355225648588779,0.07009853376242076,0,0.0,1,0.8952220632937842,-0.06875659955198507,0.048433989879081575,0,0.0,1,,
null,11,0.79037010316013,0.073321968011699,0.06069623377290777,0,0.0,1,0.8115958311942384,0.09021824261371662,0.0658881892873345,0,0.0,1,0.9297638339128044,-0.02414553351630183,0.05146571514979746,0,0.0,1,,
null,12,0.8452946419407177,0.08336402561096395,0.06904803992642243,0,0.0,1,0.7577561288361072,0.01172031985661458,0.060573236573585536,0,0.0,1,0.9322721568807157,0.008407080586106884,0.052465584751628394,0,0.0,1,,
null,13,0.8033680030198803,0.029622836953560893,0.053773678908300836,0,0.0,1,0.810475745512311,0.03258592596530458,0.059138828216423064,0,0.0,1,0.9590972744384655,-0.0368670234984704,0.04836573072890279,0,0.0,1,,
null,14,0.804024115566942,0.12067597401712503,0.07891006758128483,0,0.0,1,0.7561687318347668,0.15181976552551443,0.05380744757688253,1,0.0,0,0.9442375666459245,0.0732305085896319,0.05453533894557067,0,0.0,1,,
null,15,0.8338558680615578,0.018516484991060688,0.06533983824037867,0,0.0,1,0.8571854155026347,0.023911798941968574,0.05886046306372174,0,0.0,1,0.9377532022136523,-0.05065794941429649,0.057497761012046775,0,0.0,1,,
null,16,0.740982306303724,0.018857286023238766,0.06631693850036607,0,0.0,1,0.7746508789313189,0.005665755191354613,0.05561625320713382,0,0.0,1,0.9514311544891938,0.11237813540979033,0.05789790051153399,0,0.0,1,,
null,17,0.7776947434174928,0.032857961377703276,0.046999015297010095,0,0.0,1,0.837192111794893,-0.07688568400250946,0.06394633668405685,0,0.0,1,0.9503692749955768,0.0023248281077435,0.05821887966012615,0,0.0,1,,
null,18,0.8062122701720076,0.010256807161683649,0.06885811317732882,0,0.0,1,0.7831294645662019,-0.07448675789383268,0.05616161665557336,0,0.0,1,0.9214398183256831,0.03048203857122142,0.04845293052567681,0,0.0,1,,
null,19,0.8512049954763675,-0.2077846704618385,0.059555487209243654,1,0.0,0,0.7966545327409909,0.08073887950858501,0.0584245792667813,0,0.0,1,0.9305022189718756,0.05745223817924887,0.05763271626834716,0,0.0,1,,
null,20,0.832555247439424,-0.1305729123216702,0.05779074822713386,1,0.0,0,0.7990359344844585,0.00014914299085777146,0.06308994280022458,0,0.0,1,0.9542683230794368,-0.025641405269498107,0.045445974669520876,0,0.0,1,,
null,21,0.7814070206480792,0.01341446170280996,0.062196424332219905,0,0.0,1,0.831168874291438,-0.013183530000781115,0.06578679782175983,0,0.0,1,0.9181425192051516,-0.12346470514055277,0.05276379798759391,1,0.0,0,,
null,22,0.6287760914171364,0.031552954594003306,0.048243786114285536,0,0.0,1,0.7741525139671424,-0.06571296061035942,0.06028837720722501,0,0.0,1,0.9119922066881724,-0.0325378327877748,0.04936060551867012,0,0.0,1,,
null,23,0.8043672237016528,-0.05677522822808628,0.06585305208296087,0,0.0,1,0.8304378902039886,0.010330493679808744,0.06706877067922058,0,0.0,1,0.9397059315196078,-0.004339113026355581,0.05588349049002121,0,0.0,1,,
null,24,0.8692103905845435,-0.08588400651942298,0.06281115434548284,0,0.0,1,0.8270232673592322,-0.048960683747447685,0.07041765773686447,0,0.0,1,0.9517713066028968,-0.05381423954677608,0.05263704214041905,0,0.0,1,,
null,25,0.7858005816613977,-0.14595339410224875,0.06640975459442931,1,0.0,0,0.6919756884523451,-0.03766085606623507,0.05465866031615359,0,0.0,1,0.9310240207062275,-0.04809838181670238,0.055684107661373834,0,0.0,1,,
null,26,0.7498900348731522,-0.0818606927454087,0.06669061603440765,0,0.0,1,0.7061987546414531,-0.014349466881277723,0.05688120655165294,0,0.0,1,0.9304224643133169,0.001689932306023459,0.054060373705478344,0,0.0,1,,
null,27,0.8863727274790298,0.019405324719541383,0.06944534516864606,0,0.0,1,0.8398531314371895,-0.08998482128471526,0.058436729885570186,0,0.0,1,0.9395834029954141,0.022139364381979165,0.057636500561419744,0,0.0,1,,
null,28,0.8052151927986279,0.13566508618499276,0.07510316078903609,0,0.0,1,0.7905088400931213,-0.016829531486070345,0.0692307825587266,0,0.0,1,0.9061341743160315,0.024212067225329335,0.048358347970087714,0,0.0,1,,
null,29,0.6812437423422637,-0.08706203554551943,0.04874990123324654,0,0.0,1,0.8116998374165468,0.0036480802227726967,0.06209904021233438,0,0.0,1,0.9436208929160896,-0.008448243908655475,0.049849838949418454,0,0.0,1,,
null,30,0.7959270336895973,-0.15441860253585116,0.07106757167604422,1,0.0,0,0.8484974207284737,0.014553245129926671,0.06358778608728091,0,0.0,1,0.9338932222249887,0.03479932137143208,0.056617160289775814,0,0.0,1,,
null,31,0.7860271208084473,0.05838854010914087,0.06397100077965535,0,0.0,1,0.7913329941308329,-0.03240388746319772,0.06936019809546022,0,0.0,1,0.9400094286850841,-0.061809215511939984,0.050764467324038144,0,0.0,1,,
null,32,0.8115918397300678,-0.07961666249709098,0.06258582542258034,0,0.0,1,0.6622490671129112,0.036738424431754825,0.05869122266600775,0,0.0,1,0.9571520203134358,0.012688757512337756,0.05401968198985418,0,0.0,1,,
null,33,0.7422294635783961,-0.06829320343369014,0.0635011969662975,0,0.0,1,0.8213167219005728,-0.10801604515919473,0.06586629783857723,0,0.0,1,0.9538600352978651,-0.04019666460855885,0.057323168980071545,0,0.0,1,,
null,34,0.8113062116518722,-0.08365028684915475,0.046732208818643844,0,0.0,1,0.8009755304268443,-0.02550987986682686,0.07086869129343988,0,0.0,1,0.9495209665456669,-0.032120346785481854,0.05189499710902194,0,0.0,1,,
null,35,0.7430867932070897,0.03744156181969692,0.053333662965818616,0,0.0,1,0.8136520496522885,-0.001299688825244979,0.06622416794444007,0,0.0,1,0.924488313640409,0.05587426346432292,0.04449602378324697,0,0.0,1,,
null,36,0.7452729414427087,0.11959977403583513,0.06198725587696173,0,0.0,1,0.8164085470647422,0.03845001152987062,0.07162616256995678,0,0.0,1,0.9221112473523908,0.028815219430053024,0.05116427140457353,0,0.0,1,,
null,37,0.8119747948971584,-0.04832990387781761,0.06454693120292919,0,0.0,1,0.8363674335336622,-0.02751640115569669,0.07314788899981771,0,0.0,1,0.9619418643997029,-0.059617312311750645,0.05515641689187555,0,0.0,1,,
null,38,0.6921947971315431,-0.029073191653057974,0.06443288033714731,0,0.0,1,0.8536295506722792,-0.02354940776099119,0.06796644912811799,0,0.0,1,0.9249050685735882,0.04110104465177166,0.057664808935872974,0,0.0,1,,
null,39,0.7759104791626921,-0.01234387758808404,0.06722042095285347,0,0.0,1,0.8470795892671934,0.041102561635428914,0.06414314512717093,0,0.0,1,0.941772474433889,0.024448664662139033,0.05485605869059813,0,0.0,1,,
null,40,0.7653866159250928,-0.0349688878272284,0.06300572097616161,0,0.0,1,0.8452421839110319,-0.06249350797125839,0.05979028423319219,0,0.0,1,0.9247129923696672,0.013588106363186367,0.05368888097669492,0,0.0,1,,
null,41,0.7974381626244458,0.004529362608241889,0.05680143230441492,0,0.0,1,0.7728582288866664,0.12319162352133166,0.06049815738887405,1,0.0,0,0.9058148724341012,-0.06031732726410419,0.047733515909135125,0,0.0,1,,
null,42,0.761203370239458,0.07069300819553953,0.06353831588297416,0,0.0,1,0.849948133224396,0.1032947882374766,0.07591738772872196,0,0.0,1,0.959685857058784,0.032528284310221284,0.05216882690299462,0,0.0,1,,
null,43,0.7973097063707663,-0.0031819053086186025,0.06907505584013676,0,0.0,1,0.8237113145283615,-0.08832547066954029,0.05928465003345821,0,0.0,1,0.9600129161189995,0.022190425926641857,0.056927844741966487,0,0.0,1,,
null,44,0.8116254003076809,-0.053956116342166696,0.06047301177862174,0,0.0,1,0.844675751401634,0.008967096849949046,0.06901905577638923,0,0.0,1,0.9580553431291258,0.021718252828517248,0.059048885719665614,0,0.0,1,,
null,45,0.8331589250174992,-0.05927269736629739,0.07437757752885273,0,0.0,1,0.8364432272343872,0.02292552013600634,0.06243468501365474,0,0.0,1,0.9289335724907818,0.14071152383935684,0.0525899534291754,1,0.0,0,,
null,46,0.8217600642465244,-0.07642459655141236,0.06264505184430627,0,0.0,1,0.8344465558566604,0.01587661960211478,0.05950902113247117,0,0.0,1,0.9437591849151621,-0.10511229721916605,0.04858161723957796,1,0.0,0,,
null,47,0.779312785425955,-0.12395906987163963,0.05487725896231876,1,0.0,0,0.7276946549997064,0.0030525552694621906,0.06034833362954333,0,0.0,1,0.9247229089797759,0.010722675114281913,0.05834448130870127,0,0.0,1,,
null,48,0.8406859727730591,0.024763271281512365,0.06800857889515917,0,0.0,1,0.7756853507673974,0.0036168245613916955,0.06796263842947725,0,0.0,1,0.92112209295854,-0.047655887152042636,0.053196334035799875,0,0.0,1,,
null,49,0.797129328831298,-0.021334424171077202,0.06811453917893352,0,0.0,1,0.8161196883440023,-0.02277219382796191,0.054782271124135695,0,0.0,1,0.9161491229571738,0.01083368269307996,0.0521629893063408,0,0.0,1,,
null,50,0.7274871249146265,-0.15592902332162,0.0658513653866855,1,0.0,0,0.8331603552077343,0.04459875216810822,0.07490456744005702,0,0.0,1,0.9492966633945441,0.04380739044970928,0.05083350380471504,0,0.0,1,,
null,51,0.6310109093711388,-0.003479410202651006,0.058116706242190196,0,0.0,1,0.7818175438916548,-0.037774309467602823,0.07615691416442175,0,0.0,1,0.9456661352458621,0.05330841355888856,0.05173303766447447,0,0.0,1,,
null,52,0.830944812982141,-0.2055378825894427,0.06691917411786077,1,0.0,0,0.6740831934993552,0.14330934695692782,0.0506462112498172,1,0.0,0,0.9122232607350098,0.024169081997706336,0.044866281366712,0,0.0,1,,
null,53,0.8064505998466425,0.05642334641278657,0.06776126728064265,0,0.0,1,0.6946594731353081,-0.08725707174778244,0.045488430262241364,0,0.0,1,0.9103077412604577,0.015974968596696972,0.04617302148658482,0,0.0,1,,
null,54,0.833975500597452,0.1492755742109965,0.06989140172110224,1,0.0,0,0.8340444211771796,-0.16972231018139547,0.06662176639247888,1,0.0,0,0.9475151088869581,0.035563814912882935,0.06523618291066856,0,0.0,1,,
null,55,0.7996589171961274,-0.12910092280237584,0.07070999016301636,0,0.0,1,0.7879329077838977,-0.0017028230827457326,0.06542711603795774,0,0.0,1,0.9408056146167608,-0.0017152225273160007,0.04439365171411648,0,0.0,1,,
null,56,0.81541721119328,-0.06440493480743632,0.06952520711300189,0,0.0,1,0.8040875310039518,0.16391954150136834,0.06813508856398952,1,0.0,0,0.9385756264661208,0.049256241850615556,0.049143891158221965,0,0.0,1,,
null,57,0.7711518760397887,-0.2621396159401175,0.06185530484018133,1,0.0,0,0.8067982843044904,-0.058981864496963514,0.07327024164475003,0,0.0,1,0.919381024734451,-0.03223960266937519,0.043967816248207905,0,0.0,1,,
null,58,0.8100486692057195,-0.10332760897741458,0.07113237851703764,0,0.0,1,0.8329997516365151,0.03991901281726462,0.04941564774860083,0,0.0,1,0.8935079909666178,-0.10297974537321403,0.054726896601217066,0,0.0,1,,
null,59,0.7119909617163654,-0.006846935383468374,0.058535651326336674,0,0.0,1,0.8102190975582291,-0.004772539891287998,0.06875435294277732,0,0.0,1,0.894428637760084,0.04033154357772084,0.054988080704903866,0,0.0,1,,
null,60,0.8402224755360109,0.03391981409480309,0.0636900538810729,0,0.0,1,0.7464601962171047,0.010794598600461553,0.05340652638246311,0,0.0,1,0.9396424478807346,-0.006955346801670739,0.049005611781526015,0,0.0,1,,
null,61,0.841856595284448,-0.08402592398941931,0.06529319492192928,0,0.0,1,0.8017559956643451,-0.021256861823821936,0.05843958521439138,0,0.0,1,0.9348432589561757,-0.04547411086606145,0.042699293726224274,0,0.0,1,,
null,62,0.7706890357251871,0.01053702329340031,0.06428212768749654,0,0.0,1,0.7527971014310154,-0.026126494819761235,0.059724993279653096,0,0.0,1,0.9167257156874922,0.03071909749449052,0.04238480217716773,0,0.0,1,,
null,63,0.7705577222459112,0.12836775502172143,0.0591353243697066,1,0.0,0,0.6793894692559305,-0.012332981895835976,0.05297963245806216,0,0.0,1,0.8867320684080499,0.000655958793085279,0.051434165845751216,0,0.0,1,,
null,64,0.8387866273463483,0.02261808438860464,0.08216396781761359,0,0.0,1,0.7869219205106391,-0.005918865449875097,0.06753712227918379,0,0.0,1,0.9450150026557014,-0.03894428836398986,0.0595625204291389,0,0.0,1,,
null,65,0.8410169214273058,-0.0019936726274147093,0.06840778618919072,0,0.0,1,0.7700446891666323,0.03588432003101013,0.05874713612926032,0,0.0,1,0.9380409344871322,-0.08131856531246899,0.05532708346446349,0,0.0,1,,
null,66,0.7277245925241355,-0.11855109163022905,0.051092373701224957,1,0.0,0,0.7619387346069748,0.015159261540992917,0.05334123421718673,0,0.0,1,0.9362748876671203,-0.0008909816645823082,0.04931565260723845,0,0.0,1,,
null,67,0.756829039944345,-0.00940850262064483,0.0543544483572485,0,0.0,1,0.7480930328105853,-0.08652015016954624,0.05736761738576395,0,0.0,1,0.9193227792658439,0.10570478065588006,0.04664161651797743,1,0.0,0,,
null,68,0.8133567564584239,0.012470077140043638,0.06747997078383854,0,0.0,1,0.7806190768379938,-0.12251102298821458,0.06457270028948638,0,0.0,1,0.9478060685863744,0.04754577703033263,0.05445958004277424,0,0.0,1,,
null,69,0.732092961850189,-0.09398017849863706,0.054588117931451775,0,0.0,1,0.8303839607457436,0.08757487326363547,0.06778069816614828,0,0.0,1,0.9329894816515278,-0.04132976124329209,0.04986576483139506,0,0.0,1,,
null,70,0.8634309741933944,0.10288445680024048,0.0687359727440907,0,0.0,1,0.8280268758518952,-0.0950325674417645,0.05591917206314695,0,0.0,1,0.9347414729729031,0.041307545412358336,0.056454284712500996,0,0.0,1,,
null,71,0.7350405515300972,0.015876005531240946,0.06427719202799044,0,0.0,1,0.8042944170895792,-0.19993410113094515,0.05734055565462357,1,0.0,0,0.9460405949213166,-0.014273831244019625,0.04958059775362324,0,0.0,1,,
null,72,0.8132891494559977,-0.0388930864264521,0.06072073014008669,0,0.0,1,0.7767927427778308,0.0608044263419557,0.05328115788949819,0,0.0,1,0.9672378798072212,-0.08744365891368516,0.055827038270093825,0,0.0,1,,
null,73,0.8233884949245629,-0.07507100018245849,0.06561794593722456,0,0.0,1,0.819865448881751,0.026671643262173673,0.05146083579396102,0,0.0,1,0.9339425870774406,0.06588923436396087,0.05025660576738731,0,0.0,1,,
null,74,0.7959440764300083,0.15502173308874742,0.05415606532387765,1,0.0,0,0.8188831213584237,-0.028115827492610164,0.05652446900536673,0,0.0,1,0.9296201968195318,0.007308514152645671,0.05100993045347059,0,0.0,1,,
null,75,0.7691234627558257,0.14897008715992754,0.06415217328782451,1,0.0,0,0.8263126058966546,0.06489116970907009,0.07115566260580888,0,0.0,1,0.94102247671175,0.002400614418864799,0.046758258217749586,0,0.0,1,,
null,76,0.7831708394149357,-0.019678970402827373,0.05609781007663,0,0.0,1,0.7735924098960713,-0.07399775321596956,0.06127569059722102,0,0.0,1,0.9029599768899398,0.0035104460694713835,0.04705506289033363,0,0.0,1,,
null,77,0.7867004235376445,-0.0012482050918092738,0.05576692148604656,0,0.0,1,0.8753024100776554,0.09287058267166312,0.06948309645491597,0,0.0,1,0.9496137303417381,-0.11427415996756725,0.050920072502979426,1,0.0,0,,
null,78,0.8116532373527209,0.10488660079052291,0.0564038410282985,0,0.0,1,0.8333710977931816,-0.10416912198795034,0.05555853147156482,0,0.0,1,0.944801413981383,0.031419230199864936,0.04891730602585203,0,0.0,1,,
null,79,0.7910755736241296,0.10957167561665064,0.06746054703091664,0,0.0,1,0.8551926202100277,0.058146011281938956,0.07320985002657451,0,0.0,1,0.9500523215982982,-0.055394827761675224,0.04719671206359508,0,0.0,1,,
null,80,0.7240162623047616,-0.03998935110969304,0.056764503730623875,0,0.0,1,0.8267599323218003,0.051527391130638533,0.07465476136069879,0,0.0,1,0.9470956431795103,-0.06590902534043122,0.0584484854141654,0,0.0,1,,
null,81,0.8677231006081331,0.023686677927182015,0.08582576483185367,0,0.0,1,0.6504332129661485,0.08057162107506925,0.045352284321058416,0,0.0,1,0.9462519098310794,0.017367656173564647,0.053655013594445584,0,0.0,1,,
null,82,0.8120657076212712,-0.06305706906438585,0.05083998605708221,0,0.0,1,0.7752842413765085,-0.10324707939995816,0.06134947821391138,0,0.0,1,0.8943710853011108,-0.01861073202570371,0.05547865986973392,0,0.0,1,,
null,83,0.8311587438819602,0.14743809629624513,0.054923303223873114,1,0.0,0,0.6603246865049472,-0.035227543802956916,0.040972769197378585,0,0.0,1,0.8990255388517128,0.06809466664568777,0.04974739311633393,0,0.0,1,,
null,84,0.8282116486210442,-0.08063055794877819,0.05714166431908976,0,0.0,1,0.8192423098260788,0.04479275597236539,0.05844557818004272,0,0.0,1,0.9460717103166544,0.023396713860952083,0.05001913248835989,0,0.0,1,,
null,85,0.8165298346880983,-0.07808843870689963,0.06817377487161153,0,0.0,1,0.7497256449156507,0.1417180825993685,0.06762347460298836,1,0.0,0,0.9539162446145065,-0.04253639089297216,0.048141221235327866,0,0.0,1,,
null,86,0.7782564007618864,-0.05161279638952425,0.05825312881262652,0,0.0,1,0.7159062944617336,0.03062901374441176,0.05820886411247782,0,0.0,1,0.9394772698224264,-0.016458234485340634,0.046623714793348266,0,0.0,1,,
null,87,0.8292332350060304,0.07861697267192302,0.06473574271755037,0,0.0,1,0.8686332609310132,-0.027473639749754537,0.06453677906172905,0,0.0,1,0.9638822228923081,0.021089816878924666,0.05048707834260516,0,0.0,1,,
null,88,0.771687042943439,0.1384883647734881,0.0665788397905865,1,0.0,0,0.7551136277837192,-0.09367980262888746,0.06909952972553056,0,0.0,1,0.9243323976161392,0.023772165051715023,0.04310427227236602,0,0.0,1,,
null,89,0.7371583898964639,-0.05745060250455783,0.05456491903321466,0,0.0,1,0.7828974380937994,0.02043975050389766,0.06636427310565517,0,0.0,1,0.9388921769316784,0.015155179386502274,0.061807895814399855,0,0.0,1,,
null,90,0.8234812386368364,-0.01971326728637766,0.06318919603995464,0,0.0,1,0.7583109728398061,-0.11756703921500035,0.05377300355238862,1,0.0,0,0.9527727549983833,-0.039615369595355644,0.04972409005976137,0,0.0,1,,
null,91,0.8411994537620326,-0.00971383965400678,0.08569338224791587,0,0.0,1,0.8255795927849829,0.04716235167110461,0.04974776590283461,0,0.0,1,0.947817666826066,-0.07384683543375276,0.05029406816718494,0,0.0,1,,
null,92,0.8597454042575307,0.029629339058519194,0.07211520207529631,0,0.0,1,0.8068513541213375,0.09002906752502321,0.06665382060294134,0,0.0,1,0.9222426921670366,-0.048227684769229034,0.046093395979786726,0,0.0,1,,
null,93,0.6846459241619893,0.002479464500290759,0.05197484438518622,0,0.0,1,0.7338333757569808,-0.08564972632677398,0.052252514027734495,0,0.0,1,0.9278603968064634,-0.04052332789260686,0.053830749692451864,0,0.0,1,,
null,94,0.7544825118222588,-0.014293266366928284,0.043039813164347705,0,0.0,1,0.6514129241861323,0.047946091038136185,0.06330080481023484,0,0.0,1,0.8948209715001509,0.01413419247158041,0.043749693524523875,0,0.0,1,,
null,95,0.8439291493937463,0.0718233572031646,0.0680521159006211,0,0.0,1,0.760444492291446,0.0023829633188317176,0.0608346157318757,0,0.0,1,0.9517819927678332,-0.014782853005936633,0.0550465661753129,0,0.0,1,,
null,96,0.7417469139871865,-0.1024916138105968,0.05279761596977408,0,0.0,1,0.8076545171806455,0.016754365048942902,0.05186956394199584,0,0.0,1,0.8948121921773656,0.0608480695225201,0.049304517234492785,0,0.0,1,,
null,97,0.6690851725083385,0.038962399460041805,0.05003886801570344,0,0.0,1,0.8435982982930047,-0.07925008475686515,0.07599789906389139,0,0.0,1,0.9527161988209051,0.014633718935345706,0.058455089070997016,0,0.0,1,,
null,98,0.8169962650732635,0.027337880430431557,0.0651233540761582,0,0.0,1,0.8129295015749237,0.04120897013126782,0.07099670074272157,0,0.0,1,0.9190558433997114,-0.09217225064529373,0.048878419565374163,0,0.0,1,,
null,99,0.8415955996509048,-0.0738508192182856,0.07098471915403433,0,0.0,1,0.7265863540344186,-0.041866896176397356,0.05660545351635186,0,0.0,1,0.9399043018939409,-0.012503956948529626,0.05431809452326455,0,0.0,1,,
null,100,0.8400320450905071,-0.03641196165746211,0.06565299670067296,0,0.0,1,0.8505707228718572,0.04265085073189588,0.06100881092404602,0,0.0,1,0.9262500993549496,0.02400332290584553,0.04647446819906712,0,0.0,1,,
null,101,0.8208246557084486,-0.02753896974098778,0.06737358146022802,0,0.0,1,0.8172981427120743,-0.11430064066353124,0.06851494637491333,0,0.0,1,0.9238374169481853,-0.0016506615903311747,0.04632706479738857,0,0.0,1,,
null,102,0.734568923498728,0.0976935481142218,0.05209819579330351,0,0.0,1,0.8082572711829182,-0.016662799567649916,0.06702971310816301,0,0.0,1,0.9135572154438222,0.08803735901980284,0.06021574514764238,0,0.0,1,,
null,103,0.8863326998188319,0.021288725298988585,0.07238656356331001,0,0.0,1,0.7172859787096558,0.1724106282993191,0.05655915522724992,1,0.0,0,0.963270614488815,-0.07578515650325521,0.057280164532574555,0,0.0,1,,
null,104,0.7568833147116791,-0.1071257328795813,0.05536738907382772,0,0.0,1,0.8535508454386054,-0.09069057060183197,0.06381437836489204,0,0.0,1,0.9509425411935724,0.032715322621907336,0.05714043725194535,0,0.0,1,,
null,105,0.8072425112922729,0.10042872140133217,0.06824406271784886,0,0.0,1,0.845441043378041,0.030538425052462268,0.06224272824112848,0,0.0,1,0.9397160353740011,-0.015621218975256729,0.05367184436638678,0,0.0,1,,
null,106,0.8265761138221769,-0.08181919214702883,0.0655403893668536,0,0.0,1,0.8460417380052385,-0.08517160296966149,0.0568103429512598,0,0.0,1,0.9681258385133652,-0.029317159413205986,0.057768691578950745,0,0.0,1,,
null,107,0.7640813686618834,-0.04432582294731777,0.05974723850116945,0,0.0,1,0.662055918480654,-0.06381034840737113,0.05724406481035365,0,0.0,1,0.9342045111534991,-0.07436116852196087,0.0488655010340151,0,0.0,1,,
null,108,0.7970199607641257,0.19894632659507852,0.06483412441162019,1,0.0,0,0.7739264319563964,-0.13429746019130592,0.053994911106234285,1,0.0,0,0.9186475021877204,-0.0852514511232829,0.04538865615433807,0,0.0,1,,
null,109,0.8438579420049622,-0.035704683720803085,0.06276213477114462,0,0.0,1,0.853741704335018,0.05283004344950292,0.06961807502859484,0,0.0,1,0.9255968461430343,0.06462331466484787,0.04589340902075738,0,0.0,1,,
null,110,0.8093275558257261,0.058677654119744835,0.07365853911816879,0,0.0,1,0.8056529292742829,0.07248238669742701,0.06317130024881586,0,0.0,1,0.9197383956252704,-0.06567801479353257,0.053201174832452285,0,0.0,1,,
null,111,0.7410176736762815,0.1526105085476588,0.050429014392060025,1,0.0,0,0.8573974980432445,-0.06783111447712083,0.0705967297259299,0,0.0,1,0.9460360403858847,-0.04147108855208471,0.05667523727780475,0,0.0,1,,
null,112,0.7370068754707153,-0.04964595077137459,0.04487923613215965,0,0.0,1,0.7697719919830456,-0.040164016817968225,0.06396154988207962,0,0.0,1,0.9140895508600734,0.06782011503757358,0.05069492964811763,0,0.0,1,,
null,113,0.7096247320579309,0.009277281461882529,0.052562175825647,0,0.0,1,0.8365768966021931,0.0940707045052734,0.06840546016933934,0,0.0,1,0.9566329713554826,-0.06308081148843876,0.060851975933468874,0,0.0,1,,
null,114,0.773026537497773,-0.06874730572626071,0.06105351317419374,0,0.0,1,0.8270952456479592,0.1875146561380024,0.05551313852220467,1,0.0,0,0.914130487952074,0.06696727961233892,0.047090970921040885,0,0.0,1,,
null,115,0.7405184627007365,-0.06210846700119973,0.0556003351073701,0,0.0,1,0.8700429095723945,-0.027686403523718126,0.06589481456359984,0,0.0,1,0.8736176276960903,-0.059688278729764836,0.04671405354861006,0,0.0,1,,
null,116,0.7655846457918098,-0.08792384295469778,0.06242982364008058,0,0.0,1,0.7097228853219887,-0.0619303163398072,0.04658042429668749,0,0.0,1,0.9113406324615255,-0.022203088489413127,0.050342348061624256,0,0.0,1,,
null,117,0.8106200816992246,0.04932381413858946,0.07202325503081167,0,0.0,1,0.8379922662655757,-0.10155904062318571,0.05789875141451996,0,0.0,1,0.9414520538397122,-0.10829523605098874,0.05397273169541905,1,0.0,0,,
null,118,0.8156876158546394,0.007296474041098628,0.06903883083122253,0,0.0,1,0.8063413121419717,-0.08241669178253638,0.06378867091414506,0,0.0,1,0.9553746451884313,0.040907809343524976,0.052117841355692564,0,0.0,1,,
null,119,0.7381514474939601,-0.10768299049895134,0.056648537693034004,0,0.0,1,0.7186914174696415,0.10290476509414571,0.054649490633078154,0,0.0,1,0.9508312537472755,0.00383453835289707,0.04847369642940821,0,0.0,1,,
null,120,0.8321189710525289,0.007707028544688412,0.07470187061316615,0,0.0,1,0.7714623025776686,0.039275392158184215,0.05523880257039994,0,0.0,1,0.9167181254071749,0.031424034923062706,0.049748592722010376,0,0.0,1,,
null,121,0.8711697973486887,-0.04891192126243188,0.06551325197968856,0,0.0,1,0.8324604737034359,0.07189972458556952,0.059190264367671594,0,0.0,1,0.8916475806667727,-0.030491251761661363,0.04821277204298242,0,0.0,1,,
null,122,0.8398148403025685,-0.129382151503204,0.061231614600806256,1,0.0,0,0.6140726099215458,-0.08319043446911306,0.047209490512940266,0,0.0,1,0.9493257550273053,0.02885870569232556,0.04578497819441384,0,0.0,1,,
null,123,0.7753660268092291,-0.031730632239285676,0.05984335451524208,0,0.0,1,0.7922272262135625,-0.0035795830631611095,0.07068910835898434,0,0.0,1,0.9309371708152233,-0.022900782130546846,0.05327087137444863,0,0.0,1,,
null,124,0.7464682041243899,0.07278615046731436,0.05017279541836221,0,0.0,1,0.8556518742346347,0.0022745057080579482,0.06677225204990678,0,0.0,1,0.9199241032983759,0.020371341714721523,0.05796952549658635,0,0.0,1,,
null,125,0.842952758784041,0.0942931149031449,0.060773320896979205,0,0.0,1,0.7530801781167276,0.033451066236572825,0.05531085496172266,0,0.0,1,0.9238479046155538,0.059496243415478295,0.04646777226215973,0,0.0,1,,
null,126,0.7967358071370025,0.026382397416049492,0.06031951260530957,0,0.0,1,0.8303716188898347,-0.06601099781293884,0.06557000272550523,0,0.0,1,0.9387536970242429,0.05641663678161863,0.0511966673678191,0,0.0,1,,
null,127,0.7764152916418708,-0.25482344713807054,0.07103455029247192,1,0.0,0,0.842475347613043,0.05163945469316824,0.07247736828183698,0,0.0,1,0.9350686147152278,0.033737242373805265,0.05534819395726133,0,0.0,1,,
null,128,0.8069677843789411,-0.10069568316715531,0.06450131716993052,0,0.0,1,0.8216166648475896,0.06050920652179221,0.06319283863015077,0,0.0,1,0.9299837402207438,-0.005421638293859539,0.04961094425606423,0,0.0,1,,
null,129,0.8787894192566842,-0.06344642883341621,0.07658264640671421,0,0.0,1,0.8900914649477194,-0.05376859513462348,0.077936425148251,0,0.0,1,0.9092159642937975,0.011504591457199932,0.0465253320082656,0,0.0,1,,
null,130,0.7891620839615104,0.05407046133538839,0.06007022681873373,0,0.0,1,0.7094245079252244,-0.20774865457007208,0.05733324568511401,1,0.0,0,0.9438744882254099,0.023277956189315472,0.061919054500572904,0,0.0,1,,
null,131,0.8393003628930693,0.09138475364804399,0.06530175564439038,0,0.0,1,0.8185975061235534,0.06725409271204484,0.058097669059214145,0,0.0,1,0.9539577986864868,-0.00598906027578603,0.054624282730935496,0,0.0,1,,
null,132,0.7399867203451247,-0.061052837436367816,0.06774871474232315,0,0.0,1,0.7240603121718588,0.08935947256005405,0.061559369734109165,0,0.0,1,0.9338335979749487,-0.15028115568942796,0.052474997664483033,1,0.0,0,,
null,133,0.7595929533446941,0.008597653828931672,0.06765584624829356,0,0.0,1,0.6985663785229743,-0.13517720959061444,0.06015041849045383,1,0.0,0,0.958926753199637,0.04596778981384578,0.06071233215538558,0,0.0,1,,
null,134,0.7846658619264498,0.05749184366449805,0.05763443754841451,0,0.0,1,0.7733150235191122,-0.07402630435536921,0.05956575700579113,0,0.0,1,0.9310703065812245,-0.05532725021732362,0.04699591752343252,0,0.0,1,,
null,135,0.8043170238869791,0.03564643859370983,0.05889887327559761,0,0.0,1,0.8212718269165409,-0.02199340047306884,0.05759199440169594,0,0.0,1,0.9173755884067823,-0.06870729204988855,0.04512164761975745,0,0.0,1,,
null,136,0.8420789533859416,0.037194246215790455,0.064867885972837,0,0.0,1,0.8222992527063687,-0.04389139537639675,0.06897736418762786,0,0.0,1,0.9500997319992889,0.019735543517916815,0.05886176897381109,0,0.0,1,,
null,137,0.8062240926641433,-0.030867022584067625,0.06375159873865796,0,0.0,1,0.7428753183483284,0.011212017596003123,0.056701785837674046,0,0.0,1,0.9395698843189988,-0.038720096850690736,0.05267657291526068,0,0.0,1,,
null,138,0.8200019073849386,0.08829511431941121,0.06310275093171791,0,0.0,1,0.7219207317460593,-0.11645721997689135,0.05010422700494434,1,0.0,0,0.9084358999704916,0.0027988382973895723,0.04971996904750986,0,0.0,1,,
null,139,0.8376696425051281,-0.09672615179800939,0.06929167222532816,0,0.0,1,0.8204893369073656,-0.01850232283946261,0.0617242869073233,0,0.0,1,0.9532651073502597,0.016633381428384393,0.05422881302543956,0,0.0,1,,
null,140,0.7564271027952953,0.06242909031792859,0.0653578376180431,0,0.0,1,0.7959582054616196,-0.13260271671273968,0.06076937016755346,1,0.0,0,0.9476438032713932,-0.03058472280099747,0.04857719608755503,0,0.0,1,,
null,141,0.835113732649341,0.0033831105195767214,0.05599771942478403,0,0.0,1,0.8352841858685984,0.06879077059060607,0.06004245760445982,0,0.0,1,0.9357857789283694,0.010075948625338995,0.0499843234930393,0,0.0,1,,
null,142,0.8939115329904497,0.18796782162363881,0.06099335635522452,1,0.0,0,0.8358830975277204,-0.13028000581738658,0.07911466552502124,0,0.0,1,0.9245428211117279,0.10794050709576096,0.037144531840423475,1,0.0,0,,
null,143,0.6771132957154358,-0.025106870696948533,0.048679454067269465,0,0.0,1,0.7030623442850464,-0.11592616291553497,0.06824830366673858,0,0.0,1,0.9131485275831177,-0.0359367647704584,0.04958162559721426,0,0.0,1,,
null,144,0.8217377693429032,-0.050233163053327784,0.06995376423590209,0,0.0,1,0.7293053361590933,-0.006201418538598703,0.05619589472152315,0,0.0,1,0.9561040791350918,0.008655054828398956,0.05322197427443733,0,0.0,1,,
null,145,0.8769953694055415,-0.09705306427696953,0.06826992103046708,0,0.0,1,0.790975526322205,0.04339893630909894,0.07037063972267257,0,0.0,1,0.9310520486387687,-0.11308606861608662,0.048151685993375534,1,0.0,0,,
null,146,0.7618315276479531,-0.04955710351743252,0.06334927456618361,0,0.0,1,0.8289300572565754,-0.009544414513326783,0.059377607109386735,0,0.0,1,0.8834621383475129,0.025462469932107566,0.045083400803098965,0,0.0,1,,
null,147,0.7875833232489807,-0.008131589681584445,0.060688081850113706,0,0.0,1,0.7310923980777609,-5.7186478090028854e-05,0.05165071775126318,0,0.0,1,0.9284151293304757,-0.04530197582387329,0.04792442510670923,0,0.0,1,,
null,148,0.8659262900636708,0.11971601537372344,0.05639912240389113,1,0.0,0,0.8024369365938502,0.027909001081513406,0.07285992841505369,0,0.0,1,0.9308727642391329,-0.02132179430841307,0.05092663697844469,0,0.0,1,,
null,149,0.8342410511891544,-0.04070585481766975,0.06719740684003235,0,0.0,1,0.7374130930121293,0.07085370029885467,0.05175946342143824,0,0.0,1,0.9219813444055506,0.00230759927184761,0.04427475675166143,0,0.0,1,,
null,150,0.8218669244399743,-0.16053272693556833,0.056214817927696704,1,0.0,0,0.7352554600942771,-0.03465586699533723,0.05991525959920639,0,0.0,1,0.9298963808981152,0.06549343921303478,0.05516469024918887,0,0.0,1,,
null,151,0.822106152845793,0.019761669930979116,0.06327505059774595,0,0.0,1,0.7601594597859745,-0.057336128018865125,0.06199346576130214,0,0.0,1,0.9516933404320511,-0.02681788507075718,0.053339882176183205,0,0.0,1,,
null,152,0.7541530726999672,0.04699835916298698,0.054738022522653806,0,0.0,1,0.7329367531626596,-0.0138113603737576,0.06115811636750916,0,0.0,1,0.8995909935747248,0.04919486067210454,0.05961176030485242,0,0.0,1,,
null,153,0.8463644720279142,-0.07615434463511223,0.05592508593401716,0,0.0,1,0.7411458019537195,-0.02877227076977403,0.05565529925789283,0,0.0,1,0.9349355577434106,0.010950684528973815,0.04967759938973851,0,0.0,1,,
null,154,0.8192008502527113,-0.14347871847681173,0.06489176850931005,1,0.0,0,0.8348213577725955,0.02346306030324088,0.06669189626597452,0,0.0,1,0.9291743546751294,-0.03560631979586878,0.053139464749148754,0,0.0,1,,
null,155,0.8342353553810992,-0.02170824203106971,0.07196796065568485,0,0.0,1,0.8061641750541444,-0.07317469222397187,0.07511641289671636,0,0.0,1,0.9030467259093758,0.011282244365491672,0.05012955190313317,0,0.0,1,,
null,156,0.7724632298136433,0.08142084336571473,0.0646607957368988,0,0.0,1,0.7838041131840319,-0.034969547583539325,0.06166399502741948,0,0.0,1,0.9465733369734756,0.007471087923549795,0.06232663202611948,0,0.0,1,,
null,157,0.8306400226379843,-0.013852589256080112,0.054696006593135074,0,0.0,1,0.8380820522578564,0.1365118925861593,0.06044341512001365,1,0.0,0,0.917603925520325,0.024629583368801822,0.04934617651511215,0,0.0,1,,
null,158,0.8026519008276632,-0.09183160954367894,0.06618215417556082,0,0.0,1,0.7319976900975518,0.1263203092005499,0.06695826209704112,0,0.0,1,0.9303436901728024,0.040360823202612216,0.05545035388871882,0,0.0,1,,
null,159,0.6785045163685173,-0.06940567082876628,0.056779335869116244,0,0.0,1,0.7936356205014141,0.01579820135993958,0.05638197854423767,0,0.0,1,0.920355042207319,0.08157051503873887,0.05550055356335617,0,0.0,1,,
null,160,0.7995830633030389,0.039712633497039386,0.05443063359873901,0,0.0,1,0.8591000203342527,-0.01012492107292228,0.06759980930459258,0,0.0,1,0.946942751762182,0.00392601104923838,0.047222212336469546,0,0.0,1,,
null,161,0.620985813852843,-0.026459316834947733,0.04159981030851564,0,0.0,1,0.7857608073730347,-0.1359714390540037,0.062227953569504224,1,0.0,0,0.9172340162803839,-0.053998526865448766,0.057159879639623705,0,0.0,1,,
null,162,0.7780544069895209,0.20327263941525228,0.05295561553375873,1,0.0,0,0.7860160649152793,0.07487740526691171,0.07392626050984984,0,0.0,1,0.9576979150550896,-0.011013623517782671,0.05043738658038133,0,0.0,1,,
null,163,0.7890967045422865,0.050401946433465884,0.05106012555593043,0,0.0,1,0.8361106807222393,0.06605684674872866,0.06624257392166631,0,0.0,1,0.9135458392889683,0.02590278278115114,0.04794424007688762,0,0.0,1,,
null,164,0.74388326763269,0.048487418892582866,0.057599512089900676,0,0.0,1,0.7157034073556716,-0.027360818082810674,0.05821345510598825,0,0.0,1,0.9113221159215286,0.08028098833772705,0.05199857293499016,0,0.0,1,,
null,165,0.6690806248756425,-0.18139005716145257,0.05453290701265252,1,0.0,0,0.7534515565149527,0.044482518154528236,0.05899571759580507,0,0.0,1,0.9327165396503666,0.0770464731852803,0.05646575515012252,0,0.0,1,,
null,166,0.8299866106373266,0.16141633831614272,0.06323452125019619,1,0.0,0,0.8239864748405035,0.041068055192609684,0.0707858898610453,0,0.0,1,0.9416458197032419,-0.11060074826792146,0.05022978535252186,1,0.0,0,,
null,167,0.7055084181008039,-0.17809466415668762,0.05092793288634588,1,0.0,0,0.8107604129909213,0.09718196954174715,0.05433813667756406,0,0.0,1,0.9044069096378443,0.012528310580117653,0.05746710382884125,0,0.0,1,,
null,168,0.81092152944254,0.08033091491139933,0.0680371332049122,0,0.0,1,0.7845404439822281,-0.04437813121699462,0.060071470972388887,0,0.0,1,0.9266922506103327,0.023087142654701864,0.045540182388746894,0,0.0,1,,
null,169,0.65950113155554,0.0653613140447591,0.043676240612842594,0,0.0,1,0.8183878987948114,0.049817989926340504,0.05764736374045189,0,0.0,1,0.9218471753879217,0.02686172960744405,0.05015215137291688,0,0.0,1,,
null,170,0.85611198049264,0.08349451804987285,0.07117448232597053,0,0.0,1,0.8117603759827451,0.12980745154774406,0.07635575008706008,0,0.0,1,0.9302924346090142,0.07869358853987335,0.05507841118962403,0,0.0,1,,
null,171,0.782323477133771,-0.06361959389023403,0.07208400263258147,0,0.0,1,0.7870609970463542,-0.001353086051503914,0.05725577457850845,0,0.0,1,0.9327626905388192,-0.046782536279892976,0.048850913295219046,0,0.0,1,,
null,172,0.726601498410718,0.2029291074650332,0.06606555233468124,1,0.0,0,0.7095280129116357,-0.04597033849306184,0.05714571237103988,0,0.0,1,0.9326126726075008,0.025154378482631846,0.05800587605693672,0,0.0,1,,
null,173,0.7661481932001916,0.11142732680764526,0.062475999289312446,0,0.0,1,0.8192017849538394,0.09188741933002868,0.0705300559820611,0,0.0,1,0.9265048680139407,0.0499378733587921,0.05927039831810842,0,0.0,1,,
null,174,0.7916231130761663,-0.03497607965128356,0.05749508060104511,0,0.0,1,0.7855696144336262,-0.05976171429351813,0.0581064918714682,0,0.0,1,0.9253952890000104,-0.08506581736542955,0.05037469231278939,0,0.0,1,,
null,175,0.8303937462833093,0.12773893804620237,0.05845112466994928,1,0.0,0,0.8483362806032361,-0.021513303929067,0.07151736699698891,0,0.0,1,0.937449435872959,0.013301946189555628,0.05086279038039829,0,0.0,1,,
null,176,0.790444539961847,-0.05314918509955598,0.06232914663579324,0,0.0,1,0.7895217491134772,-0.060256496562084316,0.06407105453301763,0,0.0,1,0.9096079792242612,-0.09235434295492678,0.04859482014454373,0,0.0,1,,
null,177,0.7764542220734401,-0.03377178501025564,0.05403492872687284,0,0.0,1,0.7420121572825026,-0.09729230689498594,0.06372341543207648,0,0.0,1,0.9353768394855239,0.04831454087100906,0.06188460673463485,0,0.0,1,,
null,178,0.8087785132325085,0.028814587049319898,0.06237365155764791,0,0.0,1,0.8466122073109575,-0.07248083741510111,0.053811181400254406,0,0.0,1,0.9537623310053588,0.012149308116074673,0.04948708459378293,0,0.0,1,,
null,179,0.7726645344803752,-0.009207908721628107,0.050486121524695865,0,0.0,1,0.7892188252453727,0.00496448604600599,0.05849892071791121,0,0.0,1,0.9563959716032054,-0.07070080529351841,0.05479018619007798,0,0.0,1,,
null,180,0.7292052748458452,0.1007299073289656,0.0652540396347346,0,0.0,1,0.8115609701958388,-0.05119057185397327,0.056323489011257104,0,0.0,1,0.9403634992039028,-0.06413575202321417,0.05497467231536543,0,0.0,1,,
null,181,0.7725508040706447,0.10642485311386307,0.06319687369719693,0,0.0,1,0.7625493145038427,0.06796344239351843,0.07243558666317206,0,0.0,1,0.9183791031604182,-0.08472732455766153,0.05276386800849452,0,0.0,1,,
null,182,0.7807090959292365,0.07452478166691937,0.060983749299680846,0,0.0,1,0.8182591188364706,0.07752880984422199,0.06522495218968954,0,0.0,1,0.9304528741416056,-0.041923283439080895,0.04875783766849388,0,0.0,1,,
null,183,0.7926191445150415,-0.01403116302688227,0.049247065700302226,0,0.0,1,0.802143950996769,-0.044160038437126334,0.05677860936818864,0,0.0,1,0.9493053090011068,-0.031489926391879704,0.049994156751601376,0,0.0,1,,
null,184,0.8339980982227326,0.06401260726934052,0.07298353006521784,0,0.0,1,0.6341049693840438,-0.14570530281819102,0.05160112192715659,1,0.0,0,0.9071165400529982,0.009030515504958724,0.04888379069530136,0,0.0,1,,
null,185,0.7918014765838456,0.02400980913161722,0.06610764617127604,0,0.0,1,0.7874662861080959,0.0403446116279097,0.05534859475318078,0,0.0,1,0.9601762705430721,0.021519997576630572,0.054310523749665114,0,0.0,1,,
null,186,0.6674565661706647,0.11077138001897072,0.050672691343524374,1,0.0,0,0.8400087530870142,0.04863304755897698,0.07159615923097302,0,0.0,1,0.9435407366877954,-0.10878575873533639,0.05247150160297725,1,0.0,0,,
null,187,0.7533880802134169,-0.17963708166868206,0.05478115622284354,1,0.0,0,0.8122342933844371,-0.06158908505237908,0.061606267867492084,0,0.0,1,0.9045713385941281,0.08462718926081092,0.06170671156687172,0,0.0,1,,
null,188,0.7987559962204595,-0.07668670417225636,0.05252679274740617,0,0.0,1,0.8347678535616417,0.08043243400788526,0.06820639410426567,0,0.0,1,0.938373067655532,0.019301541981152505,0.04968813542902223,0,0.0,1,,
null,189,0.7460351424456115,-0.04842011306656186,0.06314939745020126,0,0.0,1,0.7808390244911633,0.08635478739942032,0.06484095693595508,0,0.0,1,0.9075860405780888,0.007716635415704727,0.053634279233076995,0,0.0,1,,
null,190,0.8642228088072381,-0.08753286323718856,0.07375065004508873,0,0.0,1,0.7990285626654474,-0.01594167517927509,0.058143908936781605,0,0.0,1,0.9371976104733687,0.09417934021408318,0.042839322013036606,1,0.0,0,,
null,191,0.7646193564641376,0.08332226024991837,0.06251052707886608,0,0.0,1,0.803891663660378,0.03421407554440145,0.07021567391672061,0,0.0,1,0.9204700435064352,0.00866831179755938,0.0563403020326885,0,0.0,1,,
null,192,0.8317331695331376,-0.06276692399591963,0.06329642085652704,0,0.0,1,0.8041707840271336,0.0554670482922789,0.05682432477124823,0,0.0,1,0.9360821484258272,0.024612624009892663,0.05370380496294721,0,0.0,1,,
null,193,0.7061247128958386,-0.13190967596181288,0.059337433619859235,1,0.0,0,0.8513029843987634,0.05441724516778173,0.06315822909513413,0,0.0,1,0.957018167654206,0.0005535411663276844,0.049044176470628864,0,0.0,1,,
null,194,0.806272084930912,-0.047719783424703135,0.047634641592861016,0,0.0,1,0.732779242429201,0.11332214728297944,0.050711179319298076,1,0.0,0,0.9030953330355157,-0.014701242794458948,0.053815607774078414,0,0.0,1,,
null,195,0.7754770958983318,0.07829053908095926,0.05345159662783066,0,0.0,1,0.8485714833404885,0.028096971636312175,0.07014530506407529,0,0.0,1,0.9419163373389889,0.012349524598417516,0.046875237977999765,0,0.0,1,,
null,196,0.8328450266467362,-0.02613511722670706,0.0571764514405481,0,0.0,1,0.8238998767367924,0.07477639988638675,0.05628402137691674,0,0.0,1,0.949885959240039,-0.021291025764590087,0.054174355340900024,0,0.0,1,,
null,197,0.8358954858737104,-0.10141577564584563,0.06601520520523114,0,0.0,1,0.9106268480748125,-0.026301890156776492,0.0864761830753794,0,0.0,1,0.9563381848010876,-0.03608835215416233,0.05516209414155551,0,0.0,1,,
null,198,0.7046062496106196,-0.023684256112163387,0.050632858499861766,0,0.0,1,0.8547651388409916,-0.1116868721008989,0.06184653417708958,0,0.0,1,0.912142715499999,0.05270578651255705,0.05663662217110525,0,0.0,1,,
null,199,0.7268733878253439,-0.11279520367161286,0.06366667493718757,0,0.0,1,0.8286163622999256,0.018569233273078058,0.0633457460969424,0,0.0,1,0.8899771350958002,-0.05372421941857697,0.03918228205669183,0,0.0,1,,
null,200,0.8395125960810493,-0.0216293799715429,0.06553111083671359,0,0.0,1,0.7230600811724512,0.007706522745233167,0.055441318683924844,0,0.0,1,0.9434032411679644,-0.10762964124073707,0.05431652876095539,1,0.0,0,,
null,201,0.8622297424084524,-0.0019399395243302772,0.06781860980411727,0,0.0,1,0.679278350286556,-0.019402509259342855,0.05190059331259106,0,0.0,1,0.934283088571766,0.01184800632783821,0.059489047376378036,0,0.0,1,,
null,202,0.7658663865089829,0.05559475876212803,0.06060461247257691,0,0.0,1,0.800421608747521,7.090733633179457e-05,0.06998994108851397,0,0.0,1,0.922146776408908,-0.04847681152503651,0.04599726264258374,0,0.0,1,,
null,203,0.7991668260429572,-0.05802719015462166,0.04579590030084969,0,0.0,1,0.7564375422267235,-0.09508291240947662,0.0621796924177747,0,0.0,1,0.9449311118676414,-0.04660739607452278,0.05203547414879342,0,0.0,1,,
null,204,0.7176242416111455,0.034752462908835643,0.06058519564509302,0,0.0,1,0.7564816680055283,-0.1061921883263588,0.07143873855376108,0,0.0,1,0.9043916577825338,0.01697240107458901,0.05614375080611453,0,0.0,1,,
null,205,0.8701088067714493,0.04599726721149607,0.06829049875667066,0,0.0,1,0.7637609024387049,-0.06325731501964806,0.051393759124625,0,0.0,1,0.9243241781764583,0.038227540735842544,0.051551132043212176,0,0.0,1,,
null,206,0.7886702794973488,0.11709168152762339,0.06966040616043748,0,0.0,1,0.7954482293255986,-0.08588898494076107,0.058541828928526204,0,0.0,1,0.9470775539174787,0.006092982638158571,0.04839976451501453,0,0.0,1,,
null,207,0.7983327506105712,-0.1115262623297956,0.05571743666037776,1,0.0,0,0.7567711397891559,0.11053285878180541,0.07066668479015534,0,0.0,1,0.9533586417883958,-0.048227301698708334,0.04765643179269353,0,0.0,1,,
null,208,0.804805177453744,-0.008203170369714931,0.06455717578534612,0,0.0,1,0.7528864080109897,-0.013293945050753181,0.05953611286968701,0,0.0,1,0.946434551342818,0.03892588467936765,0.058185220135060896,0,0.0,1,,
null,209,0.8242444883355594,-0.0178339497361101,0.07026801616094105,0,0.0,1,0.8299711450599805,0.06012010368355797,0.07784346805394003,0,0.0,1,0.9122547484993218,7.018644005878994e-06,0.04940403684967816,0,0.0,1,,
null,210,0.8373689159282697,-0.006623658329067409,0.07382290518582517,0,0.0,1,0.8741009695639663,0.05033619390593327,0.06237392544688588,0,0.0,1,0.9436686014037895,-0.01771690178630215,0.05927151422104718,0,0.0,1,,
null,211,0.8045899643070659,0.020718869312950014,0.06764761296927121,0,0.0,1,0.7823812852070038,0.0987751794300833,0.05567936432309165,0,0.0,1,0.9028145633001243,-0.04935278190696402,0.05762676553531228,0,0.0,1,,
null,212,0.8514739289320008,-0.0957804847919039,0.06982768056891768,0,0.0,1,0.7310843177739123,0.10782784184802031,0.05611744194885511,0,0.0,1,0.9430147663604842,-0.06424719459768309,0.051760022285054004,0,0.0,1,,
null,213,0.8016323920679935,-0.009860143810214312,0.07837973744379163,0,0.0,1,0.8123592878720695,0.01488591924933412,0.06271578831732816,0,0.0,1,0.9556442913707668,0.04552355102317706,0.051378784840841206,0,0.0,1,,
null,214,0.7528778576550794,-0.06251028839886645,0.05523621244302995,0,0.0,1,0.8327232585946253,-0.0031187122033090116,0.06362388825990077,0,0.0,1,0.9254068925776862,-0.020355719479901797,0.05003103341725358,0,0.0,1,,
null,215,0.8350006492854158,0.139536478862838,0.06364765827622755,1,0.0,0,0.8259961058860996,-0.04344945717670145,0.058711015893963846,0,0.0,1,0.9269156017269119,-0.03292206515841492,0.05195924564586803,0,0.0,1,,
null,216,0.7528328350251948,-0.045153613308896966,0.06111173574984172,0,0.0,1,0.8116843429811751,0.030807199911931316,0.06347493844685453,0,0.0,1,0.9298030387260088,0.05351932100104962,0.04881281819354393,0,0.0,1,,
null,217,0.7394854893893551,-0.0270179339111036,0.04972766368984015,0,0.0,1,0.7735234858831794,0.0946207709549229,0.05555353341770992,0,0.0,1,0.9280828710358485,-0.10248984260534498,0.06212983025412356,0,0.0,1,,
null,218,0.84309599093572,-0.07296313281728765,0.07047472008131496,0,0.0,1,0.8414307791309379,0.1948643679240481,0.06414110373515948,1,0.0,0,0.9074136719824271,-0.0014045929526745517,0.05869592200366326,0,0.0,1,,
null,219,0.7857476064931388,0.10353683343408784,0.05717636733820986,0,0.0,1,0.6898600485996192,0.10029530183785947,0.062217880522738404,0,0.0,1,0.9596047116976795,0.03686110640076886,0.056073952366265466,0,0.0,1,,
null,220,0.793961997207414,0.005742147495242334,0.05384031824361695,0,0.0,1,0.7849256717734525,-0.02414329970252089,0.07661540258727527,0,0.0,1,0.9449321498943171,-0.02447262341275246,0.04789362308011079,0,0.0,1,,
null,221,0.8040509843945219,0.17680826287736856,0.059377789907439665,1,0.0,0,0.7869907161605327,0.0032581858437326257,0.05678611620303746,0,0.0,1,0.9209969134387768,-0.05204144301419205,0.046819205824703614,0,0.0,1,,
null,222,0.7895503133820001,-0.050133437016044016,0.06009886155752417,0,0.0,1,0.789480698224005,0.10555295513885897,0.07301886555042589,0,0.0,1,0.9293809657146387,0.08889099782147541,0.05421890845934013,0,0.0,1,,
null,223,0.7611820332223412,-0.017568034362184588,0.06639744121558813,0,0.0,1,0.8291256760106482,-0.014261609988565321,0.0603777069107118,0,0.0,1,0.9485413161207044,-0.0001224477644988258,0.05195652181922868,0,0.0,1,,
null,224,0.702767834795119,-0.04889287136091024,0.06326050092715976,0,0.0,1,0.8348387799223166,0.051774593523279636,0.06596023266799081,0,0.0,1,0.9181044286484178,-0.06995178287059627,0.0460481250913222,0,0.0,1,,
null,225,0.7902854714619681,0.038756785621050456,0.055776818270959656,0,0.0,1,0.717226472205373,0.07720540269137324,0.057169965812765025,0,0.0,1,0.9277673871256479,-0.030607536777481174,0.0550697957061374,0,0.0,1,,
null,226,0.5714424235317682,-0.08291354188630438,0.06022309205463076,0,0.0,1,0.7509178185802139,-0.027588748732092466,0.06681942764133986,0,0.0,1,0.927962407220165,0.03196974868855418,0.054773433058911046,0,0.0,1,,
null,227,0.794611071415663,0.12007236384150198,0.06897723993341334,0,0.0,1,0.7167576401903807,0.013863259036453659,0.06432343171753914,0,0.0,1,0.9591835762419783,0.03261323969928128,0.055534533617450456,0,0.0,1,,
null,228,0.7830855234821446,-0.048937343732610904,0.06339970281632666,0,0.0,1,0.8142562479060658,-0.07817197574740127,0.06614329687280822,0,0.0,1,0.9401941574449362,-0.04212753087308989,0.04942384534247388,0,0.0,1,,
null,229,0.6781611578746125,-0.061209499218188114,0.04475292190649492,0,0.0,1,0.8340105340962045,0.06743683061703377,0.06133005329367328,0,0.0,1,0.9219683057808786,0.02090209565330177,0.04865817577606758,0,0.0,1,,
null,230,0.746287677818018,0.0029665110710121348,0.07293931284125899,0,0.0,1,0.7796425718904202,-0.02649524148961527,0.059737805183843494,0,0.0,1,0.9307981321358256,0.038744677373431964,0.050479929994342046,0,0.0,1,,
null,231,0.7487884893243242,0.08288652769226493,0.06870453420449815,0,0.0,1,0.7428792610496464,-0.15751784686325096,0.06498149737827158,1,0.0,0,0.9445633417212818,-0.04996858241614293,0.05249088864817999,0,0.0,1,,
null,232,0.8069252287380096,-0.12695061114295367,0.05700915302934503,1,0.0,0,0.8795851420612656,-0.011983474004107755,0.06725783129689171,0,0.0,1,0.9188641285926755,0.01214469882124886,0.05435504179608808,0,0.0,1,,
null,233,0.8113606586455733,0.06175433548978573,0.06489415343904839,0,0.0,1,0.8490664360190406,-0.19983300061582798,0.06933730631358774,1,0.0,0,0.9510588935607878,0.09075735895957325,0.048767989136031656,0,0.0,1,,
null,234,0.8287209750843009,0.024192083789835804,0.08773208550986407,0,0.0,1,0.8328143021131811,0.15730063116953508,0.060412463487171074,1,0.0,0,0.9245830613859014,-0.025404682570835155,0.04414323032901768,0,0.0,1,,
null,235,0.840162747425818,-0.07076045948521961,0.07734828958978032,0,0.0,1,0.795202855674222,0.1318694617408825,0.06875044920961582,0,0.0,1,0.9202635881001818,0.12043062894021933,0.048619541684581845,1,0.0,0,,
null,236,0.8306928489381156,0.181143431496531,0.056162956192402455,1,0.0,0,0.7525604084242018,-0.10491603886164227,0.05729914364331114,0,0.0,1,0.944512805796758,-0.011777742479251343,0.05224371581365449,0,0.0,1,,
null,237,0.7467611742750027,-0.01480692726013962,0.05805789703155664,0,0.0,1,0.8234588119006238,0.14762468558954525,0.06917390362627783,1,0.0,0,0.9358365150748701,-0.09773395628363585,0.06348003872428319,0,0.0,1,,
null,238,0.7771609523739953,-0.10450452356690715,0.05039050417110511,1,0.0,0,0.7039297343103057,0.0473122140185547,0.06254183795419627,0,0.0,1,0.9482685913480293,0.017609207776862593,0.05017741286244231,0,0.0,1,,
null,239,0.8402282619685132,0.010537332099140888,0.06977212112705779,0,0.0,1,0.7797001026529383,-0.14438136635809395,0.056776864374957665,1,0.0,0,0.9096192779889007,0.03123319183639188,0.03688048615446097,0,0.0,1,,
null,240,0.7522632971737053,-0.007720907135806268,0.05715106502616279,0,0.0,1,0.7460158413248155,-0.17485188037896285,0.06888616291142492,1,0.0,0,0.9463912983226342,0.030654201243004178,0.054509796877577704,0,0.0,1,,
null,241,0.8160193625916831,0.046440090150900525,0.05910227525036931,0,0.0,1,0.857048137172784,0.11555245530298866,0.06938012729854709,0,0.0,1,0.9168658664034465,0.09202487182331771,0.05374899431528159,0,0.0,1,,
null,242,0.7705754083739103,0.1329214896117013,0.06871641572029943,0,0.0,1,0.7795245819783319,-0.07381780034121313,0.04991145581182933,0,0.0,1,0.9257808682148964,0.010642481561251667,0.056300989190879745,0,0.0,1,,
null,243,0.7712064100834064,-0.012135750112418468,0.05984099088483285,0,0.0,1,0.7414049329643615,0.08292992135619288,0.07098241631626906,0,0.0,1,0.9216269467279976,-0.02651026469177879,0.05200164076451439,0,0.0,1,,
null,244,0.7170715583969337,-0.03878732244209122,0.06707700432057546,0,0.0,1,0.7362676813905787,-0.013496727912084821,0.054560831973802106,0,0.0,1,0.9341052102441197,-0.0840651667079771,0.04987510227448428,0,0.0,1,,
null,245,0.7482972193358406,-0.015289596073062338,0.06573547520754293,0,0.0,1,0.7743583733762051,0.03968060217351198,0.07362894784932424,0,0.0,1,0.9340687788226262,-0.025366017100357085,0.0476713184464461,0,0.0,1,,
null,246,0.8176421349063049,-0.024549991882552205,0.07588823732403051,0,0.0,1,0.7113117441212155,0.027525511653417545,0.0771085978428938,0,0.0,1,0.9351916605179217,0.07710767410910621,0.04556569218574849,0,0.0,1,,
null,247,0.7815365324919687,-0.032573174739411306,0.0791183910528367,0,0.0,1,0.8039949809046921,-0.05574322515018472,0.05800244039992682,0,0.0,1,0.8851500833126855,0.0039289266480560265,0.046080823726870127,0,0.0,1,,
null,248,0.7842129385928257,-0.07857434130829478,0.07050809940988208,0,0.0,1,0.7059687140841407,0.012317468200260778,0.06801392122686585,0,0.0,1,0.9436274327069389,0.09471267009905349,0.05218119333823191,0,0.0,1,,
null,249,0.8146281857278183,0.10287260788522089,0.06256738721429904,0,0.0,1,0.6767264581782032,0.13531061808784997,0.04410070510505188,1,0.0,0,0.9126652212051399,-0.08390038263520413,0.056041346401640636,0,0.0,1,,
null,250,0.8247294027239703,0.020078613097055265,0.05770757397602469,0,0.0,1,0.8025537318399709,0.051296501560123685,0.08185645507909559,0,0.0,1,0.9437470291977835,-0.07889260632957418,0.05020246836942999,0,0.0,1,,
null,251,0.8703766947759125,-0.024076959669902764,0.06263568037165895,0,0.0,1,0.8170107050835468,-0.07868722840448861,0.05965285707095927,0,0.0,1,0.8984394577316429,0.074826420236594,0.049392082056486444,0,0.0,1,,
null,252,0.7957036053979276,0.05227317176515193,0.06276534992235079,0,0.0,1,0.8044987733219078,-0.033104034987753,0.06294184050689663,0,0.0,1,0.9348704405509846,0.0045327463441545875,0.049309739624032796,0,0.0,1,,
null,253,0.8797980343635794,-0.13040504769663078,0.07428568410617965,0,0.0,1,0.7767484700843833,0.17594118188155508,0.062050721756574986,1,0.0,0,0.9242940360248834,0.08035961784363416,0.05123445920152786,0,0.0,1,,
null,254,0.8315384610573319,0.03138840416874401,0.06336251125961305,0,0.0,1,0.7807609659390008,-0.023509496866278554,0.05672440167094686,0,0.0,1,0.9607740054837065,0.010081050772306558,0.05577179526979852,0,0.0,1,,
null,255,0.8430202408491867,0.1736986153442934,0.05834298217388763,1,0.0,0,0.8846091739764314,-0.1004793072318528,0.06701792755889925,0,0.0,1,0.9394451302360113,-0.053730381804215854,0.050963243442706876,0,0.0,1,,
null,256,0.7893200975162724,-0.011393459438662847,0.06777226027494251,0,0.0,1,0.6465795981314284,-0.01233971605792961,0.03588557881221232,0,0.0,1,0.9410601140579292,-0.05286289372730621,0.05809528517938176,0,0.0,1,,
null,257,0.8640575987990953,0.03302010526903093,0.07133059605139098,0,0.0,1,0.8480512500956506,-0.034391732906460165,0.06070518688087883,0,0.0,1,0.9520316680216836,0.005481025672042391,0.05248702541967681,0,0.0,1,,
null,258,0.7724097665044203,0.11271936059211005,0.05756264329101589,0,0.0,1,0.8124471306236377,0.10003789797360223,0.05633636097542931,0,0.0,1,0.9364488787680783,0.01657789210145674,0.05363849099301413,0,0.0,1,,
null,259,0.7470743816895121,-0.10351331200316209,0.05373226805874019,0,0.0,1,0.8465978746771731,-0.2045251782184403,0.061925502532775525,1,0.0,0,0.9075658963065929,0.03823264151621757,0.04574713166028876,0,0.0,1,,
null,260,0.7815336636357445,0.0835099036316649,0.06709178407498685,0,0.0,1,0.8495890858649772,-0.12656984275209138,0.07258485511319002,0,0.0,1,0.924414277134304,-0.054737287192368846,0.04839709498855848,0,0.0,1,,
null,261,0.8006441060108402,0.004038983055068708,0.04627363708338744,0,0.0,1,0.7977540701837748,0.14044473133873384,0.06516801950189484,1,0.0,0,0.9251142565038616,0.05662684951705817,0.05211017771116339,0,0.0,1,,
null,262,0.775374036365909,-0.1145693908962501,0.06141726374594837,0,0.0,1,0.8468331890795737,-0.05890810777461642,0.0654398230190278,0,0.0,1,0.9552297009854286,-0.03672084897099554,0.045345688474760865,0,0.0,1,,
null,263,0.6935245445102484,-0.12404617189570537,0.06888949269952152,0,0.0,1,0.8133418645079374,0.006856928167710346,0.061872582834568944,0,0.0,1,0.9058298935242202,-0.03623123655274414,0.05677598311565357,0,0.0,1,,
null,264,0.8511599098355956,-0.25595540630042724,0.060045747016047715,1,0.0,0,0.7883147446207647,0.03020941143306849,0.06574427012128387,0,0.0,1,0.9207522606187859,-0.02499108521374327,0.047747163475724885,0,0.0,1,,
null,265,0.8258215896967687,-0.08985375973371801,0.05482620658517314,0,0.0,1,0.7525786643332218,-0.013407257446950949,0.05762152191766616,0,0.0,1,0.9331013553418389,0.009795433343872355,0.06056130875098252,0,0.0,1,,
null,266,0.6414205544847756,0.009823293877367604,0.03826096969207737,0,0.0,1,0.8256126236067598,0.0014445244023411135,0.06360840865346183,0,0.0,1,0.9308826207269186,-0.02976310058748619,0.04826229073095227,0,0.0,1,,
null,267,0.7915615478612935,0.009564977228527847,0.05796230283434898,0,0.0,1,0.804313269335662,0.025755365959563858,0.06459777204534518,0,0.0,1,0.928949285350203,-0.05937733186508248,0.045343115473160146,0,0.0,1,,
null,268,0.7896385724914456,0.114642296415665,0.06502688300947118,0,0.0,1,0.767422852750508,0.009042142639718097,0.050606182352288996,0,0.0,1,0.95264469103874,0.014665771996001848,0.05092971955336115,0,0.0,1,,
null,269,0.8023871212411429,0.02795207438775217,0.0552393734926007,0,0.0,1,0.8412170516602143,0.14119320900194857,0.06235662800180387,1,0.0,0,0.9093522849753571,0.08475299317318376,0.044149327640263566,0,0.0,1,,
null,270,0.6517161883593479,0.03178287753375598,0.057339259208804075,0,0.0,1,0.8072552179749529,0.0028755933028114518,0.0678483952798567,0,0.0,1,0.948633577665444,0.031566290211862684,0.05081004026934106,0,0.0,1,,
null,271,0.756739249490531,-0.027992160510987112,0.059184737810021336,0,0.0,1,0.7601596015346235,-0.07029743612343356,0.051020172046162944,0,0.0,1,0.955970323440723,0.021925292836987298,0.05885680188962548,0,0.0,1,,
null,272,0.7904868798836406,-0.08885157529089369,0.055794261665589685,0,0.0,1,0.7581089897459256,-0.10416722328270202,0.06384178809618697,0,0.0,1,0.9352123288480728,0.1476936581763447,0.06103235219383383,1,0.0,0,,
null,273,0.6027678514550978,-0.05181909765350604,0.038482799355703756,0,0.0,1,0.7666719140950932,0.07495493250417064,0.06269811447709285,0,0.0,1,0.9035977192503634,-0.013785013942835116,0.04173124205475856,0,0.0,1,,
null,274,0.7566182770132003,-0.014015133976019523,0.0683625562300736,0,0.0,1,0.8404789282811356,-0.12935655939927407,0.06556321170466514,1,0.0,0,0.9351733521325394,0.01699599783166953,0.04708819878269703,0,0.0,1,,
null,275,0.8323169494937801,-0.06249341845401317,0.07377424689103632,0,0.0,1,0.8532303411359871,-0.13138114298924303,0.07267013346694269,0,0.0,1,0.8898768436765878,0.013534119079866201,0.03946457186565048,0,0.0,1,,
null,276,0.7556357088081852,-0.06271405298465904,0.057922729061373454,0,0.0,1,0.797190307657747,0.028145861956358587,0.0678088989022172,0,0.0,1,0.9280127963077275,-0.07154291343054583,0.05428477682149099,0,0.0,1,,
null,277,0.847040294417721,0.09337849744708394,0.07397092456482265,0,0.0,1,0.7467660587058431,-0.06032472554672008,0.05252382029247278,0,0.0,1,0.9453111161718892,0.045498981225712776,0.04745292308909564,0,0.0,1,,
null,278,0.822511749569312,-0.004641372578064491,0.06525583104295841,0,0.0,1,0.8176519937780249,-0.00010826031521296578,0.06631576629896868,0,0.0,1,0.9615478786698449,-0.0032563863204283466,0.05450541074907551,0,0.0,1,,
null,279,0.8411616879219354,0.060647009010645465,0.07204503559538815,0,0.0,1,0.7077373674310706,-0.10949539896195204,0.059771054505652566,0,0.0,1,0.9394360387296915,0.09396833437778061,0.05185612033483987,0,0.0,1,,
null,280,0.6964591723115275,0.2280101777111603,0.03759254511639763,1,0.0,0,0.6644842280173533,-0.004933794245165554,0.051315518746796386,0,0.0,1,0.9233806620145965,-0.1325421775055579,0.048147207652209076,1,0.0,0,,
null,281,0.7991295751967107,0.007511725586034169,0.05607675799726685,0,0.0,1,0.8241041770084457,-0.05356267575717706,0.07708119400261568,0,0.0,1,0.9476582734123682,-0.005090824323228967,0.05739277678972423,0,0.0,1,,
null,282,0.7566621959301785,-0.08289923267565752,0.06762109169094807,0,0.0,1,0.8490020090614313,0.008040779777782767,0.06383372883878181,0,0.0,1,0.9513739096806454,0.050443499336237485,0.053806728257249276,0,0.0,1,,
null,283,0.7608510764965479,0.08727230201844716,0.050386168377895564,0,0.0,1,0.8101019668111499,0.05219048889806314,0.06389207707691702,0,0.0,1,0.9086350017082017,-0.009457893144057015,0.045743569803398866,0,0.0,1,,
null,284,0.8168012944717657,0.065587688925705,0.06871438640905045,0,0.0,1,0.6518802590284963,0.03203570716939925,0.04234138971648127,0,0.0,1,0.9350046221413996,0.05466746072131045,0.043059035801121394,0,0.0,1,,
null,285,0.7625048753291562,-0.21090890387321587,0.06099382384504448,1,0.0,0,0.8159094198446114,-0.025670221514828943,0.0709572100851303,0,0.0,1,0.9422198107626714,-0.028157834247356843,0.056786468345798397,0,0.0,1,,
null,286,0.772960522979725,-0.1294613759993254,0.057317120315384246,1,0.0,0,0.7860919395428703,0.09051904637551664,0.0518007856566122,0,0.0,1,0.9638846586086379,0.04665022925701822,0.05665795661865997,0,0.0,1,,
null,287,0.7699873618976936,0.09283314388241082,0.06992580791361605,0,0.0,1,0.8035193319786493,0.1331711202975706,0.055451878230432114,1,0.0,0,0.9356761720147635,0.04347458013366929,0.05227627916391096,0,0.0,1,,
null,288,0.8059311649114939,0.018662342538047043,0.0563640886686237,0,0.0,1,0.7875586120437434,-0.04861316770444558,0.0822968138472441,0,0.0,1,0.9171979561935901,-0.020417015557111163,0.06259424227284693,0,0.0,1,,
null,289,0.7667209693456531,0.070530506773182,0.06212037720404502,0,0.0,1,0.8650477792170413,-0.02435721889493469,0.07169573678542492,0,0.0,1,0.9156735750163685,-0.03755605318782294,0.04630495177972869,0,0.0,1,,
null,290,0.8558136828745052,-0.16490248100103022,0.06725880295837258,1,0.0,0,0.8694426646647118,-0.08019389805914738,0.07221756177124979,0,0.0,1,0.9048117263911286,-0.02638353992954827,0.060467444025718076,0,0.0,1,,
null,291,0.7879927310651162,0.016792695229459167,0.054068632727823564,0,0.0,1,0.8326456018940089,-0.05089392755845709,0.06858991630105793,0,0.0,1,0.945631864665115,0.027481519073882993,0.05243834843933206,0,0.0,1,,
null,292,0.7941363570295312,0.06483613130042834,0.06404058672025827,0,0.0,1,0.9014424309208275,-0.028599041693329812,0.06140621559044392,0,0.0,1,0.9301949872395144,0.031460075584246426,0.04813957197574579,0,0.0,1,,
null,293,0.7933055645186613,-0.12461201529949059,0.05123144548175553,1,0.0,0,0.8353480086231148,-0.013184675178300308,0.07060814902884656,0,0.0,1,0.9554434437338423,0.05865848739453646,0.049506972482151315,0,0.0,1,,
null,294,0.7451415392330643,-0.1600539844178197,0.06658409002091098,1,0.0,0,0.8064895680722579,0.14537930768108437,0.07064235593484908,1,0.0,0,0.9402141361520796,-0.00940108727799028,0.05427497371755864,0,0.0,1,,
null,295,0.8394412792918055,-0.05277982204430799,0.06601881691742048,0,0.0,1,0.8056442785472471,-0.01647966997392739,0.06862372431904966,0,0.0,1,0.9179540016645072,-0.029922446858889118,0.04380695504890566,0,0.0,1,,
null,296,0.8263163492586638,-0.15842663673051338,0.06648669465560202,1,0.0,0,0.7307980326178567,-0.018277012878019767,0.05538907791614914,0,0.0,1,0.9097173537179384,0.007666229522363071,0.04751808879854113,0,0.0,1,,
null,297,0.782636283999685,0.006075303801674026,0.07740472538146535,0,0.0,1,0.7507089750601824,-0.09723523033574479,0.05243507973646283,0,0.0,1,0.9063733653890025,-0.1013332217487391,0.043447514842918845,1,0.0,0,,
null,298,0.8274944231504976,0.15546562508539558,0.058348316061179115,1,0.0,0,0.7172723956207604,-0.052783984114389455,0.04239376770399077,0,0.0,1,0.9595196043845277,0.026963847045138503,0.05658577628427731,0,0.0,1,,
null,299,0.8721229731404595,-0.15052488900118083,0.0990703605134627,0,0.0,1,0.8269678526702898,0.024424269327010816,0.06343112739398715,0,0.0,1,0.8607846764351768,-0.06396757193679646,0.05410083197998718,0,0.0,1,,
